REGN_GKO,Наименование кредитной организации,Год,Уставный капитал,Бухгалтерский собственный капитал,Добавочный капитал,Нераспределенная прибыль прошлых лет,Денежные средства,Средства на счетах в Центральном банке,Средства,Кредиты физическим лицам,Просроченная ссудная задолженность,Ценные бумаги,Долговые обязательства государственных и местных органов власти,Кредитный портфель,Кредиты юридическим лицам,Депозиты,Депозиты юридических лиц,Депозиты физических лиц,Резервы,Обязательные резервы Банка России,Процентные доходы,Процентные расходы,Доходы от участия в капитале других юридических лиц,Комиссионные доходы,Комиссионные расходы,Операционные расходы,Прочие операционные доходы,Возмещение (расход) по налогу на прибыль,Прибыль (убыток) за отчетный период,Бессрочные долговые инструменты,Бессрочные облигации,Конвертируемые облигации,Субординированные долговые обязательства,Субординированные обязательства,Внеоборотные активы,Оборотные активы,Краткосрочные обязательства,Долгосрочные обязательства,Итог баланса,Ликвидные ценные бумаги,Процентные доходы от размещения средств в кредитных организациях,Процентные доходы от ссуд клиентам,Процентные доходы от вложений в ценные бумаги и иные финансовые активы,Процентные расходы по привлеченным средствам кредитных организаций,Процентные расходы по привлеченным средствам клиентов,Процентные расходы по выпущенным ценным бумагам и иным финансовым активам,Чистые процентные доходы (отрицательная процентная маржа),Чистые доходы от операций с финансовыми активами по справедливой стоимости через прибыль или убыток,Чистые доходы от операций с финансовыми активами по амортизированной стоимости,Чистые доходы от операций с финансовыми активами по справедливой стоимости через прочий совокупный доход,Чистые доходы от операций с финансовыми обязательствами по справедливой стоимости через прибыль или убыток,Чистые доходы от операций с драгоценными металлами,Чистые доходы от операций с иностранной валютой,Чистые доходы от переоценки иностранной валюты,Чистые доходы (расходы),Изменение резерва по ссудам,Изменение резерва по прочим потерям,Изменение резерва по ценным бумагам через прочий совокупный доход,Изменение резерва по ценным бумагам по амортизированной стоимости,Прибыль (убыток) до налогообложения,Прибыль (убыток) от продолжающейся деятельности,Прибыль (убыток) от прекращенной деятельности,Прочий совокупный доход (убыток),Финансовый результат за отчетный период,Н1.1,Н1.2,Н1.0,Н1.4,Н1.3,Н1,Н2,Н3,Н4,Н7,Н9.1,Н10.1,Н12,Н15,Н15.1,Н16,Н16.1,Н16.2,Н18,Н17,Н19,Высоколиквидные активы,Негосударственные ценные бумаги,Оборот по корреспондентским счетам,Депозиты физических лиц до 30 дней,Расходы на содержание аппарата,Собственные средства (капитал),Квартал,Отчётная дата,Период,N 6,N 6 — форма цб,Капитал ниже минимума,Неисполнение требования о капитале,Неспособность исполнять обязательства,Санация,Нарушение обязательных нормативов,Дефолт,Дата события,Тип события,Статус проверки,Количество подтверждающих источников,Ссылки на подтверждающие документы
1,ЗАО ЮНИКРЕДИТ БАНК,2007,4540424.0,8294906.0,2123567.0,,3933755.0,17511566.0,29602701.0,20710361.0,431207.0,38423265.0,0.0,139773766.0,118551086.0,96402985.0,83284905.0,11001049.0,3187.0,3527043.0,11655268.0,2080306.0,0.0,4042688.0,3905758.0,86446964.0,2325.0,343.0,5439182.0,,,,,,,,,,,,,,,,,,,,,,,,,,,,,,,,,,,,,,,,,,,,,,,,,,,,,,,,,,,,,,,1,2007-01-01,2007-Q1,,,,,,,,,,,Требуется ручная проверка,0,
1,ЗАО ЮНИКРЕДИТ БАНК,2007,7819685.0,10980448.0,2123567.0,,3916830.0,6462751.0,28213270.0,23802439.0,611203.0,54015717.0,0.0,146959270.0,122464508.0,89540786.0,74869005.0,12504605.0,586.0,4339921.0,3834413.0,686696.0,0.0,1677374.0,1535586.0,22420059.0,3142.0,132.0,2483479.0,,,,,,,,,,,,,,,,,,,,,,,,,,,,,,,,,,,,,,,,,,,,,,,,,,,,,,,,,,,,,,,2,2007-04-01,2007-Q2,,,,,,,,,,,Требуется ручная проверка,0,
1,ЗАО ЮНИКРЕДИТ БАНК,2007,7819685.0,11988712.0,2425357.0,,3945904.0,5943551.0,21205326.0,29153351.0,825593.0,59992495.0,0.0,168801953.0,138710250.0,107976681.0,92450772.0,13071454.0,1574.0,4753821.0,8031720.0,1334834.0,0.0,3154730.0,3274636.0,48271582.0,6003.0,132.0,4292722.0,,,,,,,,,,,,,,,,,,,,,,,,,,,,,,,,,,,,,,,,,,,,,,,,,,,,,,,,,,,,,,,3,2007-07-01,2007-Q3,,,,,,,,,,,Требуется ручная проверка,0,
1,ЗАО ЮНИКРЕДИТ БАНК,2007,15438170.0,19598771.0,2425357.0,,3725261.0,4589172.0,21603257.0,35439212.0,1098080.0,59761986.0,0.0,201104030.0,164403822.0,110176008.0,93836436.0,13729495.0,1040.0,5899817.0,12784613.0,2063716.0,0.0,5052777.0,5356970.0,91089682.0,14686.0,1714.0,5926879.0,,,,,,,,,,,,,,,,,,,,,,,,,,,,,,,,,,,,,,,,,,,,,,,,,,,,,,,,,,,,,,,4,2007-10-01,2007-Q4,,,,,,,,,,,Требуется ручная проверка,0,
1,ЗАО ЮНИКРЕДИТ БАНК,2008,15438170.0,19591150.0,2425357.0,,4448915.0,15124543.0,12466393.0,42931617.0,1381347.0,49185296.0,0.0,229253643.0,184742211.0,122662372.0,104671724.0,15847133.0,1341.0,5074550.0,18474011.0,2842045.0,0.0,8625879.0,8047657.0,132136185.0,23679.0,1714.0,8514290.0,,,,,,,,,,,,,,,,,,,,,,,,,,,,,,,,,,,,,,,,,,,,,,,,,,,,,,,,,,,,,,,1,2008-01-01,2008-Q1,,,,,,,,,,,Требуется ручная проверка,0,
1,ЗАО ЮНИКРЕДИТ БАНК,2008,15438170.0,19519765.0,2303022.0,594739.0,4576255.0,9911339.0,78573264.0,50501663.0,1727777.0,28907114.0,0.0,261042086.0,208576740.0,175126703.0,156222207.0,16128570.0,1935.0,6573711.0,7211293.0,3787898.0,0.0,3148984.0,1612831.0,43634191.0,8892960.0,0.0,3132500.0,,,,,,,,,,,,27694.0,5915265.0,597165.0,812098.0,2588412.0,28997.0,,,,,,,,,,,,,,,,,,,,,,,,,,,,,,,,,,,,,,,,,,,,,,2,2008-04-01,2008-Q2,,,,,,,,,,,Требуется ручная проверка,0,
1,ЗАО ЮНИКРЕДИТ БАНК,2008,15438170.0,34974289.0,2303022.0,15731352.0,4622518.0,2559053.0,43533941.0,60166215.0,2311860.0,21763950.0,0.0,301575805.0,238819804.0,158861371.0,136711231.0,16771398.0,3045.0,6821545.0,15046928.0,7910363.0,32227.0,7863012.0,4623711.0,90933078.0,19610820.0,0.0,5845761.0,,,,,,,,,,,,47381.0,12640991.0,1094025.0,1569851.0,5560051.0,31158.0,,,,,,,,,,,,,,,,,,,,,,,,,,,,,,,,,,,,,,,,,,,,,,3,2008-07-01,2008-Q3,,,,,,,,,,,Требуется ручная проверка,0,
1,ЗАО ЮНИКРЕДИТ БАНК,2008,23064358.0,42600477.0,2303022.0,15731352.0,5130550.0,16200315.0,52689331.0,71285753.0,4156467.0,20339708.0,0.0,357158563.0,281305790.0,178229973.0,158027825.0,16066782.0,5237.0,9346739.0,24313982.0,12998232.0,31670.0,14480974.0,14133116.0,184831053.0,35373092.0,0.0,9134018.0,,,,,,,,,,,,81113.0,20671548.0,1535974.0,2524052.0,9304389.0,32548.0,,,,,,,,,,,,,,,,,,,,,,,,,,,,,,,,,,,,,,,,,,,,,,4,2008-10-01,2008-Q4,,,,,,,,,,,Требуется ручная проверка,0,
1,ЗАО ЮНИКРЕДИТ БАНК,2009,23064358.0,42600477.0,2303022.0,15731352.0,5810070.0,10186837.0,84398598.0,77380262.0,6110810.0,21448831.0,0.0,395574322.0,311629265.0,155220760.0,136810628.0,13914842.0,8508.0,638277.0,37633865.0,21067927.0,34495.0,22910824.0,22481322.0,339452992.0,64029266.0,0.0,11931317.0,,,,,,,,,,,,95752.0,32217595.0,2095528.0,5669530.0,13847194.0,40128.0,,,,,,,,,,,,,,,,,,,,,,,,,,,,,,,,,,,,,,,,,,,,,,1,2009-01-01,2009-Q1,,,,,,,,,,,Требуется ручная проверка,0,
1,ЗАО ЮНИКРЕДИТ БАНК,2009,23064358.0,42600477.0,2303022.0,15731352.0,6842030.0,46837126.0,89043337.0,78846377.0,12738961.0,15227171.0,0.0,428702089.0,336533271.0,198553875.0,174025832.0,19513194.0,11793.0,748196.0,14297829.0,10281732.0,2.0,7275911.0,11035275.0,239154771.0,34131212.0,855620.0,3689475.0,,,,,,,,,,,,3774.0,12247896.0,551049.0,4878287.0,4979451.0,3434.0,,,,,,,,,,,,,,4545095.0,,,,,,,,,,,,,,,,,,,,,,,,,,,,,,,,2,2009-04-01,2009-Q2,,,,,,,,,,,Требуется ручная проверка,0,
1,ЗАО ЮНИКРЕДИТ БАНК,2009,23064358.0,50330623.0,2302870.0,23075143.0,6741135.0,62087940.0,80494624.0,67614214.0,18718638.0,15020177.0,0.0,382220196.0,295387452.0,222906265.0,199312823.0,19750073.0,1904.0,572914.0,25565424.0,18328179.0,28194.0,14159995.0,14328626.0,400795243.0,67658819.0,837585.0,1455995.0,,,,,,,,,,,,7405.0,22161738.0,964086.0,7610621.0,9856475.0,5599.0,,,,,,,,,,,,,,2293580.0,,,,,,,,,,,,,,,,,,,,,,,,,,,,,,,,3,2009-07-01,2009-Q3,,,,,,,,,,,Требуется ручная проверка,0,
1,ЗАО ЮНИКРЕДИТ БАНК,2009,23064358.0,50330623.0,2302862.0,23075151.0,6608337.0,6092886.0,144375455.0,62582850.0,24060726.0,17727038.0,0.0,362296133.0,275155783.0,229169517.0,204922198.0,20691879.0,5125.0,3105196.0,35359099.0,24448693.0,28452.0,17915732.0,16423819.0,593711554.0,95499741.0,1179655.0,3860642.0,,,,,,,,,,,,17230.0,30708533.0,1318141.0,9151652.0,14065066.0,8418.0,,,,,,,,,,,,,,5040297.0,,,,,,,,,,,,,,,,,,,,,,,,,,,,,,,,4,2009-10-01,2009-Q4,,,,,,,,,,,Требуется ручная проверка,0,
1,ЗАО ЮНИКРЕДИТ БАНК,2010,23064358.0,50330623.0,2302862.0,23075151.0,6809614.0,9454040.0,122135195.0,56763517.0,29891474.0,23614216.0,0.0,367082370.0,279956471.0,209472874.0,186718828.0,20057588.0,8377.0,2655932.0,44723863.0,29778064.0,29016.0,22682999.0,21184997.0,739109997.0,125381573.0,1257532.0,5799474.0,,,,,,,,,,,,20156.0,38637209.0,1767746.0,10280719.0,17937185.0,11725.0,,,,,,,,,,,,,,7057006.0,,,,,,,,,,,,,,,,,,,,,,,,,,,,,,,,1,2010-01-01,2010-Q1,,,,,,,,,,,Требуется ручная проверка,0,
1,ЗАО ЮНИКРЕДИТ БАНК,2010,23064358.0,50330623.0,2302862.0,23075151.0,6982686.0,8685062.0,127660468.0,53299655.0,37667245.0,25246212.0,0.0,363819542.0,272416160.0,203789118.0,182129031.0,19102385.0,1386.0,2460774.0,8772694.0,4213050.0,0.0,4442421.0,3305268.0,93846645.0,17142603.0,125299.0,2774307.0,,,,,,,,,,,,2171.0,7276329.0,517749.0,847863.0,3070585.0,3675.0,,,,,,,,,,,,,,2899606.0,,,,,,,,,,,,,,,,,,,,,,,,,,,,,,,,2,2010-04-01,2010-Q2,,,,,,,,,,,Требуется ручная проверка,0,
1,ЗАО ЮниКредит Банк,2010,23064358.0,51625716.0,2302834.0,24096701.0,6569269.0,9091169.0,90042418.0,52748893.0,35796022.0,65195530.0,0.0,372169638.0,283184161.0,189509919.0,167544793.0,19337280.0,3786.0,2434269.0,17805568.0,7827311.0,35059.0,14813400.0,12226301.0,237806988.0,39041813.0,1045752.0,2032255.0,,,,,,,,,,,,3483.0,14512791.0,1352218.0,1614938.0,5677356.0,7688.0,,,,,,,,,,,,,,3078007.0,,,,,,,,,,,,,,,,,,,,,,,,,,,,,,,,3,2010-07-01,2010-Q3,,,,,,,,,,,Требуется ручная проверка,0,
1,ЗАО ЮниКредит Банк,2010,23064358.0,51625716.0,2302834.0,24096701.0,6209745.0,5295983.0,96839918.0,53934742.0,35434159.0,70291020.0,0.0,380319232.0,290529735.0,181923465.0,161427570.0,17259741.0,1189.0,2049996.0,26813762.0,11053657.0,35063.0,24753195.0,20870413.0,333924329.0,62146133.0,1586601.0,5749500.0,,,,,,,,,,,,4829.0,21789850.0,2181546.0,2371219.0,7926541.0,35509.0,,,,,,,,,,,,,,7336101.0,,,,,,,,,,,,,,,,,,,,,,,,,,,,,,,,4,2010-10-01,2010-Q4,,,,,,,,,,,Требуется ручная проверка,0,
1,ЗАО ЮниКредит Банк,2011,,,,,,,,,,,,,,,,,,,36275945.0,14504805.0,35063.0,36868005.0,30888793.0,447471378.0,81439202.0,2617050.0,10845502.0,,,,,,,,,,,,6054.0,29666055.0,2673889.0,3129322.0,10297252.0,222627.0,,,,,,,,,,,,,,13462552.0,,,,,,,,,,,,,,,,,,,,,,,,,,,,,,,,1,2011-01-01,2011-Q1,,,,,,,,,,,Требуется ручная проверка,0,
1,ЗАО ЮниКредит Банк,2011,27264345.0,56716593.0,3193724.0,24096701.0,5949358.0,846792.0,159019801.0,57425689.0,30097241.0,48308661.0,0.0,392704117.0,304696502.0,184687645.0,164660079.0,16981688.0,1498.0,2922124.0,9105211.0,3476015.0,0.0,10302162.0,9566807.0,95885326.0,16292217.0,477464.0,2533636.0,,,,,,,,,,,,1250.0,7322185.0,520090.0,655998.0,2396613.0,267057.0,,,,,,,,,,,,,,3011100.0,,,,,,,,,,14.97,72.11,66.86,97.6,135.33,0.0,0.25,0.49,,,,,,,,,,,,,,,2,2011-04-01,2011-Q2,,,,,,,,,,,Требуется ручная проверка,0,
1,ЗАО ЮниКредит Банк,2011,,,,,,,,,,,,,,,,,,,18596623.0,7457187.0,12764.0,23750584.0,23110978.0,208037806.0,34514956.0,1184291.0,8298372.0,,,,,,,,,,,,2538.0,14711116.0,1216677.0,1457795.0,5131773.0,535819.0,,,,,,,,,,,,,,9482663.0,,,,,,,,,,15.02,76.98,64.44,96.66,168.26,0.0,0.22,17.11,,,,,,,,,,,,,,,3,2011-07-01,2011-Q3,,,,,,,,,,,Требуется ручная проверка,0,
1,ЗАО ЮниКредит Банк,2011,27264345.0,68592145.0,12974726.0,25716046.0,6167909.0,6529190.0,313551109.0,66458735.0,33523295.0,27902494.0,0.0,426594921.0,326103761.0,341245833.0,319962583.0,18417111.0,1363.0,6748044.0,29257570.0,12504818.0,1352577.0,39931463.0,38280140.0,393623007.0,49401998.0,1730296.0,13508649.0,,,,,,,,,,,,3912.0,22640044.0,1716364.0,2315178.0,8861916.0,832209.0,,,,,,,,,,,,,,15238945.0,,,,,,,,,,13.5,60.17,60.96,98.69,159.47,0.0,0.21,16.2,,,,,,115.61,76.47,0.0,,,,,,,4,2011-10-01,2011-Q4,,,,,,,,,,,Требуется ручная проверка,0,
1,ЗАО ЮниКредит Банк,2012,,,,,,,,,,,,,,,,,,,41859870.0,19231370.0,1352577.0,57117637.0,58658750.0,610680719.0,69961060.0,2582000.0,17374628.0,,,,,,,,,,,,4940.0,31754798.0,2189822.0,3204748.0,14029182.0,1233799.0,,,,,,,,,,,,,,19956628.0,,,,,,,,,,12.54,108.95,66.39,98.28,160.78,0.0,0.23,13.89,,,,,,110.27,76.21,0.0,,,,,,,1,2012-01-01,2012-Q1,,,,,,,,,,,Требуется ручная проверка,0,
1,ЗАО ЮниКредит Банк,2012,30438330.0,72263094.0,13471689.0,25716047.0,6859029.0,24973352.0,270245216.0,78724118.0,31767247.0,45384074.0,0.0,452841114.0,341849332.0,323605436.0,299926068.0,21209222.0,1721.0,8698053.0,12253594.0,7620702.0,0.0,9897272.0,8628464.0,152658714.0,23784303.0,866910.0,3225254.0,,,,,,,,,,,,690.0,9015287.0,666120.0,1398062.0,5344237.0,548829.0,,,,,,,,,,,,,,4092164.0,,,,,,,,,,12.47,113.39,74.68,88.69,181.78,0.0,0.22,15.24,,,,,,104.2,76.38,0.0,,,,,,,2,2012-04-01,2012-Q2,,,,,,,,,,,Требуется ручная проверка,0,
1,ЗАО ЮниКредит Банк,2012,30438330.0,87562102.0,13644841.0,40085611.0,6923241.0,3773642.0,279392738.0,87307419.0,30291285.0,46858041.0,0.0,483316099.0,365185965.0,335773351.0,307154519.0,25699394.0,1803.0,7465567.0,24515406.0,14857552.0,65360.0,22359493.0,20844224.0,344013969.0,35784642.0,1258572.0,7171951.0,,,,,,,,,,,,1574.0,18518519.0,1468441.0,2892042.0,9810833.0,1247489.0,,,,,,,,,,,,,,8430523.0,,,,,,,,,,12.26,56.72,73.29,92.33,186.08,0.0,0.2,12.7,,,,,,100.89,68.29,0.0,,,,,,,3,2012-07-01,2012-Q3,,,,,,,,,,,Требуется ручная проверка,0,
1,ЗАО ЮниКредит Банк,2012,30438330.0,81917020.0,7999757.0,40085613.0,6903391.0,5932812.0,272592106.0,94814339.0,29390153.0,48046578.0,0.0,475619572.0,350873461.0,327539555.0,298693855.0,25593356.0,1707.0,7083528.0,35946189.0,21034283.0,65360.0,34818231.0,33636774.0,529379066.0,51330428.0,2846661.0,15077017.0,,,,,,,,,,,,2665.0,28259710.0,2309506.0,4381634.0,13183227.0,1955497.0,,,,,,,,,,,,,,17923678.0,,,,,,,,,,12.81,74.58,72.89,94.09,163.55,0.0,0.2,7.56,,,,,,105.04,65.74,0.0,,,,,,,4,2012-10-01,2012-Q4,,0409135,,,,,,,,,Требуется ручная проверка,0,
1,ЗАО ЮниКредит Банк,2013,40438324.0,92133703.0,8216446.0,40085613.0,7133526.0,4651947.0,179180875.0,103435894.0,28812212.0,52136857.0,0.0,499487180.0,366729558.0,339256560.0,296716519.0,26593352.0,1563.0,6464072.0,46269640.0,27306840.0,65360.0,42041557.0,38672753.0,651361987.0,68362802.0,3444785.0,18802763.0,,,,,,,,,,,,3999.0,38560053.0,3256496.0,5824782.0,16340797.0,2787436.0,,,,,,,,,,,,,,22247548.0,,,,,,,,,,13.25,85.76,84.55,95.1,149.74,0.0,0.17,6.89,,,,,,107.95,0.0,0.0,,,,,,,1,2013-01-01,2013-Q1,,,,,,,,,,,Требуется ручная проверка,0,
1,ЗАО ЮниКредит Банк,2013,40438324.0,93979607.0,10062350.0,40085613.0,7371018.0,21716900.0,131418295.0,109275340.0,29848165.0,54999601.0,0.0,513644165.0,373937192.0,302602473.0,260353832.0,28931282.0,1710.0,6726795.0,12191511.0,6488797.0,0.0,5696599.0,4234238.0,91409300.0,15164102.0,1135490.0,2423310.0,,,,,,,,,,,,1762.0,10641901.0,967290.0,1138772.0,3610973.0,1018733.0,,,,,,,,,,,,,,3558800.0,,,,,,,,,,13.35,116.69,89.65,79.28,147.86,0.0,0.17,6.66,,,,,,114.91,,,120506830.0,,,,,,2,2013-04-01,2013-Q2,,0409135,,,,,,,,,Требуется ручная проверка,0,
1,ЗАО ЮниКредит Банк,2013,40438324.0,111290890.0,10085711.0,57373535.0,7454103.0,11602138.0,151658734.0,115632496.0,29586625.0,41769668.0,0.0,527404220.0,381518164.0,314866603.0,271788966.0,30861114.0,2072.0,6588772.0,24675077.0,13199404.0,216113.0,14821932.0,13002673.0,246981968.0,29130529.0,2037948.0,5081581.0,,,,,,,,,,,,4669.0,21949066.0,1751160.0,1894003.0,7316508.0,2301488.0,,,,,,,,,,,,,,7119529.0,,,,,,,,,,14.14,60.49,83.01,75.32,121.7,0.0,0.16,6.39,,,,,,105.53,,,81804743.0,,,,,,3,2013-07-01,2013-Q3,,0409135,,,,,,,,,Требуется ручная проверка,0,
1,ЗАО ЮниКредит Банк,2013,40438324.0,111259211.0,10054032.0,57373535.0,7303123.0,6822266.0,133086120.0,122512512.0,33376271.0,51288804.0,0.0,553191917.0,396601044.0,303942078.0,263430973.0,32485725.0,1838.0,6085163.0,37629336.0,19782231.0,216115.0,21868224.0,18537250.0,366237588.0,43545080.0,2410870.0,12367578.0,,,,,,,,,,,,6493.0,33652522.0,2638687.0,2702164.0,10774360.0,3510305.0,,,,,,,,,,,,,,14778448.0,,,,,,,,,,14.13,79.67,73.28,83.97,108.0,0.0,0.15,5.98,,,,,,114.14,,,70960149.0,,,,,,4,2013-10-01,2013-Q4,,0409135,,,,,,,,,Требуется ручная проверка,0,
1,ЗАО ЮниКредит Банк,2014,40438324.0,108446302.0,7241123.0,57373535.0,7487652.0,8776987.0,172019645.0,132834069.0,35729898.0,52976499.0,0.0,549038914.0,379747768.0,351899069.0,305534025.0,33132049.0,1670.0,6002462.0,50923775.0,26280353.0,217771.0,28709442.0,23669163.0,477421423.0,57344037.0,4600226.0,19402868.0,,,,,,,,,,,,9959.0,45458485.0,3602577.0,3391303.0,14430393.0,4538904.0,,,,,,,,,,,,,,24003094.0,,,,,,,,,,14.51,74.62,87.6,75.98,110.93,0.0,0.18,0.0,,,,,,106.23,,,64591149.0,,,,,,1,2014-01-01,2014-Q1,,,,,,,,,,,Требуется ручная проверка,0,
1,ЗАО ЮниКредит Банк,2014,40438324.0,109523443.0,8318264.0,57373535.0,8236535.0,13324645.0,152417216.0,141313844.0,36422405.0,78725232.0,0.0,547345071.0,368919948.0,339107215.0,295427669.0,35145113.0,1502.0,5291893.0,13468817.0,6887025.0,0.0,8253404.0,7596951.0,157328760.0,25628137.0,310054.0,5391807.0,0.0,0.0,,6197861.0,6197861.0,,,,,,,1943.0,11521224.0,1337940.0,815721.0,3911800.0,1038870.0,,,,,,,,,,,,,,5701861.0,,,,,12.11,12.12,13.74,,,,108.36,104.0,72.84,98.21,0.0,0.17,0.19,,,,,,103.66,,,113641885.0,,,,,132146432.0,2,2014-04-01,2014-Q2,,,,,,,,,,,Требуется ручная проверка,0,
1,ЗАО ЮниКредит Банк,2014,40438324.0,,0.0,72860518.0,,,,,,,,,,,,,,,28414149.0,14964850.0,1.0,15641164.0,12648882.0,304397793.0,42417873.0,808550.0,5695042.0,0.0,0.0,,6197861.0,6197861.0,,,,,,,4468.0,24511842.0,2686460.0,1962434.0,8456314.0,2143736.0,,,,,,,,,,,,,,6503592.0,,,,,12.04,12.06,13.59,,,,108.73,74.22,106.12,142.71,0.0,0.17,0.19,,,,,,101.1,,,149202656.0,,,,,131367831.0,3,2014-07-01,2014-Q3,,,,,,,,,,,Требуется ручная проверка,0,
1,ЗАО ЮниКредит Банк,2014,40438324.0,133299952.0,12806744.0,76661564.0,9246955.0,19014636.0,142510337.0,153343268.0,40315037.0,73162510.0,0.0,667439393.0,473112736.0,402061819.0,356401238.0,41961366.0,1419.0,4842498.0,45142210.0,24275327.0,1.0,24333925.0,19090178.0,514019724.0,72150198.0,817522.0,8963389.0,0.0,0.0,,6197861.0,6197861.0,,,,,,,6947.0,38792200.0,4019354.0,3410173.0,13742969.0,3494967.0,,,,,,,,,,,,,,9780911.0,,,,,10.86,10.87,12.0,,,,96.0,73.87,88.73,229.67,0.0,0.19,0.19,,,,,,113.78,,,103888687.0,,,,,130659913.0,4,2014-10-01,2014-Q4,,,,,,,,,,,Требуется ручная проверка,0,
1,АО ЮниКредит Банк,2015,40438324.0,135292257.0,14799048.0,76661565.0,10155562.0,18994849.0,223277181.0,150488148.0,43094297.0,76203762.0,0.0,798628407.0,604297190.0,541531061.0,482761610.0,54311875.0,1556.0,5364707.0,65385242.0,36433240.0,1.0,89864852.0,67023583.0,1626948005.0,168352313.0,1765415.0,8873092.0,0.0,0.0,,6197861.0,6197861.0,,,,,,,11193.0,55911271.0,5401636.0,5990480.0,20547972.0,4873803.0,,,,,,,,,,,,,,10638507.0,,,,,11.74,11.75,13.23,,,,112.89,66.71,96.96,180.1,0.0,0.19,0.18,,,,,,106.66,,,128101781.0,,,,,134026196.0,1,2015-01-01,2015-Q1,,,,,,,,,,,Требуется ручная проверка,0,
1,АО ЮниКредит Банк,2015,40438324.0,135594136.0,15100927.0,76661565.0,13176155.0,27607903.0,258428343.0,142449414.0,47131818.0,66960439.0,26546091.0,887058472.0,696708597.0,664310830.0,583029075.0,76453415.0,1035.0,6908971.0,23426605.0,18618669.0,0.0,31581638.0,24606837.0,825447145.0,52705714.0,68570.0,2586674.0,0.0,0.0,,33538610.0,33538610.0,,,,,,,4244.0,18786055.0,1421335.0,3800443.0,11404033.0,1304527.0,,,,,,,,,,,,,,2655244.0,,,,,11.33,11.34,14.99,,,,212.15,170.01,67.32,148.27,0.0,0.15,0.3,,,,,,102.37,,,111106227.0,,,,,164880268.0,2,2015-04-01,2015-Q2,,,,,,,,,,,Требуется ручная проверка,0,
1,АО ЮниКредит Банк,2015,40438324.0,142227413.0,13727843.0,84667926.0,11120961.0,9734379.0,268647569.0,129933718.0,56854153.0,64796998.0,17979292.0,816007284.0,628525001.0,639112102.0,558178786.0,78411569.0,1241.0,5410992.0,43853185.0,33880742.0,3.0,56688949.0,49587122.0,1481170352.0,97287477.0,2060121.0,241291.0,0.0,0.0,,32124620.0,32124620.0,,,,,,,9610.0,36128054.0,2832653.0,7140645.0,19846941.0,2401738.0,,,,,,,,,,,,,,2301412.0,,,,,10.19,10.19,13.41,,,,124.5,148.16,66.13,205.94,0.0,0.15,0.3,,,,,,105.53,,,92567480.0,,,,,162212763.0,3,2015-07-01,2015-Q3,,,,,,,,,,,Требуется ручная проверка,0,
1,АО ЮниКредит Банк,2015,40438324.0,,0.0,84667923.0,,,,,,,,,,,,,,,64966119.0,48454676.0,3.0,73489288.0,66702400.0,2119534341.0,135530660.0,2312815.0,4368643.0,0.0,0.0,,37276357.0,37276357.0,,,,,,,14905.0,53822005.0,4292573.0,9058271.0,29672122.0,3237155.0,,,,,,,,,,,,,,6681458.0,,,,,9.58,9.58,12.9,,,,140.19,230.5,65.23,239.16,0.0,0.16,0.29,,,,,,104.76,,,134010664.0,,,,,171433420.0,4,2015-10-01,2015-Q4,,,,,,,,,,,Требуется ручная проверка,0,
1,АО ЮниКредит Банк,2016,40438324.0,141199477.0,12687892.0,84679941.0,13897013.0,18016177.0,247177748.0,117142856.0,74888105.0,81630047.0,33981785.0,880762942.0,688043031.0,709690229.0,599391731.0,107990672.0,4102.0,4156474.0,86791886.0,62392516.0,3.0,96501943.0,84322069.0,2684434054.0,174191763.0,2606168.0,6003814.0,0.0,0.0,,40472418.0,40472418.0,,,,,,,20060.0,71941653.0,6071044.0,11398327.0,38301302.0,4026668.0,,,,,,,,,,,,,,8609982.0,,,,,9.38,9.38,12.94,,,,107.58,281.51,65.59,256.2,0.0,0.16,0.28,,,,,,103.93,,,103392344.0,,,,,173957602.0,1,2016-01-01,2016-Q1,,,,,,,,,,,Требуется ручная проверка,0,
1,АО ЮниКредит Банк,2016,40438324.0,141324057.0,12812472.0,84679941.0,14128851.0,35843182.0,292736440.0,109245772.0,82784059.0,85192719.0,26814618.0,914695352.0,721971019.0,761801225.0,629236634.0,126901535.0,2040.0,4153827.0,22265863.0,16164.0,0.0,543731.0,108597.0,852946823.0,7301579.0,122933.0,7809177.0,0.0,0.0,,37160891.0,37160891.0,,,,,,,6654.0,17863209.0,62395.0,16164.0,8454185.0,611581.0,,,,,,,,,,,,,,7932110.0,,,824008.0,8571132.0,10.13,10.13,13.77,,,,105.83,145.33,66.22,229.18,0.0,0.15,0.41,,,,,,107.44,,,295473736.0,,,,,179422719.0,2,2016-04-01,2016-Q2,,,,,,,,,,,Требуется ручная проверка,0,
1,АО ЮниКредит Банк,2016,40438324.0,,0.0,90588878.0,,,,,,,,,,,,,,,43204205.0,139449.0,0.0,1514241.0,139301.0,1377868617.0,16647600.0,2275065.0,4774010.0,0.0,0.0,,35530095.0,35530095.0,,,,,,,12624.0,34580261.0,85134.0,139449.0,16314903.0,1117094.0,,,,,,,,,,,,,,7049075.0,,,1789832.0,6371138.0,10.96,10.96,14.76,,,,85.84,185.06,61.58,262.18,0.0,0.15,0.42,,,,,,106.95,,,132085625.0,,,,,175427757.0,3,2016-07-01,2016-Q3,,,,,,,,,,,Требуется ручная проверка,0,
1,АО ЮниКредит Банк,2016,40438324.0,148724739.0,12348853.0,92544242.0,10206387.0,19743606.0,241890735.0,105008516.0,92938803.0,96105784.0,46161568.0,832605576.0,634038303.0,618298054.0,502954625.0,113993703.0,4546.0,4844769.0,63872514.0,202507.0,0.0,2035907.0,490773.0,1700824962.0,29705243.0,2317071.0,9368055.0,0.0,0.0,,30372730.0,30372730.0,,,,,,,19431.0,51936487.0,104389.0,202507.0,24037822.0,1600744.0,,,,,,,,,,,,,,11685126.0,,,2294136.0,11026541.0,11.73,11.73,15.23,,,,112.18,182.96,55.63,202.43,0.0,0.15,0.42,,,,,,110.27,,,177451052.0,,,,,174777501.0,4,2016-10-01,2016-Q4,,,,,,,,,,,Требуется ручная проверка,0,
1,АО ЮниКредит Банк,2017,40438324.0,148100701.0,11714292.0,92554765.0,10038718.0,23982394.0,227110510.0,106834939.0,92590399.0,97246106.0,39731383.0,811384821.0,611342348.0,622444937.0,500268211.0,108777502.0,5600.0,5725521.0,83495351.0,516436.0,0.0,3129268.0,632415.0,2034418116.0,39278180.0,2307122.0,16655124.0,0.0,0.0,,29169903.0,29169903.0,,,,,,,26151.0,69027148.0,160691.0,516436.0,30509257.0,1920528.0,,,,,,,,,,,,,,18962246.0,,,1937149.0,17768182.0,12.43,12.43,16.66,,,,145.6,220.25,58.81,166.76,0.0,0.14,0.41,,,,,,102.22,,,172647801.0,,,,,179247023.0,1,2017-01-01,2017-Q1,,,,,,,,,,,Требуется ручная проверка,0,
1,АО ЮниКредит Банк,2017,40438324.0,149191300.0,12804891.0,92554765.0,10534670.0,38865590.0,204245767.0,107349331.0,89976768.0,88797064.0,0.0,728487023.0,530531300.0,575291049.0,469839161.0,104091412.0,10321.0,9470559.0,18215880.0,5640.0,0.0,813479.0,830603.0,271896654.0,5416290.0,1067393.0,10951797.0,0.0,0.0,,27112132.0,27112132.0,,,,,,,6434.0,15933324.0,59629.0,5640.0,6269476.0,175069.0,,,,,,,,,,,,,,12019190.0,,,2655989.0,13168540.0,13.48,13.48,17.52,,,,195.369,203.851,55.108,135.571,0.0,0.155,0.532,,,,,,122.631,,,288459466.0,,,,,184495358.0,2,2017-04-01,2017-Q2,,,,,,,,,,,Требуется ручная проверка,0,
1,АО ЮниКредит Банк,2017,40438324.0,159898367.0,12482352.0,103584371.0,10194591.0,21927236.0,234033919.0,112493769.0,82605398.0,83816922.0,0.0,707612402.0,511852574.0,594298420.0,471477477.0,120447204.0,5706.0,9843200.0,36037296.0,10316.0,0.0,1496308.0,986859.0,540707017.0,9917403.0,3721369.0,16560150.0,0.0,0.0,,28414217.0,28414217.0,,,,,,,21640.0,31526269.0,94357.0,10316.0,13046893.0,352022.0,,,,,,,,,,,,,,20281519.0,,,2953647.0,18568529.0,13.21,13.21,17.79,,,,157.713,256.078,55.562,130.87,0.0,0.149,0.516,,,,,,113.333,,,297832931.0,,,,,190150581.0,3,2017-07-01,2017-Q3,,,,,,,,,,,Требуется ручная проверка,0,
1,АО ЮниКредит Банк,2017,40438324.0,159807046.0,12391030.0,103584372.0,10632751.0,58961893.0,184383478.0,116904643.0,80602720.0,86271010.0,0.0,730951517.0,532768772.0,553650503.0,412022636.0,137360322.0,8541.0,9567212.0,54124732.0,14938.0,0.0,2240482.0,1596208.0,764852312.0,13189291.0,5850926.0,22555399.0,0.0,0.0,,27900327.0,27900327.0,,,,,,,39458.0,47268015.0,236904.0,14938.0,19086001.0,530904.0,,,,,,,,,,,,,,28406325.0,,,3574900.0,24851574.0,14.537,14.537,18.192,,,,126.36,278.646,59.227,127.333,0.0,0.151,0.502,,,,,,105.738,,,186584161.0,,,,,195787243.0,4,2017-10-01,2017-Q4,,,,,,,,,,,Требуется ручная проверка,0,
1,АО ЮниКредит Банк,2018,40438324.0,159114171.0,11698155.0,103584372.0,9230905.0,26870755.0,193039771.0,120539094.0,77535803.0,126813277.0,,738285564.0,539529918.0,528514017.0,386738294.0,138969327.0,24773.0,8961109.0,73284148.0,623756.0,0.0,2974319.0,1824486.0,960375549.0,18926654.0,8629341.0,28031586.0,0.0,0.0,,27699936.0,27699936.0,,,,,,,57839.0,63411423.0,610182.0,623756.0,24606069.0,709803.0,,,,,,,,,,,,,,36660927.0,,,3829588.0,30446503.0,14.114,14.114,18.157,,,,117.094,224.919,64.478,121.662,0.0,0.15,0.489,,,,,,104.362,,,210610076.0,,,,,200874717.0,1,2018-01-01,2018-Q1,,,,,,,,,,,Требуется ручная проверка,0,
1,АО ЮниКредит Банк,2018,40438324.0,158829951.0,11413935.0,103584372.0,8936500.0,32202863.0,203715044.0,122980336.0,71325695.0,107341907.0,,759038653.0,564110170.0,523121507.0,389375238.0,130551504.0,10858.0,9294017.0,17841737.0,30977.0,0.0,633371.0,2137271.0,203289464.0,6573653.0,1522493.0,8000568.0,0.0,0.0,,27538690.0,27538690.0,,,,,,,15034.0,14807003.0,360276.0,30977.0,5241390.0,175029.0,,,,,,,,,,,,,,9523061.0,,,696453.0,6578903.0,15.171,15.171,18.617,13.218,,,129.566,156.418,60.603,129.236,0.0,0.143,3.495,,,,,,109.239,,,219218323.0,,,,,207731299.0,2,2018-04-01,2018-Q2,,,,,,,,,,,Требуется ручная проверка,0,
1,АО ЮниКредит Банк,2018,40438324.0,180264830.0,11746417.0,124686769.0,9910113.0,57720.0,293990131.0,132712979.0,72413633.0,116595708.0,,771983621.0,566161124.0,623143692.0,484513237.0,135925714.0,11985.0,10898521.0,37532906.0,79697.0,0.0,1154120.0,2308951.0,625611471.0,10364043.0,2329624.0,11201248.0,0.0,0.0,,30179601.0,30179601.0,,,,,,,50525.0,31498514.0,464812.0,79697.0,11366358.0,351982.0,,,,,,,,,,,,,,13530872.0,,,826374.0,8875464.0,14.246,14.246,18.057,12.611,,,197.754,187.032,61.075,116.728,0.0,0.141,3.495,,,,,,109.115,,,353918398.0,,,,,206001955.0,3,2018-07-01,2018-Q3,,,,,,,,,,,Требуется ручная проверка,0,
1,АО ЮниКредит Банк,2018,40438324.0,182240541.0,13722128.0,124686769.0,10427604.0,32470148.0,241338520.0,139455111.0,73337511.0,147042240.0,,813583742.0,599919655.0,687072896.0,542530767.0,140097056.0,12744.0,10042827.0,58561164.0,211369.0,0.0,1693421.0,2399557.0,927196080.0,15754187.0,4492786.0,14478886.0,0.0,0.0,,31542520.0,31542520.0,,,,,,,91863.0,49133766.0,692496.0,211369.0,18153114.0,516025.0,,,,,,,,,,,,,,18971672.0,,,918096.0,11425588.0,14.386,14.386,17.733,13.099,,,160.969,199.355,57.763,122.906,0.0,0.141,3.433,,,,,,,,,305883854.0,,,,,209735982.0,4,2018-10-01,2018-Q4,,,,,,,,,,,Требуется ручная проверка,0,
1,АО ЮниКредит Банк,2019,40438324.0,182835143.0,14316728.0,124686771.0,9605484.0,37135511.0,281052103.0,145554034.0,67156872.0,137689619.0,,867463020.0,653851135.0,736733124.0,583763025.0,148247255.0,7490.0,11708261.0,79111770.0,1163290.0,0.0,2294949.0,2469207.0,1191488181.0,21587600.0,3949867.0,20384971.0,0.0,0.0,,33408412.0,33408412.0,,,,,,,134732.0,66580420.0,811980.0,1163290.0,25273418.0,546634.0,,,,,,,,,,,,,,24334838.0,,,1123081.0,17116012.0,12.621,12.621,16.149,11.542,,,191.101,222.584,52.352,192.386,,0.144,3.313,,,,,,,,,241200452.0,,,,,217303893.0,1,2019-01-01,2019-Q1,,,,,,,,,,,Требуется ручная проверка,0,
1,АО ЮниКредит Банк,2019,40438324.0,186778389.0,14619472.0,128327273.0,9989760.0,36266260.0,287758427.0,151067621.0,68338949.0,136200879.0,,870494842.0,650062980.0,717683438.0,555096434.0,159031672.0,27109.0,12057289.0,21078607.0,177777.0,0.0,518419.0,599828.0,224296966.0,4800442.0,605422.0,1029752.0,0.0,0.0,,31130917.0,31130917.0,,,,,,,39036.0,18041665.0,127574.0,177777.0,7657857.0,1019.0,,,,,,,,,,,,,,1635174.0,,,1675855.0,2510797.0,13.597,13.597,16.465,11.678,,,147.949,252.017,47.044,178.822,,0.155,3.309,,,,,,,,,340010851.0,,,,,217612155.0,2,2019-04-01,2019-Q2,,,,,,,,,,,Требуется ручная проверка,0,
1,АО ЮниКредит Банк,2019,40438324.0,196621250.0,13870054.0,138919552.0,9701558.0,70678825.0,273248197.0,163512806.0,70198522.0,145386482.0,,873736211.0,638883137.0,862879011.0,688385144.0,171576358.0,11361.0,13323901.0,43224029.0,259673.0,0.0,1335880.0,1402706.0,405726046.0,12484059.0,3403781.0,3432396.0,0.0,0.0,,30333056.0,30333056.0,,,,,,,77960.0,36652439.0,239806.0,259516.0,16287301.0,2041.0,,,,,,,,,,,,,,6836177.0,,,3603181.0,6199409.0,13.837,13.837,16.797,12.224,,,157.503,264.193,48.025,169.076,,0.15,3.42,,,,,,,,,311129473.0,,,,,210504654.0,3,2019-07-01,2019-Q3,,,,,,,,,,,Требуется ручная проверка,0,
1,АО ЮниКредит Банк,2019,40438324.0,195900190.0,13150276.0,138918270.0,10403053.0,29303751.0,235561177.0,171649236.0,65155055.0,135925682.0,,890010376.0,651970680.0,714911650.0,525344986.0,188058989.0,14679.0,12554411.0,64556556.0,525314.0,0.0,1786216.0,2378503.0,611972983.0,17495459.0,4290060.0,7525774.0,0.0,0.0,,30977462.0,30977462.0,,,,,,,113718.0,54685857.0,255489.0,524920.0,24444402.0,2453.0,,,,,,,,,,,,,,11815834.0,,,4636994.0,10255438.0,13.533,13.533,16.825,11.855,,,128.49,263.839,49.563,153.054,,0.148,3.319,,,,,,,,,245813110.0,,,,,216907416.0,4,2019-10-01,2019-Q4,,,,,,,,,,,Требуется ручная проверка,0,
1,АО ЮниКредит Банк,2020,40438324.0,197232477.0,14456306.0,138944527.0,8091843.0,50471872.0,243438735.0,180289369.0,62490992.0,137228464.0,,862151383.0,618036845.0,708962674.0,530214738.0,177384841.0,18722.0,11977487.0,84882403.0,1479142.0,0.0,2264679.0,2464698.0,774141389.0,23372002.0,4352348.0,9010619.0,0.0,0.0,,29770451.0,29770451.0,,,,,,,138377.0,71990939.0,269134.0,1472682.0,30762034.0,2453.0,,,,,,,,,,,,,,13362967.0,,,6572150.0,13472463.0,14.128,14.128,17.84,13.026,,,196.388,307.083,44.407,135.661,,0.151,3.286,,,,,,,,,217032195.0,,,,,219142203.0,1,2020-01-01,2020-Q1,,,,,,,,,,,Требуется ручная проверка,0,
1,АО ЮниКредит Банк,2020,40438324.0,209493153.0,23489244.0,142172265.0,7875496.0,47928998.0,399217985.0,187831120.0,56870172.0,126350123.0,,801366192.0,555228775.0,646477601.0,474497675.0,170381625.0,22496.0,10322073.0,18896530.0,196290.0,0.0,471463.0,2592227.0,560986420.0,3101167.0,1968347.0,5184389.0,0.0,0.0,,0.0,0.0,,,,,,,20685.0,15738922.0,37703.0,196151.0,5587071.0,0.0,,,,,,,,,,,,,,7152736.0,,,7990216.0,3649237.0,13.864,13.864,14.841,10.916,,,186.645,202.931,51.488,160.134,,,3.636,,,,,,,,,428476952.0,,,,,198044259.0,2,2020-04-01,2020-Q2,,,,,,,,,,,Требуется ручная проверка,0,
1,АО ЮниКредит Банк,2020,40438324.0,225692541.0,30036829.0,151824068.0,17885254.0,50753978.0,282988890.0,179313522.0,60668602.0,119615770.0,,855962511.0,614589375.0,779357607.0,623958999.0,153588163.0,22865.0,13493187.0,36608038.0,1040252.0,0.0,912725.0,3158296.0,894440613.0,6691259.0,4701585.0,2782407.0,0.0,0.0,,0.0,0.0,,,,,,,25675.0,30758078.0,71016.0,1040031.0,11669085.0,0.0,,,,,,,,,,,,,,7483992.0,,,9633815.0,3587361.0,15.677,15.677,16.971,11.84,,,226.102,268.706,47.139,119.411,,,3.597,,,,,,,,,443498752.0,,,,,200172075.0,3,2020-07-01,2020-Q3,,,,,,,,,,,Требуется ручная проверка,0,
1,АО ЮниКредит Банк,2020,40438324.0,225020301.0,29364565.0,151824092.0,15779096.0,49006867.0,298643909.0,165713065.0,61222398.0,93382137.0,,753300599.0,524975103.0,662308451.0,517258500.0,142976519.0,21760.0,12075072.0,52342867.0,1217030.0,0.0,1606807.0,3199711.0,1234299134.0,10963099.0,2891418.0,6813937.0,0.0,0.0,,0.0,0.0,,,,,,,28588.0,43689539.0,97874.0,1216143.0,15280882.0,0.0,,,,,,,,,,,,,,9705355.0,,,9050746.0,6591686.0,15.754,15.754,16.739,12.286,,,158.813,340.291,46.295,131.536,,,3.648,,,,,,,,,365176396.0,,,,,197368837.0,4,2020-10-01,2020-Q4,,,,,,,,,,,Требуется ручная проверка,0,
1,АО ЮниКредит Банк,2021,40438324.0,215389085.0,27854673.0,143702768.0,14903774.0,58271092.0,291531932.0,152435760.0,57875669.0,111182065.0,,700410237.0,488659511.0,634031953.0,500093404.0,132140589.0,21218.0,12199528.0,67119081.0,1533761.0,0.0,2210802.0,3338953.0,1533592951.0,16252276.0,1741509.0,10289344.0,0.0,0.0,,0.0,0.0,,,,,,,31484.0,55421690.0,134641.0,1531614.0,18476301.0,0.0,,,,,,,,,,,,,,12030853.0,,,8149566.0,10303996.0,16.892,16.892,18.894,13.171,,,180.433,447.926,44.904,115.426,,,3.445,,,,,,,,,342013212.0,,,,,208660634.0,1,2021-01-01,2021-Q1,,,,,,,,,,,Требуется ручная проверка,0,
1,АО ЮниКредит Банк,2021,40438324.0,210951170.0,23416758.0,143702768.0,13381608.0,38012089.0,311127270.0,146895071.0,56782394.0,113847115.0,,735498209.0,530382213.0,612834738.0,486933321.0,124089406.0,36135.0,11709720.0,14071171.0,32963.0,0.0,411805.0,545088.0,236113488.0,3930659.0,727334.0,4666464.0,0.0,0.0,,0.0,0.0,,,,,,,2447.0,10993721.0,23572.0,32028.0,3024018.0,0.0,,,,,,,,,,,,,,5393798.0,,,1890279.0,1813586.0,17.181,17.181,18.1,14.178,,,154.87,543.247,41.101,137.151,,,3.431,,,,,,,,,321013679.0,,,,,209493689.0,2,2021-04-01,2021-Q2,,,,,,,,,,,Требуется ручная проверка,0,
1,АО ЮниКредит Банк,2021,40438324.0,210004360.0,22467815.0,143704901.0,12768582.0,56174124.0,295899010.0,149794702.0,51675524.0,121236383.0,,761497915.0,558602839.0,616730118.0,495350319.0,119682718.0,29818.0,11531097.0,28619407.0,170319.0,0.0,1067618.0,727808.0,456520679.0,10057344.0,1230757.0,10055670.0,0.0,0.0,,0.0,0.0,,,,,,,4852.0,22304226.0,72526.0,169384.0,6832020.0,0.0,,,,,,,,,,,,,,11286427.0,,,2438777.0,7733585.0,16.317,16.317,17.659,13.346,,,131.588,481.415,42.121,142.427,,,3.547,,,,,,,,,319383324.0,,,,,202636309.0,3,2021-07-01,2021-Q3,,,,,,,,,,,Требуется ручная проверка,0,
1,АО ЮниКредит Банк,2021,40438324.0,210341798.0,22805253.0,143704901.0,11555118.0,52582956.0,213640934.0,151702161.0,41163611.0,105594299.0,,726423448.0,532139338.0,514327793.0,388040159.0,124664195.0,32280.0,10641223.0,43477687.0,240468.0,0.0,1664834.0,903275.0,617769596.0,14185113.0,1653641.0,16392627.0,0.0,0.0,,0.0,0.0,,,,,,,7120.0,34102041.0,169934.0,235059.0,11080232.0,0.0,,,,,,,,,,,,,,18046268.0,,,2539521.0,13187625.0,17.978,17.978,19.07,14.488,,,133.302,447.895,42.553,126.023,,,3.443,,,,,,,,,280357239.0,,,,,209139278.0,4,2021-10-01,2021-Q4,,,,,,,,,,,Требуется ручная проверка,0,
1000,ОАО БАНК ВТБ,2007,52111124.0,116353809.0,27755368.0,,6953931.0,12453380.0,93084921.0,3372828.0,20203002.0,112571097.0,4259095.0,386736076.0,363155826.0,202806368.0,124151226.0,52599818.0,7759.0,9447356.0,39844631.0,10983104.0,28405.0,44336399.0,6673216.0,284036514.0,98803.0,0.0,24728713.0,,,,,,,,,,,,,,,,,,,,,,,,,,,,,,,,,,,,,,,,,,,,,,,,,,,,,,,,,,,,,,,1,2007-01-01,2007-Q1,,,,,,,,,,,Требуется ручная проверка,0,
1000,ОАО БАНК ВТБ,2007,52111124.0,123527406.0,35211924.0,,7087170.0,10933374.0,97941191.0,2893868.0,20617237.0,116227593.0,4259095.0,390175403.0,366660160.0,213733287.0,143024877.0,47585186.0,7754.0,9783541.0,11438766.0,2712372.0,0.0,7787840.0,3322581.0,53932319.0,14993.0,0.0,4207025.0,,,,,,,,,,,,,,,,,,,,,,,,,,,,,,,,,,,,,,,,,,,,,,,,,,,,,,,,,,,,,,,2,2007-04-01,2007-Q2,,,,,,,,,,,Требуется ручная проверка,0,
1000,ОАО БАНК ВТБ,2007,67241385.0,329751868.0,226651349.0,,7130062.0,12784510.0,119510021.0,2382888.0,20974241.0,160179088.0,15376775.0,418655545.0,395295571.0,240900846.0,183211668.0,34107351.0,7830.0,13912364.0,24155818.0,7125589.0,0.0,22266873.0,5245456.0,129260981.0,86541.0,0.0,7940668.0,,,,,,,,,,,,,,,,,,,,,,,,,,,,,,,,,,,,,,,,,,,,,,,,,,,,,,,,,,,,,,,3,2007-07-01,2007-Q3,,,,,,,,,,,Требуется ручная проверка,0,
1000,ОАО БАНК ВТБ,2007,67241385.0,343173042.0,226651349.0,,6808061.0,25582276.0,152261490.0,1682829.0,22789246.0,166414756.0,7914108.0,527629035.0,503154214.0,282812448.0,226313696.0,30081348.0,7886.0,17643490.0,37291517.0,9542611.0,0.0,35290161.0,9485000.0,230276683.0,97010.0,0.0,13654034.0,,,,,,,,,,,,,,,,,,,,,,,,,,,,,,,,,,,,,,,,,,,,,,,,,,,,,,,,,,,,,,,4,2007-10-01,2007-Q4,,,,,,,,,,,Требуется ручная проверка,0,
1000,ОАО БАНК ВТБ,2008,67241385.0,342915349.0,226651349.0,,6212275.0,14233974.0,191113068.0,364617.0,21655946.0,184002893.0,7813945.0,699322211.0,677299146.0,460145151.0,363820993.0,22807411.0,7707.0,11541438.0,55832842.0,14086765.0,0.0,51081124.0,14876738.0,349447139.0,120133.0,0.0,25601133.0,,,,,,,,,,,,,,,,,,,,,,,,,,,,,,,,,,,,,,,,,,,,,,,,,,,,,,,,,,,,,,,1,2008-01-01,2008-Q1,,,,,,,,,,,Требуется ручная проверка,0,
1000,ОАО БАНК ВТБ,2008,67241385.0,346276970.0,230086009.0,45731958.0,5512933.0,64407746.0,183742278.0,144675.0,23003144.0,165031749.0,20945.0,842086789.0,818936584.0,489573603.0,372168904.0,14627711.0,7734.0,17908207.0,26296722.0,15953397.0,47881.0,16336527.0,10739990.0,180795852.0,17055330.0,0.0,3779348.0,,,,,,,,,,,,495922.0,21170970.0,2327907.0,5551308.0,6940024.0,1324634.0,,,,,,,,,,,,,,,,,,,,,,,,,,,,,,,,,,,,,,,,,,,,,,2,2008-04-01,2008-Q2,,,,,,,,,,,Требуется ручная проверка,0,
1000,ОАО БАНК ВТБ,2008,67241385.0,346276970.0,230085953.0,45732014.0,5846363.0,43053968.0,197535402.0,87491.0,23705946.0,154383939.0,20376.0,958075013.0,934279315.0,588386233.0,430831260.0,9935556.0,8420.0,23555283.0,55521265.0,35315542.0,4736587.0,27431649.0,20928931.0,349023219.0,32825864.0,0.0,15136317.0,,,,,,,,,,,,773022.0,45559245.0,4396053.0,10296655.0,15231753.0,4179138.0,,,,,,,,,,,,,,,,,,,,,,,,,,,,,,,,,,,,,,,,,,,,,,3,2008-07-01,2008-Q3,,,,,,,,,,,Требуется ручная проверка,0,
1000,ОАО БАНК ВТБ,2008,67241385.0,355244617.0,229771701.0,54869462.0,5478231.0,30273508.0,291140499.0,77065.0,22563642.0,132517370.0,21096.0,1025826366.0,1003183408.0,689241246.0,487034344.0,6697325.0,7597.0,25028826.0,90291660.0,58466706.0,5526846.0,47721167.0,46579507.0,722868848.0,53392130.0,0.0,16814015.0,,,,,,,,,,,,1753539.0,73564735.0,6228838.0,15449033.0,25926241.0,7245282.0,,,,,,,,,,,,,,,,,,,,,,,,,,,,,,,,,,,,,,,,,,,,,,4,2008-10-01,2008-Q4,,,,,,,,,,,Требуется ручная проверка,0,
1000,ОАО БАНК ВТБ,2009,67241385.0,355279740.0,229804908.0,54871378.0,6839485.0,79600621.0,373134309.0,48341.0,33475419.0,156068223.0,23696.0,1260624488.0,1227098311.0,707312924.0,466785111.0,6008370.0,9169.0,1930372.0,138858233.0,92424226.0,6139324.0,91503185.0,80022089.0,1324610424.0,103792135.0,0.0,34306691.0,,,,,,,,,,,,3295408.0,111162132.0,8496066.0,28108205.0,38838664.0,10373284.0,,,,,,,,,,,,,,,,,,,,,,,,,,,,,,,,,,,,,,,,,,,,,,1,2009-01-01,2009-Q1,,,,,,,,,,,Требуется ручная проверка,0,
1000,ОАО БАНК ВТБ,2009,67241385.0,368475555.0,243000636.0,54871465.0,7404803.0,365689605.0,316196525.0,47635.0,65994935.0,109982278.0,30661.0,1550089851.0,1484044289.0,706111833.0,449658709.0,6780675.0,10977.0,1550378.0,58089675.0,44851759.0,2266617.0,49040495.0,56102682.0,933277145.0,65029805.0,1271180.0,1991153.0,,,,,,,,,,,,1158565.0,48179969.0,3328533.0,26750262.0,9320955.0,3203643.0,,,,,,,,,,,,,,3262333.0,,,,,,,,,,,,,,,,,,,,,,,,,,,,,,,,2,2009-04-01,2009-Q2,,,,,,,,,,,Требуется ручная проверка,0,
1000,ОАО БАНК ВТБ,2009,67241385.0,371988656.0,246486393.0,54898809.0,5988019.0,18841601.0,293276107.0,19750.0,143015380.0,138483351.0,26596.0,1485703238.0,1342665630.0,714448841.0,503202864.0,7204001.0,9899.0,2346032.0,115211886.0,91003690.0,2347791.0,89523551.0,85066142.0,1508644960.0,145835391.0,9645020.0,26450489.0,,,,,,,,,,,,2109412.0,94732153.0,7744919.0,51682238.0,22251691.0,6170089.0,,,,,,,,,,,,,,16805469.0,,,,,,,,,,,,,,,,,,,,,,,,,,,,,,,,3,2009-07-01,2009-Q3,,,,,,,,,,,Требуется ручная проверка,0,
1000,ОАО БАНК ВТБ,2009,67241385.0,394781629.0,245390673.0,78787502.0,4973740.0,186109299.0,393452309.0,18410.0,182522048.0,172527228.0,27098.0,1617103839.0,1434560933.0,759560388.0,521893097.0,6693908.0,10100.0,10681016.0,172693129.0,134232371.0,10986953.0,123140226.0,111375165.0,2229570692.0,217769999.0,6363753.0,7923566.0,,,,,,,,,,,,2797002.0,143480995.0,12837836.0,69294709.0,38373470.0,9669089.0,,,,,,,,,,,,,,14287319.0,,,,,,,,,,,,,,,,,,,,,,,,,,,,,,,,4,2009-10-01,2009-Q4,,,,,,,,,,,Требуется ручная проверка,0,
1000,ОАО БАНК ВТБ,2010,104605413.0,567463422.0,380708379.0,78787561.0,4981715.0,78511364.0,409962748.0,16210.0,128499082.0,225209841.0,25595.0,1518907473.0,1390390024.0,698855119.0,491883056.0,6698777.0,10117.0,9704853.0,229491094.0,170536609.0,17045508.0,152891422.0,131883014.0,2727067897.0,263599945.0,6636059.0,27961025.0,,,,,,,,,,,,3324687.0,191360997.0,19518224.0,81563040.0,51927424.0,13228923.0,,,,,,,,,,,,,,34597084.0,,,,,,,,,,,,,,,,,,,,,,,,,,,,,,,,1,2010-01-01,2010-Q1,,,,,,,,,,,Требуется ручная проверка,0,
1000,ОАО БАНК ВТБ,2010,104605413.0,563929055.0,377173992.0,78787581.0,4628735.0,30192314.0,433479637.0,15199.0,152173661.0,200205684.0,25784.0,1474852301.0,1322663440.0,574536923.0,393518318.0,6922518.0,9586.0,9042410.0,47305587.0,29751234.0,414.0,15253389.0,28245026.0,338047654.0,38675700.0,580981.0,13827426.0,,,,,,,,,,,,38717.0,39440055.0,6015797.0,9649839.0,9790450.0,3668315.0,,,,,,,,,,,,,,14408407.0,,,,,,,,,,,,,,,,,,,,,,,,,,,,,,,,2,2010-04-01,2010-Q2,,,,,,,,,,,Требуется ручная проверка,0,
1000,ОАО Банк ВТБ,2011,,,,,,,,,,,,,,,,,,,181034444.0,112157322.0,10441774.0,118909380.0,129600487.0,1668719186.0,161039785.0,10145440.0,47647359.0,,,,,,,,,,,,144733.0,142362492.0,18627521.0,32413951.0,41606863.0,12774696.0,,,,,,,,,,,,,,57792799.0,,,,,,,,,,,,,,,,,,,,,,,,,,,,,,,,1,2011-01-01,2011-Q1,,,,,,,,,,,Требуется ручная проверка,0,
1000,ОАО Банк ВТБ,2011,104605413.0,595597624.0,391080496.0,95362047.0,5592685.0,26381157.0,733448227.0,12366.0,190063704.0,316875121.0,24842.0,1402443875.0,1212367805.0,949602128.0,640293537.0,8453653.0,1708.0,10407129.0,39519618.0,26045905.0,5466.0,27290505.0,12640220.0,384589541.0,35157980.0,1288888.0,12777097.0,,,,,,,,,,,,57138.0,29284548.0,5132773.0,8188576.0,9776604.0,2102378.0,,,,,,,,,,,,,,14065985.0,,,,,,,,,,18.01,70.21,132.05,80.98,274.91,0.0,0.0,2.46,,,,,,,,,,,,,,,2,2011-04-01,2011-Q2,,,,,,,,,,,Требуется ручная проверка,0,
1000,ОАО Банк ВТБ,2011,,,,,,,,,,,,,,,,,,,83189946.0,53225862.0,7338349.0,60828943.0,37243471.0,877739070.0,83749566.0,7936379.0,22117596.0,,,,,,,,,,,,147249.0,61521123.0,11800638.0,16154699.0,20866823.0,4146198.0,,,,,,,,,,,,,,30053975.0,,,,,,,,,,18.14,61.14,88.69,82.72,232.91,0.0,0.01,2.86,,,,,,,,,,,,,,,3,2011-07-01,2011-Q3,,,,,,,,,,,Требуется ручная проверка,0,
1000,ОАО Банк ВТБ,2011,104605413.0,625160215.0,383361710.0,131962821.0,6421862.0,40087866.0,721922649.0,20524.0,201837506.0,395300556.0,24770.0,1668321112.0,1466463082.0,1327875569.0,1048872526.0,12372664.0,1540.0,25008054.0,130558387.0,81937656.0,20077636.0,104080072.0,97514889.0,1709183926.0,179406480.0,3290945.0,20751343.0,,,,,,,,,,,,205385.0,96192718.0,18696033.0,24419821.0,34040110.0,6227141.0,,,,,,,,,,,,,,24042288.0,,,,,,,,,,13.52,45.69,63.7,84.51,359.92,0.0,0.01,3.18,,,,,,,,,,,,,,,4,2011-10-01,2011-Q4,,,,,,,,,,,Требуется ручная проверка,0,
1000,ОАО Банк ВТБ,2012,,,,,,,,,,,,,,,,,,,186393247.0,121910714.0,24285483.0,180355060.0,170415723.0,2705516428.0,294380968.0,9641352.0,21061116.0,,,,,,,,,,,,237542.0,136610357.0,25816248.0,36066507.0,53360508.0,8370186.0,,,,,,,,,,,,,,30702468.0,,,,,,,,,,11.24,51.42,57.38,94.47,428.72,0.0,0.01,23.0,,,,,,,,,,,,,,,1,2012-01-01,2012-Q1,,,,,,,,,,,Требуется ручная проверка,0,
1000,ОАО Банк ВТБ,2012,104605413.0,622348003.0,380517002.0,131995317.0,6350147.0,60272430.0,780505761.0,17922.0,197633836.0,331812875.0,24850.0,1911890242.0,1714238484.0,1168398498.0,876661640.0,12007932.0,532.0,30409111.0,55285605.0,43895059.0,6258180.0,81026500.0,65906129.0,651664880.0,97134610.0,3179626.0,9418841.0,,,,,,,,,,,,41272.0,40752407.0,5358669.0,14489396.0,19866008.0,2517973.0,,,,,,,,,,,,,,12598467.0,,,,,,,,,,12.67,34.55,72.27,86.81,387.86,0.0,0.0,19.93,,,,,,,,,,,,,,,2,2012-04-01,2012-Q2,,,,,,,,,,,Требуется ручная проверка,0,
1000,ОАО Банк ВТБ,2012,104605413.0,628153462.0,386322378.0,131995400.0,6634010.0,36765192.0,828988880.0,16917.0,191829664.0,401886530.0,27855.0,1943108111.0,1751261530.0,1332745546.0,938300903.0,10753402.0,784.0,27259937.0,109990626.0,85713162.0,19424348.0,145911084.0,128348868.0,1457524724.0,149798880.0,1419294.0,18632313.0,,,,,,,,,,,,161094.0,80539717.0,11246755.0,25428222.0,38145161.0,7593691.0,,,,,,,,,,,,,,20051607.0,,,,,,,,,,11.89,52.92,90.48,84.85,382.82,0.0,0.01,20.92,,,,,,,,,,,,,,,3,2012-07-01,2012-Q3,,,,,,,,,,,Требуется ручная проверка,0,
1000,ОАО Банк ВТБ,2012,104605413.0,639936649.0,382904610.0,147196355.0,6580598.0,45202090.0,910792556.0,15569.0,203958663.0,365142720.0,27720.0,2021966726.0,1817992494.0,1387956102.0,944231176.0,11616872.0,762.0,28422004.0,165000377.0,130798018.0,22470094.0,216296465.0,191838573.0,2248092948.0,199353447.0,292913.0,14040352.0,,,,,,,,,,,,196962.0,123797547.0,16169971.0,37891873.0,57725657.0,12667134.0,,,,,,,,,,,,,,14333265.0,,,,,,,,,,12.11,77.39,89.85,75.67,372.31,0.0,0.01,19.75,,,,,,,,,,,,,,,4,2012-10-01,2012-Q4,,0409135,,,,,,,,,Требуется ручная проверка,0,
1000,ОАО Банк ВТБ,2013,104605413.0,640524191.0,383491781.0,147196726.0,7007047.0,40616646.0,795381753.0,14044.0,211474157.0,376869525.0,26658.0,2107192116.0,1895703915.0,1289976600.0,847605830.0,9937879.0,748.0,28830809.0,223146410.0,180158915.0,27126584.0,269500022.0,250285569.0,2822971974.0,258023674.0,313858.0,21561122.0,,,,,,,,,,,,235095.0,169256964.0,23366191.0,50411783.0,76701929.0,21482504.0,,,,,,,,,,,,,,21874980.0,,,,,,,,,,14.53,50.68,67.04,83.39,289.49,0.0,0.01,3.01,,,,,,,,,,,,,,,1,2013-01-01,2013-Q1,,,,,,,,,,,Требуется ручная проверка,0,
1000,ОАО Банк ВТБ,2013,104605413.0,645221249.0,388177903.0,147207662.0,8729838.0,45895483.0,886150163.0,13249.0,214115134.0,427455540.0,26284.0,2177751973.0,1963623590.0,1332973070.0,862855352.0,10067490.0,754.0,28692980.0,62056523.0,49096358.0,12790870.0,51472682.0,47644585.0,413993660.0,38823087.0,47545.0,1403159.0,,,,,,,,,,,,31221.0,47849749.0,7492786.0,12181229.0,20288026.0,6683751.0,,,,,,,,,,,,,,1450704.0,,,,,,,,,,13.17,68.93,78.4,86.81,321.51,0.0,0.01,3.01,,,,,,,,,344318135.0,,,,,,2,2013-04-01,2013-Q2,,0409135,,,,,,,,,Требуется ручная проверка,0,
1000,ОАО Банк ВТБ,2013,104605413.0,643454610.0,386184172.0,147434754.0,8844862.0,74117420.0,937193299.0,12474.0,216856236.0,433101227.0,27115.0,2389934915.0,2173066205.0,1561854898.0,1056598927.0,13525390.0,3795.0,43444139.0,132438075.0,101012743.0,69814611.0,156293817.0,140467440.0,1204137089.0,100478722.0,106978.0,45874362.0,,,,,,,,,,,,50074.0,100225081.0,16261413.0,23176352.0,44039769.0,13290382.0,,,,,,,,,,,,,,45981340.0,,,,,,,,,,15.15,76.77,81.02,80.91,275.92,0.0,0.01,1.97,,,,,,,,,427357889.0,,,,,,3,2013-07-01,2013-Q3,,0409135,,,,,,,,,Требуется ручная проверка,0,
1000,ОАО Банк ВТБ,2013,129605413.0,747414313.0,462005646.0,150572983.0,8448351.0,31360033.0,1122223484.0,11785.0,217473438.0,401951063.0,28539.0,2617078693.0,2399593470.0,1692850863.0,1165926670.0,14130690.0,4361.0,36411450.0,209205339.0,155429556.0,84574973.0,236225171.0,227538618.0,1887464365.0,129408209.0,193162.0,48322185.0,,,,,,,,,,,,69561.0,158708193.0,23996171.0,34442182.0,68202094.0,20536217.0,,,,,,,,,,,,,,48515347.0,,,,,,,,,,13.22,59.72,71.09,97.98,348.7,0.0,0.01,1.79,,,,,,,,,317335209.0,,,,,,4,2013-10-01,2013-Q4,,0409135,,,,,,,,,Требуется ручная проверка,0,
1000,ОАО Банк ВТБ,2014,129605413.0,746437584.0,461022052.0,150579848.0,8963037.0,47393552.0,1398809655.0,11736.0,199616606.0,367299721.0,28491.0,2617092965.0,2417464623.0,1595401798.0,1062308214.0,14380532.0,4673.0,34159621.0,288205745.0,212103333.0,88733997.0,294208865.0,287360518.0,2482975149.0,192044735.0,266303.0,35119013.0,,,,,,,,,,,,86347.0,217643596.0,31074798.0,50328392.0,90542572.0,26844358.0,,,,,,,,,,,,,,35385316.0,,,,,,,,,,12.41,37.39,73.53,110.58,373.72,0.0,0.01,0.58,,,,,,,,,242126520.0,,,,,,1,2014-01-01,2014-Q1,,,,,,,,,,,Требуется ручная проверка,0,
1000,ОАО Банк ВТБ,2014,129605413.0,752997073.0,467581517.0,150579872.0,9276966.0,76833127.0,1789556666.0,8149.0,196219693.0,439716739.0,30944.0,2650230151.0,2454002309.0,1810727579.0,1248477365.0,16643774.0,4296.0,27576424.0,82765603.0,58216605.0,36963.0,112647275.0,92704436.0,1057156604.0,122939706.0,39377.0,5707804.0,0.0,80295975.0,,257373042.0,257373042.0,,,,,,,18668.0,59305982.0,7553600.0,18606119.0,20317137.0,5144960.0,,,,,,,,,,,,,,5747181.0,,,,,6.8,6.95,11.2,,,,41.39,67.23,103.99,392.59,0.0,0.01,18.98,,,,,,,,,334164119.0,,,,,605786804.0,2,2014-04-01,2014-Q2,,,,,,,,,,,Требуется ручная проверка,0,
1000,ОАО Банк ВТБ,2014,129605413.0,,0.0,181908118.0,,,,,,,,,,,,,,,175628204.0,130419322.0,56859676.0,174485297.0,163583680.0,2078403100.0,212733308.0,5210514.0,57954606.0,0.0,75668850.0,,253463375.0,253463375.0,,,,,,,50271.0,126129654.0,16103386.0,41561867.0,48017374.0,9933595.0,,,,,,,,,,,,,,52744092.0,,,,,7.17,7.31,11.09,,,,31.15,59.75,110.46,428.47,0.0,0.01,22.96,,,,,,,,,255993561.0,,,,,649090607.0,3,2014-07-01,2014-Q3,,,,,,,,,,,Требуется ручная проверка,0,
1000,ОАО Банк ВТБ,2014,129605413.0,801323458.0,496415173.0,168822601.0,24211633.0,49095463.0,1611358071.0,6410.0,278665292.0,446903098.0,31701.0,3056625800.0,2777954098.0,2223187164.0,1659313108.0,15741905.0,4442.0,32434613.0,278809227.0,212734509.0,81747416.0,249414390.0,216384012.0,3332594361.0,308643621.0,6393018.0,73189543.0,0.0,88619850.0,,76402559.0,76402559.0,,,,,,,82438.0,200633911.0,25108077.0,69609009.0,80141470.0,14641752.0,,,,,,,,,,,,,,66796525.0,,,,,9.74,9.95,10.57,,,,16.95,58.58,115.55,450.36,0.0,0.01,19.51,,,,,,,,,145371221.0,,,,,657852202.0,4,2014-10-01,2014-Q4,,,,,,,,,,,Требуется ручная проверка,0,
1000,ОАО Банк ВТБ,2015,343643384.0,1015073206.0,496116773.0,168832778.0,21210465.0,143001386.0,1651627456.0,6003.0,228256593.0,706045057.0,42337.0,3261085533.0,3032822937.0,3045380607.0,2281663426.0,17907671.0,778.0,36970124.0,404483171.0,325487499.0,69832305.0,610767079.0,542625953.0,9412271445.0,746606216.0,8283970.0,20007291.0,0.0,126581400.0,,182428287.0,182428287.0,,,,,,,96800.0,296455097.0,37515558.0,107280955.0,125958777.0,21705881.0,,,,,,,,,,,,,,11723321.0,,,,,10.48,10.8,12.65,,,,27.27,54.47,87.98,348.62,0.0,0.01,14.02,,,,,,,,,211137732.0,,,,,771040311.0,1,2015-01-01,2015-Q1,,,,,,,,,,,Требуется ручная проверка,0,
1000,ОАО Банк ВТБ,2015,343643384.0,1024250280.0,503482812.0,170643813.0,34494688.0,56883925.0,1523578413.0,5697.0,280645693.0,958808185.0,57850.0,3284770582.0,3004119192.0,3186771887.0,2292591859.0,20367418.0,845.0,43540963.0,151305993.0,152493632.0,952072.0,221105371.0,238460608.0,4963650621.0,226236737.0,378630.0,5139272.0,0.0,131544675.0,,211012526.0,211012526.0,,,,,,,1009917.0,108836859.0,24948791.0,49376219.0,58395864.0,4495666.0,,,,,,,,,,,,,,4760642.0,,,,,9.65,9.95,12.13,,,,31.59,106.59,52.58,362.5,0.0,0.01,15.83,,,,,,,,,243860637.0,,,,,765146833.0,2,2015-04-01,2015-Q2,,,,,,,,,,,Требуется ручная проверка,0,
1000,ОАО Банк ВТБ,2015,343643384.0,1007706290.0,486938234.0,170644401.0,19640290.0,67030970.0,1307083501.0,5772.0,289453719.0,753342083.0,45469.0,3327353054.0,3037893563.0,2794502032.0,2103770499.0,22292215.0,1237.0,42042563.0,293894002.0,278323077.0,42582296.0,467852462.0,511043736.0,9010592501.0,335637778.0,512009.0,21055069.0,0.0,124929000.0,,202705123.0,202705123.0,,,,,,,1862756.0,215364153.0,44538645.0,90099054.0,105426802.0,8922880.0,,,,,,,,,,,,,,21567078.0,,,,,10.3,10.6,12.21,,,,31.08,111.86,55.4,371.56,0.0,0.01,17.72,,,,,,,,,249556810.0,,,,,758293703.0,3,2015-07-01,2015-Q3,,,,,,,,,,,Требуется ручная проверка,0,
1000,Банк ВТБ (ПАО),2015,651033884.0,,0.0,186760098.0,,,,,,,,,,,,,,,452087517.0,400792866.0,46745093.0,705378636.0,719235866.0,13048550089.0,454897188.0,6437757.0,56447751.0,0.0,149032575.0,,220554364.0,220554364.0,,,,,,,2361949.0,329900251.0,71811054.0,125837048.0,158483745.0,13526280.0,,,,,,,,,,,,,,62885508.0,,,,,13.03,13.43,15.29,,,,57.92,100.69,55.98,274.01,0.17,0.01,13.4,,,,,,,,,662119664.0,,,,,1049985541.0,4,2015-10-01,2015-Q4,,,,,,,,,,,Требуется ручная проверка,0,
1000,Банк ВТБ (ПАО),2016,651033884.0,1331574065.0,501240324.0,171835896.0,21166232.0,46596243.0,1351096068.0,7483.0,207792140.0,1171272846.0,195094658.0,4017832518.0,3810032895.0,3618931294.0,2802775900.0,29646439.0,1087.0,32716749.0,617368509.0,534595043.0,50599744.0,810315802.0,821565393.0,16499817460.0,595024432.0,6208674.0,48580668.0,0.0,163986075.0,,223547089.0,223547089.0,,,,,,,2878345.0,448148043.0,102254725.0,160157548.0,220629220.0,17176939.0,,,,,,,,,,,,,,54789342.0,,,,,11.71,12.07,13.15,,,,61.46,98.95,58.04,336.64,0.0,0.01,13.81,,,,,,,,,325717587.0,,,,,1014666036.0,1,2016-01-01,2016-Q1,,,,,,,,,,,Требуется ручная проверка,0,
1000,Банк ВТБ (ПАО),2016,651033884.0,1344273227.0,515962005.0,169813377.0,20795173.0,230187154.0,1311277949.0,10203.0,217147736.0,1151149933.0,318058698.0,4211885113.0,3994727174.0,3462761508.0,2557180520.0,33066755.0,28948.0,33802901.0,168317253.0,277635.0,0.0,2129265.0,4261388.0,5196807354.0,18835984.0,1132347.0,20490237.0,0.0,152117100.0,,208296968.0,208296968.0,,,,,,,455184.0,124385255.0,9119069.0,277635.0,61580145.0,3697087.0,,,,,,,,,,,,,,21622584.0,,,45830509.0,26207357.0,10.69,10.99,12.21,,,,41.84,73.48,63.5,343.25,0.0,0.01,17.15,,,,,,,,,709413116.0,,,,,958417256.0,2,2016-04-01,2016-Q2,,,,,,,,,,,Требуется ручная проверка,0,
1000,Банк ВТБ (ПАО),2016,651033884.0,,0.0,223758586.0,,,,,,,,,,,,,,,339678448.0,989336.0,0.0,4972471.0,6645519.0,8440997153.0,38186043.0,2444471.0,39825930.0,0.0,144579375.0,,208260421.0,208260421.0,,,,,,,878954.0,258597731.0,16686955.0,989336.0,128080944.0,6401466.0,,,,,,,,,,,,,,42270401.0,,,96034627.0,67028661.0,10.25,10.46,11.56,,,,29.94,65.91,65.29,322.39,1.07,0.03,16.74,,,,,,,,,431348856.0,,,,,1058241272.0,3,2016-07-01,2016-Q3,,,,,,,,,,,Требуется ручная проверка,0,
1000,Банк ВТБ (ПАО),2016,651033884.0,1360742390.0,516370576.0,183416988.0,29441355.0,303181058.0,937161587.0,222330553.0,377657915.0,1013963277.0,333219670.0,5140731469.0,4540532876.0,4215926667.0,3011342054.0,452095053.0,66610.0,50013179.0,521433951.0,1636683.0,0.0,7744287.0,10457189.0,10630564211.0,56902206.0,3625973.0,45795163.0,0.0,142105725.0,,205025364.0,205025364.0,,,,,,,1098765.0,405322047.0,23438186.0,1636683.0,199304882.0,8033238.0,,,,,,,,,,,,,,49421136.0,,,120057124.0,80788574.0,10.16,10.37,11.6,,,,37.35,81.82,66.64,327.44,0.31,0.03,18.79,,,,,,,,,450928302.0,,,,,1044576075.0,4,2016-10-01,2016-Q4,,,,,,,,,,,Требуется ручная проверка,0,
1000,Банк ВТБ (ПАО),2017,651033884.0,1353849707.0,509476909.0,183417972.0,30109490.0,294862411.0,952148925.0,222857746.0,351928917.0,1020718514.0,331624203.0,5412128895.0,4837142287.0,4299798999.0,3055144756.0,471045752.0,134783.0,59529264.0,700739220.0,2297600.0,0.0,11347526.0,10579550.0,13067633453.0,94349005.0,7376310.0,70006585.0,0.0,136478025.0,,198636778.0,198636778.0,,,,,,,1267482.0,550940797.0,29612314.0,2297600.0,271391773.0,10233719.0,,,,,,,,,,,,,,77382895.0,,,141482680.0,110099227.0,9.53,9.72,11.11,,,,34.54,81.64,61.27,349.62,0.27,0.03,23.65,,,,,,,,,369997637.0,,,,,1017820769.0,1,2017-01-01,2017-Q1,,,,,,,,,,,Требуется ручная проверка,0,
1000,Банк ВТБ (ПАО),2017,651033884.0,1344566238.0,500193398.0,183418014.0,28740232.0,220969861.0,879967443.0,229808268.0,282627150.0,986815280.0,332933895.0,4771707609.0,4259033682.0,4334028879.0,3216871403.0,474265469.0,284320.0,57459288.0,167165963.0,151798.0,0.0,4782456.0,6679226.0,2075149412.0,14149345.0,1028635.0,8049820.0,0.0,126850275.0,,190916197.0,190916197.0,,,,,,,138271.0,130619435.0,6297787.0,151798.0,62108744.0,2194983.0,,,,,,,,,,,,,,9078455.0,,,15501175.0,12658220.0,10.256,10.526,11.549,,,,48.008,127.598,56.258,339.116,0.029,0.026,24.452,,,,,,,,,511361678.0,,,,,1043237110.0,2,2017-04-01,2017-Q2,,,,,,,,,,,Требуется ручная проверка,0,
1000,Банк ВТБ (ПАО),2017,651033884.0,1347612208.0,496416200.0,186786765.0,29311511.0,26219426.0,795487482.0,242358348.0,253982945.0,914358606.0,334377440.0,4902383936.0,4405802277.0,4209838348.0,3265631036.0,462160307.0,315998.0,62951695.0,328149271.0,603536.0,0.0,7844015.0,10731770.0,4556051171.0,86424432.0,7160901.0,27226730.0,0.0,132942375.0,,194714966.0,194714966.0,,,,,,,279962.0,259224068.0,11952217.0,603536.0,127674777.0,4569662.0,,,,,,,,,,,,,,34387631.0,,,27324645.0,31227802.0,9.257,9.56,10.758,,,,46.368,135.827,53.622,351.363,0.0,0.031,23.864,,,,,,,,,391014983.0,,,,,1024231079.0,3,2017-07-01,2017-Q3,,,,,,,,,,,Требуется ручная проверка,0,
1000,Банк ВТБ (ПАО),2017,651033884.0,1385005451.0,533807715.0,186788493.0,29730231.0,30542227.0,919570807.0,244750192.0,250419686.0,884921758.0,,5047436197.0,4552052884.0,4495719861.0,3491365381.0,508372912.0,127037.0,63766604.0,484966535.0,1241736.0,0.0,10830052.0,19217121.0,6684670375.0,105443368.0,2224330.0,85101537.0,0.0,130538025.0,,192703355.0,192703355.0,,,,,,,471901.0,388992946.0,16262565.0,1241736.0,193087552.0,7033544.0,,,,,,,,,,,,,,87325867.0,,,87403820.0,128159136.0,8.849,9.078,11.165,,,,112.807,268.679,57.275,325.058,0.934,0.019,17.141,,,,,,,,,577688047.0,,,,,1080735999.0,4,2017-10-01,2017-Q4,,,,,,,,,,,Требуется ручная проверка,0,
1000,Банк ВТБ (ПАО),2018,651033884.0,1372318207.0,521096827.0,186812137.0,27860919.0,30004917.0,967677441.0,245275948.0,279027097.0,785976464.0,,5117347745.0,4592841588.0,4541342367.0,3396630517.0,526310209.0,67833.0,62153685.0,638763623.0,2180909.0,0.0,20958027.0,40162069.0,8533810460.0,140713963.0,28176385.0,104111541.0,0.0,129600450.0,,191939002.0,191939002.0,,,,,,,685060.0,516632491.0,20330655.0,2180909.0,257945292.0,9316689.0,,,,,,,,,,,,,,75935156.0,,,101264315.0,124226032.0,8.872,9.091,11.279,,,,137.185,144.721,63.102,363.661,0.0,0.019,16.327,,,,,,,,,818406519.0,,,,,1061710135.0,1,2018-01-01,2018-Q1,,,,,,,,,,,Требуется ручная проверка,0,
1000,Банк ВТБ (ПАО),2018,651033884.0,1353616104.0,502454727.0,186752134.0,241312519.0,259516928.0,850488870.0,2046587508.0,583780248.0,702172037.0,,7831652907.0,5192776264.0,6554931327.0,3684306320.0,2455382534.0,2547286.0,85541398.0,216656126.0,1245686.0,0.0,2380089.0,6890067.0,2448574330.0,63033677.0,1540958.0,40907769.0,0.0,128846025.0,,187890354.0,187890354.0,,,,,,,152272.0,191457262.0,4038627.0,1245686.0,55610796.0,2735752.0,,,,,,,,,,,,,,42448727.0,,,4575373.0,35598462.0,9.28,10.362,12.036,10.016,,,113.592,142.871,61.127,234.751,0.698,0.228,13.198,,,,,,110.659,,,921862280.0,,,,,1421442035.0,2,2018-04-01,2018-Q2,,,,,,,,,,,Требуется ручная проверка,0,
1000,Банк ВТБ (ПАО),2018,651033884.0,1354338347.0,503171955.0,186757149.0,274589156.0,239077628.0,981407055.0,2158605444.0,532806507.0,718223410.0,,7997409035.0,5296670969.0,7088522527.0,4037540685.0,2670201289.0,265863.0,88671750.0,435492232.0,2882301.0,0.0,4572377.0,7796721.0,7351987232.0,111661895.0,13590869.0,84281097.0,0.0,141202125.0,,191487550.0,191487550.0,,,,,,,202000.0,386765348.0,8575229.0,2882301.0,108872745.0,5478351.0,,,,,,,,,,,,,,97871966.0,,,16762439.0,74966050.0,7.972,9.083,10.97,9.031,,,127.681,168.002,62.409,237.186,1.535,0.282,13.472,,,,,,,,,1040322695.0,,,,,1384371234.0,3,2018-07-01,2018-Q3,,,,,,,,,,,Требуется ручная проверка,0,
1000,Банк ВТБ (ПАО),2018,651033884.0,1382688074.0,503767372.0,209448050.0,281740892.0,259601872.0,762451004.0,2302710738.0,500651914.0,737294861.0,,8684743592.0,5870873441.0,7352746172.0,4153489317.0,2830204865.0,309536.0,89900449.0,663154743.0,6651892.0,0.0,7598239.0,7447971.0,11501712848.0,146728136.0,29850184.0,132432944.0,0.0,147578850.0,,191013920.0,191013920.0,,,,,,,336347.0,593601829.0,13524191.0,6642766.0,164872863.0,8247706.0,,,,,,,,,,,,,,162283128.0,,,25730401.0,119626280.0,8.379,9.495,11.024,9.311,,,76.473,141.247,66.728,264.35,0.06,0.29,12.574,,,,,,112.615,,,1018492385.0,,,,,1449163257.0,4,2018-10-01,2018-Q4,,,,,,,,,,,Требуется ручная проверка,0,
1000,Банк ВТБ (ПАО),2019,651033884.0,1380534155.0,501613423.0,209448080.0,280188127.0,424014806.0,660814481.0,2487954622.0,538149368.0,859125284.0,,9453604389.0,6415573534.0,7566805738.0,4396953265.0,2784358593.0,1905248.0,99502668.0,905283013.0,8913719.0,0.0,10380348.0,9155437.0,15173620728.0,230199236.0,35030999.0,256606079.0,0.0,156308850.0,,192032164.0,192032164.0,,,,,,,603428.0,813077831.0,19004338.0,8903355.0,230277672.0,11017721.0,,,,,,,,,,,,,,291637078.0,,,32700261.0,239956750.0,7.816,8.93,11.343,8.765,,,108.535,134.675,69.932,215.492,,0.307,15.444,,,,,,114.184,,,1103444928.0,,,,,1583663029.0,1,2019-01-01,2019-Q1,,,,,,,,,,,Требуется ручная проверка,0,
1000,Банк ВТБ (ПАО),2019,651033884.0,2248599717.0,494991720.0,533646200.0,281292068.0,102102103.0,742325007.0,2644734565.0,629902136.0,763899558.0,,9987684014.0,6699793142.0,7373290651.0,3958221461.0,3053569133.0,792221.0,101342464.0,237951496.0,8556299.0,16957.0,5008181.0,2438162.0,2436219910.0,31.0,3985090.0,50169419.0,0.0,145653075.0,,181203692.0,181203692.0,,,,,,,161241.0,214979121.0,2053573.0,312928.0,62745805.0,2848338.0,,,,,,,,,,,,,,54154509.0,,,4850795.0,53126434.0,9.259,10.282,11.706,10.171,,,99.362,171.187,70.068,215.191,,0.302,16.008,,,,,,115.946,,,960991309.0,,,,,1589244629.0,2,2019-04-01,2019-Q2,,,,,,,,,,,Требуется ручная проверка,0,
1000,Банк ВТБ (ПАО),2019,651033884.0,1700348028.0,490395163.0,209455253.0,276663997.0,443491442.0,714497028.0,2821112137.0,660482813.0,893837054.0,,10483901994.0,6987974243.0,7990030759.0,4293539347.0,3167621516.0,393872.0,103159165.0,486835100.0,17576296.0,32397.0,10480302.0,8516539.0,4552525717.0,116.0,40230726.0,112029809.0,0.0,141920100.0,,175205017.0,175205017.0,,,,,,,357653.0,438709455.0,5586769.0,2756660.0,130682528.0,6178226.0,,,,,,,,,,,,,,71799083.0,,,7567995.0,113414824.0,8.496,9.412,11.076,9.778,,,124.185,220.815,71.463,238.361,,0.3,15.856,,,,,,112.329,,,1095478577.0,,,,,1605063907.0,3,2019-07-01,2019-Q3,,,,,,,,,,,Требуется ручная проверка,0,
1000,Банк ВТБ (ПАО),2019,651033884.0,1903294094.0,489100990.0,402150147.0,277536790.0,379099025.0,598672481.0,2869570143.0,636954116.0,798221248.0,,10780131325.0,7258569347.0,8355379171.0,4604906634.0,3231988015.0,389176.0,109015580.0,738434603.0,88258957.0,46405.0,17801306.0,13198093.0,7470338546.0,530.0,34979045.0,134009821.0,0.0,144935100.0,,185507330.0,185507330.0,,,,,,,532008.0,667622909.0,9332781.0,3512407.0,199721094.0,10200608.0,,,,,,,,,,,,,,99030776.0,,,11128456.0,137120703.0,8.271,9.189,11.015,9.373,,,107.024,143.665,72.417,235.67,,0.306,15.639,,,,,,112.726,,,1210523252.0,,,,,1630306651.0,4,2019-10-01,2019-Q4,,,,,,,,,,,Требуется ручная проверка,0,
1000,Банк ВТБ (ПАО),2020,651033884.0,1913439948.0,490283981.0,398554537.0,245512445.0,540558723.0,658057202.0,2892018506.0,580081301.0,806798011.0,,10496944840.0,7008411911.0,8472504905.0,4591359049.0,3145579472.0,321388.0,110083895.0,985494586.0,115667584.0,59727.0,34570480.0,23678747.0,9722485874.0,1102.0,41148077.0,208296649.0,0.0,139287825.0,,192156495.0,192156495.0,,,,,,,576513.0,889660733.0,12445068.0,27186943.0,266819278.0,14773164.0,,,,,,,,,,,,,,167148572.0,,,15687872.0,213786085.0,8.874,9.747,11.152,10.022,,,142.321,160.253,62.081,217.267,,0.326,14.462,,,,,,111.284,,,1232342385.0,,,,,1665692255.0,1,2020-01-01,2020-Q1,,,,,,,,,,,Требуется ручная проверка,0,
1000,Банк ВТБ (ПАО),2020,651033884.0,1932245406.0,500062026.0,398557958.0,252520488.0,233894035.0,661414521.0,2970804177.0,553840647.0,898356765.0,,10355693267.0,6813603306.0,7628547100.0,3946683591.0,3163417039.0,3651635.0,106103265.0,234025332.0,6239184.0,12641.0,8071854.0,470948.0,7485136703.0,700.0,512630.0,38491647.0,0.0,150398905.0,,198096465.0,198096465.0,,,,,,,45863.0,213790398.0,4295037.0,2981555.0,54608664.0,4697003.0,,,,,,,,,,,,,,39004277.0,,,13631639.0,36202480.0,9.383,10.353,11.83,9.947,,,53.348,76.283,62.364,219.216,,,14.563,,,,,,111.705,,,1092344804.0,,,,,1724828047.0,2,2020-04-01,2020-Q2,,,,,,,,,,,Требуется ручная проверка,0,
1000,Банк ВТБ (ПАО),2020,651033884.0,1933521522.0,500982134.0,398913966.0,255059949.0,530643357.0,799524326.0,3084488459.0,586988107.0,885510950.0,,10783555806.0,7094046624.0,7834283414.0,4445385657.0,2857595104.0,4882057.0,115950230.0,465125289.0,26399185.0,24938.0,15834214.0,7011571.0,12646853582.0,1354.0,1971834.0,51777600.0,0.0,150729525.0,,192092932.0,192092932.0,,,,,,,79583.0,425954681.0,10330350.0,21783102.0,103930507.0,8594566.0,,,,,,,,,,,,,,53749434.0,,,24731918.0,51653752.0,9.303,10.279,11.646,9.693,,,62.355,75.505,62.222,212.595,,,15.934,,,,,,114.796,,,1425232462.0,,,,,1673384444.0,3,2020-07-01,2020-Q3,,,,,,,,,,,Требуется ручная проверка,0,
1000,Банк ВТБ (ПАО),2020,651033884.0,1932911084.0,500235781.0,399049881.0,275974140.0,445263058.0,782761143.0,3252730673.0,712945857.0,936004379.0,,11499019688.0,7514641020.0,7566785457.0,4262241239.0,2665726786.0,5200285.0,112648509.0,688750045.0,41020669.0,35900.0,25502025.0,9225663.0,18214585147.0,1439.0,19137727.0,52193737.0,0.0,150729525.0,,185853629.0,185853629.0,,,,,,,108847.0,631512726.0,17003625.0,35459339.0,147434525.0,11642189.0,,,,,,,,,,,,,,71331464.0,,,32396662.0,53079714.0,9.156,10.132,11.574,9.237,,,50.528,69.244,67.033,229.354,,,15.145,,,,,,119.971,,,1317131961.0,,,,,1662669765.0,4,2020-10-01,2020-Q4,,,,,,,,,,,Требуется ручная проверка,0,
1000,Банк ВТБ (ПАО),2021,651033884.0,1401161912.0,500994723.0,216581611.0,278245404.0,457288089.0,771466327.0,3216092073.0,708839418.0,1732410119.0,,11750642642.0,7806299576.0,7566915741.0,4356501229.0,2375509177.0,4422125.0,118280025.0,920427994.0,53093526.0,50912.0,39705862.0,10985500.0,23457972301.0,1819.0,17145762.0,56103590.0,0.0,166220325.0,,262989088.0,262989088.0,,,,,,,168230.0,838215579.0,24935625.0,42815587.0,192730146.0,14799549.0,,,,,,,,,,,,,,73249352.0,,,47843334.0,62740690.0,8.837,9.905,11.538,8.434,,,44.989,57.855,65.954,240.43,,,14.026,,,,,,,,,1335860734.0,,,,,1680426760.0,1,2021-01-01,2021-Q1,,,,,,,,,,,Требуется ручная проверка,0,
1000,Банк ВТБ (ПАО),2021,651033884.0,1407957966.0,507790777.0,216581611.0,279670259.0,459038089.0,760447840.0,3420745851.0,749147495.0,2256987748.0,,12082074758.0,7892294031.0,7418967709.0,4001306603.0,2222576302.0,4281056.0,127706847.0,226052457.0,11550980.0,9686.0,10902360.0,662702.0,4323116900.0,622.0,1132745.0,77246096.0,0.0,227092109.0,,248902936.0,248902936.0,,,,,,,57372.0,193606456.0,11144470.0,3371128.0,41670041.0,4168773.0,,,,,,,,,,,,,,78378841.0,,,9867542.0,77394690.0,8.664,10.188,11.755,8.293,,,56.633,85.445,63.842,240.458,,,13.784,,,,,,,,,2077373353.0,,,,,1686409367.0,2,2021-04-01,2021-Q2,,,,,,,,,,,Требуется ручная проверка,0,
1000,Банк ВТБ (ПАО),2021,651033884.0,1417400352.0,517056789.0,216757985.0,271213776.0,535949503.0,856792211.0,3667531670.0,800774453.0,2990555276.0,,12636608971.0,8147725234.0,7878635747.0,4583326182.0,2022990558.0,4920279.0,142941543.0,484398044.0,17168881.0,22487.0,23070575.0,1307330.0,8949910680.0,7415.0,18055468.0,129534729.0,0.0,297370443.0,,247055055.0,247055055.0,,,,,,,117953.0,406036950.0,25886961.0,6384954.0,92199327.0,9765930.0,,,,,,,,,,,,,,147590197.0,,,53967483.0,134720554.0,8.29,10.21,12.045,8.166,,,55.58,72.323,65.999,241.063,,,12.642,,,,,,,,,1857278370.0,,,,,1811721842.0,3,2021-07-01,2021-Q3,,,,,,,,,,,Требуется ручная проверка,0,
1000,Банк ВТБ (ПАО),2021,651033884.0,1384366260.0,516218171.0,184562511.0,271068202.0,550587025.0,937958189.0,3997855077.0,811651649.0,3267425381.0,,13185129455.0,8354078753.0,8214912705.0,4788791997.0,2150117016.0,3456567.0,147327914.0,765381329.0,31258651.0,69618.0,41008284.0,2210869.0,12784369818.0,7501.0,31654628.0,203663956.0,0.0,305595879.0,,245016588.0,245016588.0,,,,,,,187673.0,632479658.0,46013857.0,16217141.0,157900809.0,17140878.0,,,,,,,,,,,,,,235318584.0,,,91104728.0,198649858.0,7.737,9.602,11.551,7.775,,,66.59,77.291,65.848,258.058,,,13.281,,,,,,,,,2132848770.0,,,,,1840728967.0,4,2021-10-01,2021-Q4,,,,,,,,,,,Требуется ручная проверка,0,
1002,"ОАО КОМСОЦБАНК ""БУМЕРАНГ""",2007,52682.0,110677.0,33244.0,,19588.0,40357.0,30262.0,64239.0,0.0,,,354180.0,289941.0,141246.0,25500.0,115738.0,234.0,6967.0,14958.0,190.0,0.0,54.0,407.0,44917.0,0.0,0.0,9092.0,,,,,,,,,,,,,,,,,,,,,,,,,,,,,,,,,,,,,,,,,,,,,,,,,,,,,,,,,,,,,,,2,2007-04-01,2007-Q2,,,,,,,,,,,Требуется ручная проверка,0,
1002,"ОАО КОМСОЦБАНК ""БУМЕРАНГ""",2007,52682.0,114506.0,33244.0,,16952.0,36615.0,20000.0,69955.0,72.0,,,406514.0,336487.0,196004.0,35500.0,160496.0,,6996.0,31202.0,418.0,0.0,54.0,667.0,88728.0,0.0,0.0,17298.0,,,,,,,,,,,,,,,,,,,,,,,,,,,,,,,,,,,,,,,,,,,,,,,,,,,,,,,,,,,,,,,3,2007-07-01,2007-Q3,,,,,,,,,,,Требуется ручная проверка,0,
1002,"ОАО КОМСОЦБАНК ""БУМЕРАНГ""",2007,52682.0,114136.0,33244.0,,14329.0,53293.0,20000.0,92761.0,8.0,473.0,,453626.0,360857.0,184188.0,36500.0,147679.0,,9250.0,49680.0,1089.0,0.0,339.0,939.0,134016.0,0.0,0.0,28506.0,,,,,,,,,,,,,,,,,,,,,,,,,,,,,,,,,,,,,,,,,,,,,,,,,,,,,,,,,,,,,,,4,2007-10-01,2007-Q4,,,,,,,,,,,Требуется ручная проверка,0,
1002,"ОАО КОМСОЦБАНК ""БУМЕРАНГ""",2008,52682.0,113516.0,33244.0,,20481.0,32311.0,40000.0,96959.0,410.0,441.0,,507150.0,409781.0,211694.0,38935.0,172750.0,,7089.0,70548.0,1721.0,0.0,844.0,3053.0,194668.0,0.0,0.0,35727.0,,,,,,,,,,,,,,,,,,,,,,,,,,,,,,,,,,,,,,,,,,,,,,,,,,,,,,,,,,,,,,,1,2008-01-01,2008-Q1,,,,,,,,,,,Требуется ручная проверка,0,
1002,"ОАО КОМСОЦБАНК ""БУМЕРАНГ""",2008,52682.0,113300.0,33180.0,21493.0,19983.0,37766.0,,98474.0,156.0,515.0,,540348.0,441718.0,236639.0,38912.0,197727.0,,10063.0,21226.0,5764.0,6.0,11808.0,171.0,49181.0,19202.0,0.0,4827.0,,,,,,,,,,,,11.0,21215.0,0.0,471.0,711.0,0.0,,,,,,,,,,,,,,,,,,,,,,,,,,,,,,,,,,,,,,,,,,,,,,2,2008-04-01,2008-Q2,,,,,,,,,,,Требуется ручная проверка,0,
1002,"ОАО КОМСОЦБАНК ""БУМЕРАНГ""",2008,52682.0,129655.0,33180.0,34848.0,33934.0,73880.0,60000.0,90623.0,57.0,553.0,,548374.0,457694.0,280410.0,66512.0,213898.0,,9408.0,43308.0,12822.0,6.0,24486.0,296.0,105509.0,45207.0,0.0,9972.0,,,,,,,,,,,,21.0,43283.0,4.0,1523.0,1763.0,0.0,,,,,,,,,,,,,,,,,,,,,,,,,,,,,,,,,,,,,,,,,,,,,,3,2008-07-01,2008-Q3,,,,,,,,,,,Требуется ручная проверка,0,
1002,"ОАО КОМСОЦБАНК ""БУМЕРАНГ""",2008,52682.0,129117.0,33180.0,34310.0,39376.0,61395.0,38000.0,86353.0,128.0,,,592047.0,505566.0,287716.0,59579.0,228137.0,,12556.0,69192.0,21793.0,6.0,37718.0,459.0,163224.0,75196.0,0.0,23624.0,,,,,,,,,,,,38.0,69150.0,4.0,2710.0,3588.0,0.0,,,,,,,,,,,,,,,,,,,,,,,,,,,,,,,,,,,,,,,,,,,,,,4,2008-10-01,2008-Q4,,,,,,,,,,,Требуется ручная проверка,0,
1002,"ОАО КОМСОЦБАНК ""БУМЕРАНГ""",2009,77803.0,154238.0,33180.0,34310.0,23955.0,46349.0,10700.0,73539.0,740.0,,,584059.0,509780.0,249206.0,48809.0,200397.0,,868.0,94857.0,28992.0,6.0,48787.0,686.0,235075.0,112359.0,0.0,31009.0,,,,,,,,,,,,67.0,94786.0,4.0,3035.0,5039.0,0.0,,,,,,,,,,,,,,,,,,,,,,,,,,,,,,,,,,,,,,,,,,,,,,1,2009-01-01,2009-Q1,,,,,,,,,,,Требуется ручная проверка,0,
1002,"ОАО КОМСОЦБАНК ""БУМЕРАНГ""",2009,95000.0,171435.0,33180.0,34310.0,29510.0,39317.0,30700.0,77055.0,1170.0,,,578150.0,499925.0,264695.0,76461.0,188234.0,,705.0,25409.0,9993.0,0.0,10086.0,3366.0,88787.0,16307.0,603.0,1599.0,,,,,,,,,,,,24.0,25385.0,0.0,2107.0,2568.0,17.0,,,,,,,,,,,,,,996.0,,,,,,,,,,,,,,,,,,,,,,,,,,,,,,,,2,2009-04-01,2009-Q2,,,,,,,,,,,Требуется ручная проверка,0,
1002,"ОАО КОМСОЦБАНК ""БУМЕРАНГ""",2009,95000.0,191222.0,33180.0,53096.0,19397.0,92444.0,65000.0,72836.0,2391.0,,,667115.0,591888.0,373841.0,212963.0,160878.0,,975.0,57177.0,24722.0,0.0,22042.0,6794.0,195380.0,48309.0,845.0,2066.0,,,,,,,,,,,,49.0,57128.0,0.0,3744.0,10014.0,51.0,,,,,,,,,,,,,,2911.0,,,,,,,,,,,,,,,,,,,,,,,,,,,,,,,,3,2009-07-01,2009-Q3,,,,,,,,,,,Требуется ручная проверка,0,
1002,"ОАО КОМСОЦБАНК ""БУМЕРАНГ""",2009,95000.0,191222.0,33180.0,53096.0,42907.0,72038.0,50000.0,65111.0,3233.0,,,736560.0,668216.0,416279.0,245610.0,170669.0,,4295.0,94346.0,40660.0,0.0,37938.0,12450.0,335879.0,87199.0,1762.0,2127.0,,,,,,,,,,,,71.0,94275.0,0.0,5640.0,18033.0,96.0,,,,,,,,,,,,,,3889.0,,,,,,,,,,,,,,,,,,,,,,,,,,,,,,,,4,2009-10-01,2009-Q4,,,,,,,,,,,Требуется ручная проверка,0,
1002,"ОАО КОМСОЦБАНК ""БУМЕРАНГ""",2010,95000.0,191222.0,33180.0,53096.0,34801.0,59981.0,25000.0,56500.0,10814.0,,,714470.0,647156.0,308543.0,114727.0,193816.0,,4924.0,126161.0,53281.0,0.0,54708.0,17577.0,454168.0,117751.0,2332.0,2626.0,,,,,,,,,,,,102.0,126059.0,0.0,7752.0,22436.0,75.0,,,,,,,,,,,,,,4958.0,,,,,,,,,,,,,,,,,,,,,,,,,,,,,,,,1,2010-01-01,2010-Q1,,,,,,,,,,,Требуется ручная проверка,0,
1002,"ОАО КОМСОЦБАНК ""БУМЕРАНГ""",2010,95000.0,233590.0,75548.0,53096.0,43097.0,116079.0,10000.0,52937.0,20641.0,,,734606.0,661028.0,333008.0,132732.0,200276.0,206.0,5208.0,27674.0,12464.0,0.0,12554.0,3322.0,127565.0,36250.0,0.0,28282.0,,,,,,,,,,,,15.0,27640.0,19.0,936.0,4529.0,60.0,,,,,,,,,,,,,,28282.0,,,,,,,,,,,,,,,,,,,,,,,,,,,,,,,,2,2010-04-01,2010-Q2,,,,,,,,,,,Требуется ручная проверка,0,
1002,"ОАО Комсоцбанк ""Бумеранг""",2010,95000.0,234341.0,75548.0,3786.0,54749.0,49980.0,44064.0,70230.0,38670.0,,,740413.0,631513.0,341489.0,122016.0,219473.0,,5358.0,53788.0,24142.0,0.0,32157.0,10720.0,285171.0,129790.0,0.0,11339.0,,,,,,,,,,,,38.0,53712.0,38.0,1291.0,8963.0,65.0,,,,,,,,,,,,,,11339.0,,,,,,,,,,,,,,,,,,,,,,,,,,,,,,,,3,2010-07-01,2010-Q3,,,,,,,,,,,Требуется ручная проверка,0,
1002,"ОАО Комсоцбанк ""Бумеранг""",2010,95000.0,234341.0,75548.0,3786.0,51704.0,120493.0,10000.0,60119.0,47236.0,,,755102.0,647747.0,371773.0,134666.0,237107.0,,6012.0,79388.0,35566.0,0.0,48221.0,14904.0,395529.0,190699.0,0.0,1900.0,,,,,,,,,,,,60.0,79215.0,113.0,1457.0,13451.0,74.0,,,,,,,,,,,,,,1900.0,,,,,,,,,,,,,,,,,,,,,,,,,,,,,,,,4,2010-10-01,2010-Q4,,,,,,,,,,,Требуется ручная проверка,0,
1002,"ОАО Комсоцбанк ""Бумеранг""",2011,,,,,,,,,,,,,,,,,,,108569.0,47173.0,0.0,72328.0,22773.0,578004.0,303279.0,2421.0,10455.0,,,,,,,,,,,,104.0,108352.0,113.0,1538.0,17227.0,104.0,,,,,,,,,,,,,,12876.0,,,,,,,,,,,,,,,,,,,,,,,,,,,,,,,,1,2011-01-01,2011-Q1,,,,,,,,,,,Требуется ручная проверка,0,
1002,"ОАО Комсоцбанк ""Бумеранг""",2011,95000.0,234370.0,58853.0,20510.0,59477.0,37838.0,20000.0,37237.0,39552.0,,,762825.0,686036.0,291684.0,99552.0,192132.0,,6138.0,21570.0,9730.0,0.0,18312.0,9961.0,106667.0,61620.0,704.0,10740.0,,,,,,,,,,,,17.0,21553.0,0.0,297.0,3075.0,117.0,,,,,,,,,,,,,,11444.0,,,,,,,,,,26.18,55.34,73.15,47.17,202.3,2.13,2.23,0.0,,,,,,,,,,,,,,,2,2011-04-01,2011-Q2,,,,,,,,,,,Требуется ручная проверка,0,
1002,"ОАО Комсоцбанк ""Бумеранг""",2011,,,,,,,,,,,,,,,,,,,41932.0,18399.0,0.0,43302.0,23389.0,226832.0,117455.0,3054.0,6966.0,,,,,,,,,,,,29.0,41903.0,0.0,841.0,5504.0,650.0,,,,,,,,,,,,,,10020.0,,,,,,,,,,25.71,50.53,67.84,40.4,233.89,2.68,2.81,0.0,,,,,,,,,,,,,,,3,2011-07-01,2011-Q3,,,,,,,,,,,Требуется ручная проверка,0,
1002,"ОАО Комсоцбанк ""Бумеранг""",2011,95000.0,238779.0,58824.0,24948.0,68925.0,91400.0,20000.0,33770.0,8769.0,,,830915.0,788376.0,308548.0,63523.0,245025.0,,8678.0,66975.0,29267.0,14.0,77700.0,37001.0,356847.0,172731.0,3078.0,8569.0,,,,,,,,,,,,48.0,66927.0,0.0,1198.0,7496.0,3055.0,,,,,,,,,,,,,,11647.0,,,,,,,,,,23.66,50.56,82.2,55.07,265.29,2.71,2.86,0.0,,,,,,,,,,,,,,,4,2011-10-01,2011-Q4,,,,,,,,,,,Требуется ручная проверка,0,
1002,"ОАО Комсоцбанк ""Бумеранг""",2012,,,,,,,,,,,,,,,,,,,93108.0,42457.0,15.0,108953.0,52234.0,512000.0,240009.0,5195.0,13207.0,,,,,,,,,,,,63.0,92925.0,120.0,1346.0,9710.0,5476.0,,,,,,,,,,,,,,18402.0,,,,,,,,,,21.1,60.38,67.3,56.17,276.38,2.56,2.68,0.0,,,,,,,,,,,,,,,1,2012-01-01,2012-Q1,,,,,,,,,,,Требуется ручная проверка,0,
1002,"ОАО Комсоцбанк ""Бумеранг""",2012,105750.0,249529.0,58822.0,24950.0,104060.0,83892.0,40000.0,51244.0,8798.0,,,895483.0,835441.0,468673.0,36027.0,432646.0,,13016.0,25648.0,14154.0,0.0,22946.0,7440.0,108953.0,45583.0,509.0,5440.0,,,,,,,,,,,,15.0,24962.0,671.0,74.0,1552.0,2264.0,,,,,,,,,,,,,,5949.0,,,,,,,,,,21.24,58.91,72.97,62.63,289.71,2.42,2.51,0.0,,,,,,,,,,,,,,,2,2012-04-01,2012-Q2,,,,,,,,,,,Требуется ручная проверка,0,
1002,"ОАО Комсоцбанк ""Бумеранг""",2012,105750.0,256574.0,58822.0,31995.0,85178.0,334609.0,0.0,79558.0,8170.0,,,1001106.0,913378.0,437170.0,36839.0,400331.0,,12009.0,55076.0,29725.0,0.0,52660.0,21418.0,247792.0,100698.0,1351.0,11988.0,,,,,,,,,,,,25.0,53903.0,1148.0,1155.0,2669.0,4646.0,,,,,,,,,,,,,,13339.0,,,,,,,,,,21.2,52.29,68.95,45.96,285.84,2.48,2.55,0.0,,,,,,,,,,,,,,,3,2012-07-01,2012-Q3,,,,,,,,,,,Требуется ручная проверка,0,
1002,"ОАО Комсоцбанк ""Бумеранг""",2012,117250.0,268074.0,58822.0,31995.0,78750.0,209095.0,0.0,91506.0,0.0,,,1061728.0,970222.0,517083.0,72832.0,444251.0,,13312.0,84563.0,47519.0,0.0,77287.0,31549.0,416500.0,173528.0,1972.0,10454.0,,,,,,,,,,,,30.0,83385.0,1148.0,2496.0,4579.0,7213.0,,,,,,,,,,,,,,12426.0,,,,,,,,,,18.74,58.0,67.65,49.77,295.44,2.34,2.49,0.0,,,,,,,,,,,,,,,4,2012-10-01,2012-Q4,,0409135,,,,,,,,,Требуется ручная проверка,0,
1002,"ОАО Комсоцбанк ""Бумеранг""",2013,117250.0,268074.0,58822.0,31995.0,86270.0,214063.0,34021.0,86423.0,398.0,,,1136961.0,1050140.0,574202.0,90253.0,483949.0,,14177.0,114941.0,66517.0,0.0,105255.0,37756.0,560233.0,235813.0,2562.0,9531.0,,,,,,,,,,,,34.0,113759.0,1148.0,4078.0,6658.0,9730.0,,,,,,,,,,,,,,12093.0,,,,,,,,,,19.21,64.16,73.12,62.87,314.37,2.24,2.37,0.0,,,,,,,,,,,,,,,1,2013-01-01,2013-Q1,,,,,,,,,,,Требуется ручная проверка,0,
1002,"ОАО Комсоцбанк ""Бумеранг""",2013,129750.0,280574.0,58813.0,32004.0,90515.0,269061.0,0.0,89134.0,225.0,,,1143580.0,1054221.0,646063.0,84562.0,561501.0,,17288.0,29655.0,20660.0,0.0,25974.0,6434.0,112270.0,45246.0,160.0,3843.0,,,,,,,,,,,,18.0,29637.0,0.0,1610.0,2176.0,2715.0,,,,,,,,,,,,,,4003.0,,,,,,,,,,17.48,52.0,66.63,41.81,326.59,2.43,2.53,,,,,,,,,,311161.0,,,,,,2,2013-04-01,2013-Q2,,0409135,,,,,,,,,Требуется ручная проверка,0,
1002,"ОАО Комсоцбанк ""Бумеранг""",2013,129750.0,280764.0,58813.0,32194.0,41815.0,138504.0,0.0,72779.0,0.0,,,1173233.0,1100454.0,679648.0,68085.0,611563.0,,17302.0,63297.0,41863.0,0.0,62588.0,22686.0,292586.0,114226.0,6866.0,4470.0,,,,,,,,,,,,20.0,63277.0,0.0,2608.0,4028.0,5250.0,,,,,,,,,,,,,,2396.0,,,,,,,,,,17.33,47.66,64.72,44.53,293.6,2.29,2.35,0.0,,,,,,,,,288402.0,,,,,,3,2013-07-01,2013-Q3,,0409135,,,,,,,,,Требуется ручная проверка,0,
1002,"ОАО Комсоцбанк ""Бумеранг""",2013,153760.0,304774.0,58813.0,32194.0,35973.0,262668.0,100000.0,72383.0,1536.0,9293.0,,1231680.0,1157761.0,749958.0,74009.0,675949.0,,18427.0,97998.0,64268.0,0.0,94177.0,34244.0,452539.0,177484.0,6860.0,1279.0,,,,,,,,,,,,20.0,97334.0,644.0,3434.0,5978.0,7574.0,,,,,,,,,,,,,,5581.0,,,,,,,,,,15.53,30.16,60.45,46.87,339.62,3.45,2.48,0.0,,,,,,,,,217640.0,,,,,,4,2013-10-01,2013-Q4,,0409135,,,,,,,,,Требуется ручная проверка,0,
1002,"ОАО Комсоцбанк ""Бумеранг""",2014,153776.0,304790.0,58813.0,32194.0,28187.0,73922.0,,56248.0,1308.0,114901.0,,1230216.0,1172660.0,708594.0,43781.0,664813.0,,19561.0,131811.0,88404.0,0.0,109600.0,37539.0,609923.0,274221.0,7606.0,2621.0,,,,,,,,,,,,20.0,128226.0,3565.0,4574.0,7245.0,9753.0,,,,,,,,,,,,,,10227.0,,,,,,,,,,15.54,9.99,51.06,68.83,351.36,2.35,2.54,0.0,,,,,,,,,62347.0,,,,,,1,2014-01-01,2014-Q1,,,,,,,,,,,Требуется ручная проверка,0,
1002,"ОАО Комсоцбанк ""Бумеранг""",2014,153776.0,310459.0,58813.0,31227.0,29213.0,16082.0,,37703.0,1587.0,,,1209056.0,1169766.0,645458.0,5064.0,640394.0,,43075.0,29209.0,19379.0,,24161.0,4427.0,145443.0,87506.0,1436.0,4864.0,,,,,,,,,,,,,28409.0,800.0,1459.0,114.0,1500.0,,,,,,,,,,,,,,6300.0,,,,,13.01,13.05,17.45,,,,48.55,83.2,44.95,330.67,0.45,0.6,0.0,,,,,,,,,277080.0,,,,,297143.0,2,2014-04-01,2014-Q2,,,,,,,,,,,Требуется ручная проверка,0,
1002,"ОАО Комсоцбанк ""Бумеранг""",2014,130026.0,,0.0,32677.0,,,,,,,,,,,,,,,56518.0,40018.0,0.0,43144.0,9546.0,274927.0,149822.0,3471.0,4774.0,,,,,,,,,,,,0.0,54629.0,1889.0,2266.0,199.0,3781.0,,,,,,,,,,,,,,8245.0,,,,,13.34,13.38,17.65,,,,33.06,76.52,42.1,318.97,0.0,0.24,0.0,,,,,,,,,147431.0,,,,,286616.0,3,2014-07-01,2014-Q3,,,,,,,,,,,Требуется ручная проверка,0,
1002,"ОАО Комсоцбанк ""Бумеранг""",2014,153776.0,320564.0,68436.0,31709.0,40808.0,80140.0,0.0,27512.0,4452.0,,,1130555.0,1098591.0,663531.0,5122.0,658409.0,,11621.0,84371.0,60347.0,0.0,73346.0,20784.0,416157.0,211718.0,3929.0,1851.0,,,,90000.0,90000.0,,,,,,,0.0,81070.0,3301.0,2919.0,292.0,5972.0,,,,,,,,,,,,,,2078.0,,,,,12.22,12.26,21.63,,,,49.84,91.15,15.53,272.08,0.0,0.26,0.0,,,,,,,,,265396.0,,,,,369276.0,4,2014-10-01,2014-Q4,,,,,,,,,,,Требуется ручная проверка,0,
1002,"ОАО Комсоцбанк ""Бумеранг""",2015,153776.0,320564.0,68436.0,31709.0,37986.0,143688.0,0.0,24764.0,7066.0,,,1256184.0,1224354.0,762358.0,95599.0,666759.0,,12819.0,125576.0,83172.0,,220650.0,143213.0,777428.0,308462.0,4355.0,17753.0,,,,90000.0,90000.0,,,,,,,,120823.0,4753.0,6221.0,2653.0,8090.0,,,,,,,,,,,,,,22108.0,,,,,13.33,13.33,23.0,,,,48.12,80.8,6.9,262.08,0.0,1.25,0.0,,,,,,,,,215292.0,,,,,394207.0,1,2015-01-01,2015-Q1,,,,,,,,,,,Требуется ручная проверка,0,
1002,"ОАО Комсоцбанк ""Бумеранг""",2015,153776.0,312961.0,68420.0,30758.0,41803.0,126914.0,0.0,30689.0,17160.0,0.0,,1269547.0,1221698.0,821258.0,146883.0,674375.0,,11592.0,41216.0,28794.0,,59086.0,43055.0,294047.0,61999.0,69.0,1438.0,,,,90000.0,90000.0,,,,,,,,40945.0,271.0,3473.0,3594.0,921.0,,,,,,,,,,,,,,1507.0,,,,,11.72,11.72,20.86,,,,38.71,71.87,6.13,287.62,0.0,1.64,0.0,,,,,,,,,197011.0,,,,,387882.0,2,2015-04-01,2015-Q2,,,,,,,,,,,Требуется ручная проверка,0,
1003,"""СПОРТИНВЕСТБАНК"" ООО",2009,56000.0,68474.0,,,12325.0,27818.0,,23991.0,,,,130607.0,106616.0,23205.0,16631.0,6574.0,,597.0,14648.0,461.0,,19273.0,6918.0,53930.0,2452.0,,2675.0,,,,,,,,,,,,450.0,14198.0,,,192.0,0.0,,,,,,,,,,,,,,2675.0,,,,,,,,,,,,,,,,,,,,,,,,,,,,,,,,4,2009-10-01,2009-Q4,,,,,,,,,,,Требуется ручная проверка,0,
1003,"""СПОРТИНВЕСТБАНК"" ООО",2010,56000.0,68474.0,,,6444.0,29601.0,,23084.0,,,,127256.0,104172.0,35580.0,28000.0,7580.0,,815.0,19883.0,663.0,,18800.0,7781.0,71600.0,9115.0,,3849.0,,,,,,,,,,,,493.0,19390.0,,,243.0,0.0,,,,,,,,,,,,,,3849.0,,,,,,,,,,,,,,,,,,,,,,,,,,,,,,,,1,2010-01-01,2010-Q1,,,,,,,,,,,Требуется ручная проверка,0,
1003,"""СПОРТИНВЕСТБАНК"" ООО",2010,56000.0,68474.0,,,4479.0,32760.0,,14065.0,,,,130636.0,116571.0,37005.0,28000.0,9005.0,,831.0,5838.0,247.0,,1460.0,220.0,11209.0,637.0,,902.0,,,,,,,,,,,,92.0,5736.0,,,69.0,0.0,,,,,,,,,,,,,,902.0,,,,,,,,,,,,,,,,,,,,,,,,,,,,,,,,2,2010-04-01,2010-Q2,,,,,,,,,,,Требуется ручная проверка,0,
1003,"""СПОРТИНВЕСТБАНК"" ООО",2010,56000.0,64335.0,,,7590.0,63758.0,,4303.0,,,,135760.0,131457.0,36765.0,28000.0,8765.0,,634.0,12176.0,480.0,,4717.0,1383.0,26663.0,3849.0,,242.0,,,,,,,,,,,,92.0,12074.0,,,139.0,0.0,,,,,,,,,,,,,,242.0,,,,,,,,,,,,,,,,,,,,,,,,,,,,,,,,3,2010-07-01,2010-Q3,,,,,,,,,,,Требуется ручная проверка,0,
1003,"""СПОРТИНВЕСТБАНК"" ООО",2010,56000.0,64335.0,,,13934.0,50700.0,,22084.0,,,,148641.0,126557.0,64591.0,28000.0,36591.0,,1240.0,19001.0,724.0,,7492.0,2118.0,38632.0,4473.0,,487.0,,,,,,,,,,,,92.0,18852.0,,,209.0,0.0,,,,,,,,,,,,,,487.0,,,,,,,,,,,,,,,,,,,,,,,,,,,,,,,,4,2010-10-01,2010-Q4,,,,,,,,,,,Требуется ручная проверка,0,
1003,"""СПОРТИНВЕСТБАНК"" ООО",2011,,,,,,,,,,,,,,,,,,,25830.0,960.0,,11137.0,3170.0,51458.0,5020.0,,1173.0,,,,,,,,,,,,92.0,25681.0,,,280.0,9.0,,,,,,,,,,,,,,1173.0,,,,,,,,,,,,,,,,,,,,,,,,,,,,,,,,1,2011-01-01,2011-Q1,,,,,,,,,,,Требуется ручная проверка,0,
1003,"""СПОРТИНВЕСТБАНК"" ООО",2011,56000.0,64335.0,,,11266.0,89916.0,,77740.0,14.0,0.0,,165733.0,87979.0,47529.0,38000.0,9529.0,,1537.0,6194.0,919.0,,2980.0,416.0,14301.0,3979.0,,49.0,,,,,,,,,,,,0.0,6194.0,,175.0,251.0,344.0,,,,,,,,,,,,,,49.0,,,,,,,,,,36.57,126.41,124.85,78.89,207.95,0.0,0.75,0.0,,,,,,,,,,,,,,,2,2011-04-01,2011-Q2,,,,,,,,,,,Требуется ручная проверка,0,
1003,"ООО ""ЛЕНОБЛБАНК""",2011,,,,,,,,,,,,,,,,,,,16270.0,2862.0,,11127.0,2525.0,39189.0,8145.0,,14.0,,,,,,,,,,,,444.0,15819.0,7.0,1155.0,928.0,134.0,,,,,,,,,,,,,,14.0,,,,,,,,,,36.95,86.12,99.64,45.79,186.28,0.0,0.74,0.0,,,,,,,,,,,,,,,3,2011-07-01,2011-Q3,,,,,,,,,,,Требуется ручная проверка,0,
1003,"ООО ""ЛЕНОБЛБАНК""",2011,126000.0,135255.0,,,47576.0,47873.0,130000.0,128593.0,859.0,22997.0,,343335.0,213883.0,217159.0,113740.0,103419.0,,3651.0,31120.0,7304.0,,31248.0,10581.0,89982.0,13433.0,,105.0,,,,,,,,,,,,10.0,29390.0,9.0,2525.0,2230.0,134.0,,,,,,,,,,,,,,105.0,,,,,,,,,,35.28,105.46,108.12,43.19,169.53,0.0,0.58,0.0,,,,,,,,,,,,,,,4,2011-10-01,2011-Q4,,,,,,,,,,,Требуется ручная проверка,0,
1003,"ООО ""ЛЕНОБЛБАНК""",2012,,,,,,,,,,,,,,,,,,,48779.0,12624.0,,70322.0,27505.0,166306.0,18940.0,,1413.0,,,,,,,,,,,,13.0,45857.0,162.0,3090.0,4065.0,148.0,,,,,,,,,,,,,,1413.0,,,,,,,,,,25.07,84.99,81.18,47.71,278.28,0.0,0.77,0.0,,,,,,,,,,,,,,,1,2012-01-01,2012-Q1,,,,,,,,,,,Требуется ручная проверка,0,
1003,"ООО ""ЛЕНОБЛБАНК""",2012,126000.0,135255.0,,,83464.0,62443.0,50030.0,135376.0,387.0,,,574946.0,439183.0,467669.0,231081.0,236588.0,,7407.0,21422.0,8166.0,,40266.0,17389.0,89918.0,11828.0,83.0,20.0,,,,,,,,,,,,23.0,20758.0,151.0,1032.0,2195.0,132.0,,,,,,,,,,,,,,63.0,,,,,,,,,,26.29,118.59,119.71,13.63,270.09,0.0,1.02,0.0,,,,,,,,,,,,,,,2,2012-04-01,2012-Q2,,,,,,,,,,,Требуется ручная проверка,0,
1003,"ООО ""ЛЕНОБЛБАНК""",2012,126000.0,135488.0,,,154995.0,64529.0,70030.0,98341.0,6551.0,,,588842.0,483950.0,612602.0,237823.0,374779.0,,8843.0,43833.0,18498.0,,122650.0,56031.0,254990.0,31465.0,163.0,1064.0,,,,,,,,,,,,64.0,42324.0,151.0,1829.0,4627.0,199.0,,,,,,,,,,,,,,1227.0,,,,,,,,,,19.31,109.19,98.07,39.78,327.37,0.0,1.21,0.0,,,,,,,,,,,,,,,3,2012-07-01,2012-Q3,,,,,,,,,,,Требуется ручная проверка,0,
1003,"ООО ""ЛЕНОБЛБАНК""",2012,166000.0,175488.0,0.0,,193658.0,85702.0,95030.0,122217.0,6519.0,0.0,,772121.0,643385.0,862740.0,315124.0,547616.0,,12156.0,71738.0,32519.0,,201036.0,85957.0,450011.0,43494.0,631.0,1335.0,,,,,,,,,,,,69.0,68675.0,70.0,2389.0,8060.0,199.0,,,,,,,,,,,,,,1966.0,,,,,,,,,,16.01,101.25,106.86,60.84,365.15,0.0,1.17,0.0,,,,,,,,,,,,,,,4,2012-10-01,2012-Q4,,0409135,,,,,,,,,Требуется ручная проверка,0,
1003,"ООО ""ЛЕНОБЛБАНК""",2013,166000.0,175618.0,130.0,,211031.0,50515.0,160630.0,208114.0,91.0,41406.0,,1019827.0,811622.0,1033969.0,340168.0,693801.0,,15911.0,110960.0,51674.0,,274817.0,107386.0,671413.0,65956.0,1593.0,2629.0,,,,,,,,,,,,83.0,103774.0,1047.0,4564.0,11721.0,199.0,,,,,,,,,,,,,,4222.0,,,,,,,,,,13.83,98.81,119.1,54.71,427.77,0.0,1.68,0.0,,,,,,,,,,,,,,,1,2013-01-01,2013-Q1,,,,,,,,,,,Требуется ручная проверка,0,
1003,"ООО ""ЛЕНОБЛБАНК""",2013,166000.0,175665.0,177.0,,270698.0,52943.0,136774.0,229671.0,1531.0,141866.0,,1125228.0,894026.0,1325356.0,326018.0,999338.0,,19857.0,41680.0,23909.0,,64247.0,21061.0,228703.0,17580.0,461.0,26.0,,,,,,,,,,,,334.0,36964.0,949.0,2007.0,3113.0,0.0,,,,,,,,,,,,,,487.0,,,,,,,,,,10.24,113.73,107.7,53.16,444.51,0.0,1.84,0.0,,,,,,,,,470052.0,,,,,,2,2013-04-01,2013-Q2,,0409135,,,,,,,,,Требуется ручная проверка,0,
1003,"ООО ""ЛЕНОБЛБАНК""",2013,231000.0,242216.0,272.0,,284051.0,71580.0,182355.0,296375.0,1915.0,255931.0,,1149736.0,851446.0,1606622.0,190435.0,1416187.0,,24771.0,86081.0,55882.0,,264977.0,161344.0,779379.0,46715.0,1029.0,51.0,,,,,,,,,,,,1078.0,75142.0,1914.0,3801.0,5559.0,0.0,,,,,,,,,,,,,,1080.0,,,,,,,,,,12.86,104.05,97.56,51.36,383.77,0.0,1.8,0.0,,,,,,,,,912980.0,,,,,,3,2013-07-01,2013-Q3,,0409135,,,,,,,,,Требуется ручная проверка,0,
1003,"ООО ""ЛЕНОБЛБАНК""",2013,231000.0,242292.0,348.0,,448628.0,54816.0,314772.0,340678.0,3579.0,307362.0,,1322146.0,977889.0,2142934.0,235091.0,1907843.0,,31881.0,140305.0,96449.0,,372785.0,200450.0,1292045.0,82983.0,1401.0,106.0,,,,,,,,,,,,474.0,120801.0,2907.0,5299.0,8322.0,74.0,,,,,,,,,,,,,,1507.0,,,,,,,,,,11.57,130.7,122.6,36.63,430.09,0.0,1.51,0.0,,,,,,,,,1096468.0,,,,,,4,2013-10-01,2013-Q4,,0409135,,,,,,,,,Требуется ручная проверка,0,
1003,"ООО ""ЛЕНОБЛБАНК""",2014,231000.0,242386.0,442.0,,705654.0,205459.0,277023.0,451736.0,7931.0,308171.0,,1562703.0,1103036.0,2931496.0,260788.0,2670708.0,12415.0,41099.0,203605.0,147379.0,,527854.0,249927.0,1932774.0,137626.0,2827.0,348.0,,,,,,,,,,,,652.0,176405.0,3755.0,5693.0,10811.0,30.0,,,,,,,,,,,,,,3175.0,,,,,,,,,,11.07,142.95,136.62,44.02,411.28,0.0,2.17,0.0,,,,,,,,,957658.0,,,,,,1,2014-01-01,2014-Q1,,,,,,,,,,,Требуется ручная проверка,0,
1003,"ООО ""ЛЕНОБЛБАНК""",2014,244000.0,311861.0,56917.0,,330593.0,68227.0,61715.0,543327.0,15481.0,383937.0,,1962603.0,1403795.0,3159284.0,248206.0,2911078.0,,35321.0,68094.0,57404.0,,148766.0,78908.0,848352.0,47489.0,904.0,26042.0,,,,179000.0,179000.0,,,,,,,2.0,64651.0,435.0,93.0,2862.0,0.0,,,,,,,,,,,,,,25138.0,,,,,7.31,7.31,11.93,,,,90.37,84.95,70.1,410.08,15.85,2.18,0.0,,,,,,,,,662441.0,,,,,504968.0,2,2014-04-01,2014-Q2,,,,,,,,,,,Требуется ручная проверка,0,
1003,"ООО ""ЛЕНОБЛБАНК""",2014,330000.0,,0.0,,,,,,,,,,,,,,,,153248.0,111850.0,,323368.0,183874.0,1786497.0,150749.0,9199.0,16344.0,,,,179000.0,179000.0,,,,,,,146.0,147511.0,702.0,1940.0,5956.0,0.0,,,,,,,,,,,,,,25543.0,,,,,6.15,6.15,10.47,,,,60.35,86.22,82.6,456.83,4.78,2.25,0.0,,,,,,,,,503225.0,,,,,523890.0,3,2014-07-01,2014-Q3,,,,,,,,,,,Требуется ручная проверка,0,
1003,"ООО ""ЛЕНОБЛБАНК""",2014,380000.0,463401.0,69144.0,,387913.0,2918.0,50554.0,644040.0,54382.0,254848.0,,2987790.0,2289368.0,3283572.0,272473.0,3011099.0,,36009.0,251037.0,170756.0,,609333.0,304407.0,2829226.0,232758.0,6983.0,20346.0,,,,179000.0,179000.0,,,,,,,188.0,243952.0,932.0,3913.0,9085.0,0.0,,,,,,,,,,,,,,27329.0,,,,,6.47,6.47,10.54,,,,69.14,67.56,95.25,462.07,4.35,2.74,0.0,,,,,,,,,692907.0,,,,,575924.0,4,2014-10-01,2014-Q4,,,,,,,,,,,Требуется ручная проверка,0,
1003,"ООО ""ЛЕНОБЛБАНК""",2015,380000.0,463354.0,69097.0,,322816.0,53863.0,740.0,746441.0,72418.0,353282.0,,3588190.0,2769331.0,3845069.0,319920.0,3525149.0,,41745.0,370587.0,233746.0,,1672400.0,973161.0,7010275.0,336917.0,4861.0,6189.0,,,,229000.0,229000.0,,,,,,,212.0,360354.0,3933.0,5959.0,12576.0,43.0,,,,,,,,,,,,,,1328.0,,,,,6.47,6.47,11.11,,,,65.04,74.63,110.62,459.17,1.95,2.27,0.0,,,,,,,,,551644.0,,,,,651778.0,1,2015-01-01,2015-Q1,,,,,,,,,,,Требуется ручная проверка,0,
1003,"ООО ""ЛЕНОБЛБАНК""",2015,380000.0,469025.0,74768.0,,465561.0,82672.0,919.0,755117.0,126283.0,594705.0,,4013496.0,3132096.0,4494457.0,260609.0,4233848.0,,49664.0,140473.0,123333.0,,470423.0,356236.0,3197238.0,115571.0,0.0,15596.0,,,,229000.0,229000.0,,,,,,,203.0,127831.0,12379.0,559.0,3600.0,0.0,,,,,,,,,,,,,,15596.0,,,,,6.22,6.22,10.87,,,,62.4,103.56,106.12,522.82,0.0,2.36,0.0,,,,,,,,,740732.0,,,,,656759.0,2,2015-04-01,2015-Q2,,,,,,,,,,,Требуется ручная проверка,0,
1003,"ООО ""ЛЕНОБЛБАНК""",2015,439600.0,537967.0,77355.0,,668931.0,53942.0,795.0,615326.0,152513.0,345788.0,,4274156.0,3506317.0,4777753.0,253015.0,4524738.0,,52321.0,291731.0,267927.0,,784686.0,540873.0,6221169.0,246583.0,3629.0,27048.0,,,,229000.0,229000.0,,,,,,,614.0,267027.0,23536.0,645.0,6768.0,0.0,,,,,,,,,,,,,,23419.0,,,,,6.45,6.45,10.77,,,,76.72,65.81,50.43,527.14,0.0,2.21,0.0,,,,,,,,,832034.0,,,,,704520.0,3,2015-07-01,2015-Q3,,,,,,,,,,,Требуется ручная проверка,0,
1003,"ООО ""ЛЕНОБЛБАНК""",2015,439600.0,,0.0,,,,,,,,,,,,,,,,466205.0,419095.0,,1059116.0,729860.0,9166441.0,436638.0,937.0,57072.0,,,,229000.0,229000.0,,,,,,,635.0,429807.0,34867.0,676.0,9827.0,0.0,,,,,,,,,,,,,,56135.0,,,,,0.16,0.16,0.19,,,,74.45,101.48,17.26,19072.8,0.0,119.48,0.0,,,,,,,,,644087.0,,,,,14737.0,4,2015-10-01,2015-Q4,,,,,,,,,,,Требуется ручная проверка,0,
1006,"ОАО ""БАШПРОМБАНК""",2008,150000.0,220090.0,387.0,46453.0,1418.0,9330.0,,765209.0,14564.0,,,779773.0,,9060.0,,9060.0,,1098.0,48173.0,19511.0,,,,35528.0,2862.0,,19816.0,,,,,,,,,,,,1.0,48172.0,,19511.0,,,,,,,,,,,,,,,,,,,,,,,,,,,,,,,,,,,,,,,,,,,,,,,,3,2008-07-01,2008-Q3,,,,,,,,,,,Требуется ручная проверка,0,
1006,"ОАО ""БАШПРОМБАНК""",2008,150000.0,232576.0,387.0,58939.0,492.0,10204.0,,912867.0,14844.0,,,927711.0,,9056.0,,9056.0,,1068.0,79140.0,33619.0,55.0,,,60124.0,5840.0,,29381.0,,,,,,,,,,,,1.0,79139.0,,33618.0,1.0,,,,,,,,,,,,,,,,,,,,,,,,,,,,,,,,,,,,,,,,,,,,,,,4,2008-10-01,2008-Q4,,,,,,,,,,,Требуется ручная проверка,0,
1006,"ОАО ""БАШПРОМБАНК""",2009,150000.0,232576.0,387.0,58939.0,1784.0,10646.0,,995735.0,18606.0,,,1014341.0,,9040.0,,9040.0,,74.0,113006.0,49594.0,55.0,,,87605.0,8433.0,,38709.0,,,,,,,,,,,,2.0,113004.0,,49593.0,1.0,,,,,,,,,,,,,,,,,,,,,,,,,,,,,,,,,,,,,,,,,,,,,,,1,2009-01-01,2009-Q1,,,,,,,,,,,Требуется ручная проверка,0,
1006,"ОАО ""БАШПРОМБАНК""",2009,150000.0,232576.0,387.0,58939.0,2684.0,7258.0,,992815.0,28221.0,,,1021036.0,,9089.0,,9089.0,,73.0,34165.0,15918.0,,,,28626.0,1632.0,2481.0,7568.0,,,,,,,,,,,,,34165.0,,15918.0,,,,,,,,,,,,,,,,10049.0,,,,,,,,,,,,,,,,,,,,,,,,,,,,,,,,2,2009-04-01,2009-Q2,,,,,,,,,,,Требуется ручная проверка,0,
1006,"ОАО ""БАШПРОМБАНК""",2009,150000.0,232576.0,387.0,58939.0,486.0,10294.0,,988150.0,31948.0,,,1020098.0,,11153.0,,11153.0,,74.0,68344.0,31568.0,0.0,8.0,0.0,65744.0,4584.0,4536.0,10267.0,,,,,,,,,,,,0.0,68344.0,0.0,31568.0,0.0,0.0,,,,,,,,,,,,,,14803.0,,,,,,,,,,,,,,,,,,,,,,,,,,,,,,,,3,2009-07-01,2009-Q3,,,,,,,,,,,Требуется ручная проверка,0,
1006,"ОАО ""БАШПРОМБАНК""",2009,150000.0,261050.0,387.0,87413.0,1125.0,5655.0,,968733.0,40668.0,,,1009401.0,,10933.0,,10933.0,,294.0,101840.0,46581.0,,10.0,,98412.0,7940.0,5910.0,14802.0,,,,,,,,,,,,,101840.0,,46580.0,1.0,,,,,,,,,,,,,,,20712.0,,,,,,,,,,,,,,,,,,,,,,,,,,,,,,,,4,2009-10-01,2009-Q4,,,,,,,,,,,Требуется ручная проверка,0,
1006,"ОАО ""БАШПРОМБАНК""",2010,150000.0,261050.0,387.0,87413.0,2544.0,12156.0,,947903.0,51888.0,,,999791.0,,9482.0,,9482.0,,370.0,134986.0,61034.0,0.0,15.0,0.0,135082.0,12621.0,4364.0,16367.0,,,,,,,,,,,,0.0,134986.0,0.0,61007.0,27.0,0.0,,,,,,,,,,,,,,20731.0,,,,,,,,,,,,,,,,,,,,,,,,,,,,,,,,1,2010-01-01,2010-Q1,,,,,,,,,,,Требуется ручная проверка,0,
1006,"ОАО ""БАШПРОМБАНК""",2010,150000.0,261050.0,387.0,87413.0,818.0,22301.0,,941064.0,56081.0,,,997145.0,,16850.0,,16850.0,,391.0,31965.0,13637.0,0.0,9.0,0.0,28502.0,2351.0,361.0,6288.0,,,,,,,,,,,,0.0,31965.0,0.0,13635.0,2.0,0.0,,,,,,,,,,,,,,6649.0,,,,,,,,,,,,,,,,,,,,,,,,,,,,,,,,2,2010-04-01,2010-Q2,,,,,,,,,,,Требуется ручная проверка,0,
1006,"ОАО ""Башпромбанк""",2010,150000.0,276023.0,158.0,102615.0,1704.0,24182.0,920.0,878925.0,50534.0,,,929459.0,,14567.0,,14567.0,,465.0,93042.0,35747.0,0.0,40.0,6.0,83519.0,11300.0,5284.0,22201.0,,,,,,,,,,,,3.0,93039.0,0.0,35737.0,10.0,0.0,,,,,,,,,,,,,,27485.0,,,,,,,,,,,,,,,,,,,,,,,,,,,,,,,,4,2010-10-01,2010-Q4,,,,,,,,,,,Требуется ручная проверка,0,
1006,"ОАО ""Башпромбанк""",2011,,,,,,,,,,,,,,,,,,,122519.0,43229.0,0.0,91.0,14.0,114037.0,17778.0,9281.0,28361.0,,,,,,,,,,,,63.0,122453.0,0.0,43199.0,30.0,0.0,,,,,,,,,,,,,,37642.0,,,,,,,,,,,,,,,,,,,,,,,,,,,,,,,,1,2011-01-01,2011-Q1,,,,,,,,,,,Требуется ручная проверка,0,
1006,"ОАО ""Башпромбанк""",2011,150000.0,276023.0,157.0,102616.0,4304.0,62379.0,878.0,864977.0,60660.0,,,925637.0,,53080.0,32000.0,21080.0,,3217.0,28988.0,7861.0,0.0,13.0,3.0,24528.0,5134.0,2973.0,9853.0,,,,,,,,,,,,733.0,28255.0,0.0,6959.0,360.0,0.0,,,,,,,,,,,,,,12826.0,,,,,,,,,,28.87,85.12,85.25,104.32,0.0,38.86,0.0,0.09,,,,,,,,,,,,,,,2,2011-04-01,2011-Q2,,,,,,,,,,,Требуется ручная проверка,0,
1006,"ОАО ""Башпромбанк""",2011,,,,,,,,,,,,,,,,,,,57446.0,15211.0,0.0,35.0,7.0,51569.0,15329.0,5801.0,21960.0,,,,,,,,,,,,1047.0,56399.0,0.0,13945.0,688.0,0.0,,,,,,,,,,,,,,27761.0,,,,,,,,,,33.58,69.94,68.29,103.76,0.0,32.56,0.0,0.09,,,,,,,,,,,,,,,3,2011-07-01,2011-Q3,,,,,,,,,,,Требуется ручная проверка,0,
1006,"ОАО ""Башпромбанк""",2011,150000.0,303872.0,157.0,130465.0,8062.0,27236.0,876.0,812210.0,45704.0,,,857914.0,,24375.0,,24375.0,,2958.0,84151.0,23385.0,0.0,77.0,24.0,80154.0,29350.0,7498.0,34748.0,,,,,,,,,,,,1209.0,82942.0,0.0,22069.0,705.0,0.0,,,,,,,,,,,,,,42246.0,,,,,,,,,,36.74,73.58,74.12,96.71,0.0,14.95,0.22,0.09,,,,,,,,,,,,,,,4,2011-10-01,2011-Q4,,,,,,,,,,,Требуется ручная проверка,0,
1006,"ОАО ""Башпромбанк""",2012,,,,,,,,,,,,,,,,,,,110364.0,32767.0,0.0,122.0,24.0,112747.0,40170.0,11515.0,39997.0,,,,,,,,,,,,1355.0,109009.0,0.0,31415.0,705.0,0.0,,,,,,,,,,,,,,51512.0,,,,,,,,,,39.08,77.8,83.86,92.11,0.0,13.32,0.21,0.09,,,,,,,,,,,,,,,1,2012-01-01,2012-Q1,,,,,,,,,,,Требуется ручная проверка,0,
1006,"ОАО ""Башпромбанк""",2012,150000.0,303872.0,103.0,130519.0,6499.0,36961.0,879.0,735682.0,40373.0,,,776055.0,,18166.0,,18166.0,,1047.0,23852.0,8888.0,0.0,59.0,5.0,23263.0,9126.0,3158.0,10081.0,,,,,,,,,,,,17.0,23835.0,0.0,8849.0,39.0,0.0,,,,,,,,,,,,,,13239.0,,,,,,,,,,41.15,73.2,76.86,93.77,0.0,9.28,0.28,0.08,,,,,,,,,,,,,,,2,2012-04-01,2012-Q2,,,,,,,,,,,Требуется ручная проверка,0,
1006,"ОАО ""Башпромбанк""",2012,150000.0,303872.0,103.0,130519.0,4510.0,17317.0,984.0,692414.0,40169.0,,,732583.0,,19229.0,,19229.0,,891.0,46529.0,16384.0,0.0,213.0,5.0,45975.0,22516.0,5814.0,24207.0,,,,,,,,,,,,26.0,46503.0,0.0,16281.0,103.0,0.0,,,,,,,,,,,,,,30021.0,,,,,,,,,,44.93,69.87,73.87,93.96,0.0,6.27,0.31,0.08,,,,,,,,,,,,,,,3,2012-07-01,2012-Q3,,,,,,,,,,,Требуется ручная проверка,0,
1006,"ОАО ""Башпромбанк""",2012,150000.0,345059.0,103.0,171706.0,4433.0,26719.0,979.0,670176.0,40619.0,,,710795.0,,20026.0,,20026.0,,1002.0,68467.0,22882.0,0.0,427.0,13.0,68693.0,27643.0,9484.0,29155.0,,,,,,,,,,,,40.0,68427.0,0.0,22709.0,173.0,0.0,,,,,,,,,,,,,,38639.0,,,,,,,,,,44.5,61.76,64.06,94.77,0.0,8.74,0.33,0.04,,,,,,,,,,,,,,,4,2012-10-01,2012-Q4,,0409135,,,,,,,,,Требуется ручная проверка,0,
1006,"ОАО ""Башпромбанк""",2013,150000.0,345059.0,103.0,171706.0,4060.0,66759.0,942.0,642160.0,30325.0,,,672485.0,,15421.0,,15421.0,,1231.0,89832.0,28401.0,0.0,599.0,13.0,89816.0,37477.0,9698.0,39764.0,,,,,,,,,,,,50.0,89782.0,0.0,28169.0,232.0,0.0,,,,,,,,,,,,,,49462.0,,,,,,,,,,49.37,71.27,77.07,92.84,0.0,3.66,0.3,0.04,,,,,,,,,,,,,,,1,2013-01-01,2013-Q1,,,,,,,,,,,Требуется ручная проверка,0,
1006,"ОАО ""Башпромбанк""",2013,150000.0,345059.0,103.0,171706.0,5210.0,21959.0,929.0,604989.0,27808.0,,,632797.0,,15353.0,,15353.0,,1185.0,19054.0,4335.0,0.0,58.0,0.0,17014.0,4662.0,1814.0,7006.0,,,,,,,,,,,,11.0,19043.0,0.0,4279.0,56.0,0.0,,,,,,,,,,,,,,8820.0,,,,,,,,,,51.68,67.01,76.1,91.95,0.0,7.25,0.29,0.04,,,,,,,,,48927.0,,,,,,2,2013-04-01,2013-Q2,,0409135,,,,,,,,,Требуется ручная проверка,0,
1006,"ОАО ""Башпромбанк""",2013,150000.0,345059.0,103.0,171706.0,2428.0,10161.0,958.0,578411.0,27936.0,,,606347.0,,16549.0,,16549.0,,891.0,36961.0,8304.0,0.0,65.0,0.0,37655.0,9968.0,3794.0,10034.0,,,,,,,,,,,,21.0,36940.0,0.0,8211.0,93.0,0.0,,,,,,,,,,,,,,13828.0,,,,,,,,,,54.55,73.97,77.83,90.56,0.0,6.16,0.41,0.04,,,,,,,,,46158.0,,,,,,3,2013-07-01,2013-Q3,,0409135,,,,,,,,,Требуется ручная проверка,0,
1006,"ОАО ""Башпромбанк""",2013,150000.0,384541.0,103.0,211188.0,4005.0,11725.0,21007.0,564153.0,24618.0,,,588771.0,,22353.0,,22353.0,,737.0,56126.0,12188.0,0.0,73.0,3.0,53294.0,16440.0,4005.0,20407.0,,,,,,,,,,,,21.0,56105.0,0.0,12059.0,129.0,0.0,,,,,,,,,,,,,,24412.0,,,,,,,,,,57.0,72.62,74.35,85.51,0.0,3.65,0.39,0.0,,,,,,,,,33369.0,,,,,,4,2013-10-01,2013-Q4,,0409135,,,,,,,,,Требуется ручная проверка,0,
1006,"ОАО ""Башпромбанк""",2014,150000.0,384541.0,103.0,211188.0,2408.0,14358.0,71006.0,541770.0,20467.0,,,562237.0,,26511.0,,26511.0,,648.0,74381.0,16077.0,0.0,80.0,5.0,72944.0,23519.0,7268.0,26498.0,,,,,,,,,,,,21.0,74360.0,0.0,15907.0,170.0,0.0,,,,,,,,,,,,,,33766.0,,,,,,,,,,57.07,42.02,221.21,77.85,0.0,25.07,0.37,0.0,,,,,,,,,23703.0,,,,,,1,2014-01-01,2014-Q1,,,,,,,,,,,Требуется ручная проверка,0,
1006,"ОАО ""Башпромбанк""",2014,150000.0,384541.0,103.0,211188.0,2929.0,4805.0,16092.0,490036.0,20659.0,,,510695.0,,12196.0,,12196.0,,568.0,16232.0,1928.0,0.0,13.0,0.0,15178.0,10109.0,2158.0,11961.0,0.0,0.0,,0.0,0.0,,,,,,,0.0,16232.0,0.0,1908.0,20.0,0.0,,,,,,,,,,,,,,14119.0,,,,,66.83,66.83,68.61,,,,51.75,70.5,91.18,0.0,1.11,0.34,0.0,,,,,,,,,16201.0,,,,,422064.0,2,2014-04-01,2014-Q2,,,,,,,,,,,Требуется ручная проверка,0,
1006,"ОАО ""Башпромбанк""",2014,150000.0,,0.0,237799.0,,,,,,,,,,,,,,,30864.0,2401.0,0.0,33.0,10.0,34457.0,14503.0,5611.0,12029.0,0.0,0.0,,0.0,0.0,,,,,,,0.0,30864.0,0.0,2353.0,48.0,0.0,,,,,,,,,,,,,,17640.0,,,,,69.92,69.92,71.78,,,,48.58,77.02,92.29,0.0,3.58,0.32,0.0,,,,,,,,,15928.0,,,,,422033.0,3,2014-07-01,2014-Q3,,,,,,,,,,,Требуется ручная проверка,0,
1006,"ОАО ""Башпромбанк""",2014,150000.0,411172.0,123.0,237799.0,4680.0,5365.0,24118.0,447897.0,17946.0,,,465843.0,,21111.0,,21111.0,,375.0,45517.0,2528.0,0.0,50.0,20.0,45661.0,20246.0,3907.0,21861.0,0.0,0.0,,0.0,0.0,,,,,,,0.0,45517.0,0.0,2431.0,97.0,0.0,,,,,,,,,,,,,,25768.0,,,,,70.29,70.29,73.86,,,,58.57,142.92,84.62,0.0,8.6,0.29,0.0,,,,,,,,,19993.0,,,,,431994.0,4,2014-10-01,2014-Q4,,,,,,,,,,,Требуется ручная проверка,0,
1006,"ОАО ""Башпромбанк""",2015,150000.0,411172.0,123.0,237799.0,1850.0,10036.0,46490.0,431598.0,20143.0,,,451741.0,,18186.0,,18186.0,,373.0,60010.0,2572.0,0.0,177.0,55.0,63344.0,24140.0,6745.0,25194.0,0.0,0.0,,0.0,0.0,,,,,,,0.0,60010.0,0.0,2431.0,141.0,0.0,,,,,,,,,,,,,,31939.0,,,,,69.1,69.1,73.2,,,,40.62,109.0,78.47,0.0,7.08,0.5,0.0,,,,,,,,,16393.0,,,,,435473.0,1,2015-01-01,2015-Q1,,,,,,,,,,,Требуется ручная проверка,0,
1006,"ОАО ""Башпромбанк""",2015,150000.0,411172.0,123.0,237799.0,4557.0,6433.0,79848.0,402811.0,27364.0,,,430175.0,,16718.0,,16718.0,,395.0,15227.0,31.0,0.0,36.0,0.0,16031.0,4374.0,1682.0,5181.0,0.0,0.0,,0.0,0.0,,,,,,,0.0,15227.0,0.0,0.0,31.0,0.0,,,,,,,,,,,,,,6863.0,,,,,68.82,68.82,73.99,,,,70.89,136.35,72.46,0.0,21.49,0.45,0.0,,,,,,,,,27243.0,,,,,442052.0,2,2015-04-01,2015-Q2,,,,,,,,,,,Требуется ручная проверка,0,
1006,"ОАО ""Башпромбанк""",2015,150000.0,411172.0,123.0,237799.0,4227.0,5826.0,103599.0,382866.0,31067.0,,,413933.0,,15548.0,,15548.0,,390.0,30325.0,40.0,0.0,65.0,0.0,32056.0,6386.0,2863.0,7634.0,0.0,0.0,,0.0,0.0,,,,,,,0.0,30325.0,0.0,0.0,40.0,0.0,,,,,,,,,,,,,,10497.0,,,,,73.54,73.54,74.7,,,,50.26,115.32,68.84,0.0,26.14,0.41,0.0,,,,,,,,,17101.0,,,,,444565.0,3,2015-07-01,2015-Q3,,,,,,,,,,,Требуется ручная проверка,0,
1006,"ПАО ""Башпромбанк""",2015,150000.0,,0.0,264330.0,,,,,,,,,,,,,,,45530.0,61.0,0.0,124.0,1.0,45116.0,10235.0,2560.0,15131.0,0.0,0.0,,0.0,0.0,,,,,,,0.0,45530.0,0.0,0.0,61.0,0.0,,,,,,,,,,,,,,17691.0,,,,,74.82,74.82,77.3,,,,60.36,88.0,61.51,0.0,30.78,0.36,0.0,,,,,,,,,16750.0,,,,,452173.0,4,2015-10-01,2015-Q4,,,,,,,,,,,Требуется ручная проверка,0,
1006,"ПАО ""Башпромбанк""",2016,150000.0,437703.0,123.0,264330.0,3211.0,12622.0,156997.0,340654.0,35677.0,,,376331.0,,11791.0,,11791.0,,214.0,60677.0,121.0,0.0,151.0,1.0,65558.0,18583.0,5236.0,19370.0,0.0,0.0,,0.0,0.0,,,,,,,0.0,60677.0,0.0,0.0,121.0,0.0,,,,,,,,,,,,,,24606.0,,,,,74.05,74.05,77.23,,,,61.08,563.7,56.11,0.0,38.1,0.32,0.0,,,,,,,,,17032.0,,,,,456463.0,1,2016-01-01,2016-Q1,,,,,,,,,,,Требуется ручная проверка,0,
1006,"ПАО ""Башпромбанк""",2016,150000.0,437703.0,123.0,264330.0,6266.0,7497.0,188126.0,318342.0,36916.0,,,355258.0,,11584.0,,11584.0,32.0,207.0,13874.0,38.0,0.0,15.0,0.0,7740.0,40.0,1674.0,4990.0,0.0,0.0,,0.0,0.0,,,,,,,0.0,13874.0,0.0,0.0,38.0,0.0,,,,,,,,,,,,,,6664.0,,,0.0,,74.46,74.46,78.5,,,,79.17,683.22,50.49,0.0,41.65,0.28,0.0,,,,,,,,,21897.0,,,,,461419.0,2,2016-04-01,2016-Q2,,,,,,,,,,,Требуется ручная проверка,0,
1006,"ПАО ""Башпромбанк""",2016,150000.0,,0.0,283840.0,,,,,,,,,,,,,,,27429.0,44.0,0.0,15.0,0.0,17761.0,104.0,3059.0,6333.0,0.0,0.0,,0.0,0.0,,,,,,,0.0,27429.0,0.0,0.0,44.0,0.0,,,,,,,,,,,,,,9392.0,,,0.0,6333.0,77.08,77.08,78.02,,,,71.14,865.04,45.91,0.0,47.59,0.28,0.0,,,,,,,,,19688.0,,,,,462766.0,3,2016-07-01,2016-Q3,,,,,,,,,,,Требуется ручная проверка,0,
1006,"ПАО ""Башпромбанк""",2016,150000.0,457213.0,123.0,283840.0,3643.0,8884.0,237061.0,276016.0,45244.0,,,321260.0,,11878.0,,11878.0,41.0,193.0,41034.0,68.0,0.0,15.0,0.0,24163.0,561.0,3013.0,16305.0,0.0,0.0,,0.0,0.0,,,,,,,0.0,41034.0,0.0,0.0,68.0,0.0,,,,,,,,,,,,,,19318.0,,,0.0,16305.0,75.74,75.74,78.34,,,,81.31,1119.87,42.51,0.0,43.54,0.19,0.0,,,,,,,,,18578.0,,,,,472853.0,4,2016-10-01,2016-Q4,,,,,,,,,,,Требуется ручная проверка,0,
1006,"ПАО ""Башпромбанк""",2017,150000.0,457213.0,121.0,283842.0,3477.0,4971.0,265061.0,254053.0,48288.0,,,302341.0,,12166.0,,12166.0,29.0,203.0,54973.0,129.0,0.0,15.0,0.0,31824.0,633.0,6385.0,20631.0,0.0,0.0,,0.0,0.0,,,,,,,0.0,54973.0,0.0,0.0,129.0,0.0,,,,,,,,,,,,,,27016.0,,,0.0,20631.0,80.07,80.07,83.57,,,,206.69,1082.82,39.7,0.0,48.86,0.13,0.0,,,,,,,,,56042.0,,,,,477157.0,1,2017-01-01,2017-Q1,,,,,,,,,,,Требуется ручная проверка,0,
1006,"ПАО ""Башпромбанк""",2017,150000.0,457213.0,121.0,283842.0,3034.0,5406.0,284061.0,236286.0,42927.0,,,279213.0,,14953.0,3041.0,11912.0,52.0,207.0,13391.0,47.0,0.0,0.0,0.0,8275.0,142.0,2116.0,4622.0,0.0,0.0,,0.0,0.0,,,,,,,0.0,13391.0,0.0,0.0,47.0,0.0,,,,,,,,,,,,,,6738.0,,,0.0,4622.0,78.333,78.333,78.985,,,,52.295,1325.573,37.028,0.0,42.094,0.061,0.0,,,,,,,,,12063.0,,,,,481133.0,2,2017-04-01,2017-Q2,,,,,,,,,,,Требуется ручная проверка,0,
101,"ОАО ""БКС Банк""",2010,,,,,,,,,,,,,,,,,,,,,,,,,,,,,,,,,,,,,,,,,,,,,,,,,,,,,,,,,,,,,,,,,,,,,,,,,,,,,,,,,,,,,,,,,,3,2010-07-01,2010-Q3,,,,,,,,,,,Требуется ручная проверка,0,
101,"ОАО ""БКС Банк""",2010,,,,,,,,,,,,,,,,,,,,,,,,,,,,,,,,,,,,,,,,,,,,,,,,,,,,,,,,,,,,,,,,,,,,,,,,,,,,,,,,,,,,,,,,,,4,2010-10-01,2010-Q4,,,,,,,,,,,Требуется ручная проверка,0,
101,"ОАО ""БКС Банк""",2011,,,,,,,,,,,,,,,,,,,,,,,,,,,,,,,,,,,,,,,,,,,,,,,,,,,,,,,,,,,,,,,,,,,,,,,,,,,,,,,,,,,,,,,,,,1,2011-01-01,2011-Q1,,,,,,,,,,,Требуется ручная проверка,0,
101,"ОАО ""БКС Банк""",2011,,,,,,,,,,,,,,,,,,,,,,,,,,,,,,,,,,,,,,,,,,,,,,,,,,,,,,,,,,,,,,,,,,,,37.67,43.63,80.01,2.28,228.09,1.83,0.0,0.0,,,,,,,,,,,,,,,2,2011-04-01,2011-Q2,,,,,,,,,,,Требуется ручная проверка,0,
101,"ОАО ""БКС Банк""",2011,,,,,,,,,,,,,,,,,,,,,,,,,,,,,,,,,,,,,,,,,,,,,,,,,,,,,,,,,,,,,,,,,,,,24.39,34.49,57.13,0.91,375.05,0.56,0.75,0.0,,,,,,,,,,,,,,,3,2011-07-01,2011-Q3,,,,,,,,,,,Требуется ручная проверка,0,
101,"ОАО ""БКС Банк""",2011,,,,,,,,,,,,,,,,,,,,,,,,,,,,,,,,,,,,,,,,,,,,,,,,,,,,,,,,,,,,,,,,,,,,23.98,34.67,60.04,1.04,287.52,2.46,0.89,0.0,,,,,,,,,,,,,,,4,2011-10-01,2011-Q4,,,,,,,,,,,Требуется ручная проверка,0,
101,"ОАО ""БКС Банк""",2012,,,,,,,,,,,,,,,,,,,,,,,,,,,,,,,,,,,,,,,,,,,,,,,,,,,,,,,,,,,,,,,,,,,,20.36,46.29,67.95,1.2,304.95,2.84,0.91,0.0,,,,,,,,,,,,,,,1,2012-01-01,2012-Q1,,,,,,,,,,,Требуется ручная проверка,0,
101,"ОАО ""БКС Банк""",2012,,,,,,,,,,,,,,,,,,,,,,,,,,,,,,,,,,,,,,,,,,,,,,,,,,,,,,,,,,,,,,,,,,,,21.07,37.57,61.93,1.52,349.71,1.86,0.58,0.0,,,,,,,,,,,,,,,2,2012-04-01,2012-Q2,,,,,,,,,,,Требуется ручная проверка,0,
101,"ОАО ""БКС Банк""",2012,,,,,,,,,,,,,,,,,,,,,,,,,,,,,,,,,,,,,,,,,,,,,,,,,,,,,,,,,,,,,,,,,,,,26.82,52.66,74.99,2.88,296.42,9.08,0.74,0.0,,,,,,,,,,,,,,,3,2012-07-01,2012-Q3,,,,,,,,,,,Требуется ручная проверка,0,
101,"ОАО ""БКС Банк""",2012,,,,,,,,,,,,,,,,,,,,,,,,,,,,,,,,,,,,,,,,,,,,,,,,,,,,,,,,,,,,,,,,,,,,30.02,42.97,96.1,3.56,363.13,1.37,0.76,0.0,,,,,,,,,,,,,,,4,2012-10-01,2012-Q4,,0409135,,,,,,,,,Требуется ручная проверка,0,
101,"ОАО ""БКС Банк""",2013,,,,,,,,,,,,,,,,,,,,,,,,,,,,,,,,,,,,,,,,,,,,,,,,,,,,,,,,,,,,,,,,,,,,19.6,43.36,86.15,4.25,508.27,9.79,0.83,0.0,,,,,,,,,,,,,,,1,2013-01-01,2013-Q1,,,,,,,,,,,Требуется ручная проверка,0,
101,"ОАО ""БКС Банк""",2013,,,,,,,,,,,,,,,,,,,,,,,,,,,,,,,,,,,,,,,,,,,,,,,,,,,,,,,,,,,,,,,,,,,,14.4,58.08,77.13,4.96,521.52,16.06,0.62,0.0,,,,,,,,,6301347.0,,,,,,2,2013-04-01,2013-Q2,,0409135,,,,,,,,,Требуется ручная проверка,0,
101,"ОАО ""БКС Банк""",2013,,,,,,,,,,,,,,,,,,,,,,,,,,,,,,,,,,,,,,,,,,,,,,,,,,,,,,,,,,,,,,,,,,,,20.48,64.13,90.98,8.99,425.7,2.63,0.61,0.0,,,,,,,,,6528956.0,,,,,,3,2013-07-01,2013-Q3,,0409135,,,,,,,,,Требуется ручная проверка,0,
101,"ОАО ""БКС Банк""",2013,,,,,,,,,,,,,,,,,,,,,,,,,,,,,,,,,,,,,,,,,,,,,,,,,,,,,,,,,,,,,,,,,,,,16.27,59.91,90.36,9.41,450.29,7.89,0.58,0.0,,,,,,,,,7366338.0,,,,,,4,2013-10-01,2013-Q4,,0409135,,,,,,,,,Требуется ручная проверка,0,
101,"ОАО ""БКС Банк""",2014,,,,,,,,,,,,,,,,,,,,,,,,,,,,,,,,,,,,,,,,,,,,,,,,,,,,,,,,,,,,,,,,,,,,16.19,82.42,72.14,9.12,330.0,7.97,0.69,0.0,,,,,,,,,9354402.0,,,,,,1,2014-01-01,2014-Q1,,,,,,,,,,,Требуется ручная проверка,0,
101,"ОАО ""БКС Банк""",2014,,,,,,,,,,,,,,,,,,,,,,,,,,,,,,,,,,,,,,,,,,,,,,,,,,,,,,,,,,,,,,,18.26,18.26,19.54,,,,39.72,66.18,10.13,245.26,0.13,0.7,0.0,,,,,,,,,5227129.0,,,,,2258342.0,2,2014-04-01,2014-Q2,,,,,,,,,,,Требуется ручная проверка,0,
101,"ОАО ""БКС Банк""",2014,1558500.0,,,578690.0,,,,,,,,,,,,,,,591913.0,366197.0,96.0,4572272.0,4265844.0,13687395.0,3462187.0,13111.0,156441.0,,,,,,,,,,,,29.0,120259.0,379041.0,766.0,15660.0,0.0,,,,,,,,,,,,,,169552.0,,,,,14.61,14.61,15.93,,,,43.67,71.06,26.82,241.48,9.53,0.59,0.0,,,,,,,,,6820507.0,,,,,2441207.0,3,2014-07-01,2014-Q3,,,,,,,,,,,Требуется ручная проверка,0,
101,"ОАО ""БКС Банк""",2014,1558500.0,2481457.0,223046.0,655801.0,2324586.0,226443.0,3043178.0,327541.0,54816.0,10799351.0,,882934.0,500577.0,3697398.0,481458.0,873534.0,29620.0,585628.0,1045700.0,576446.0,96.0,13508967.0,11608331.0,30336981.0,7220962.0,27435.0,213554.0,,,,,,,,,,,,61.0,285180.0,596410.0,1538.0,23915.0,0.0,,,,,,,,,,,,,,240989.0,,,,,11.71,11.71,12.81,,,,53.77,55.63,50.71,292.87,8.92,0.64,0.0,,,,,,,,,8121130.0,,,,,2452378.0,4,2014-10-01,2014-Q4,,,,,,,,,,,Требуется ручная проверка,0,
101,"АО ""БКС Банк""",2015,1558500.0,2531548.0,273137.0,655801.0,3577668.0,147633.0,7541131.0,334200.0,71941.0,10386434.0,,1381146.0,975005.0,1725199.0,495939.0,1062690.0,35974.0,571546.0,1564215.0,891114.0,96.0,46663036.0,40413210.0,89596794.0,10111710.0,35261.0,334024.0,,,,,,,,,,,,65.0,488665.0,775464.0,1792.0,34033.0,0.0,,,,,,,,,,,,,,369285.0,,,,,13.16,13.16,13.87,,,,52.39,83.64,75.31,326.29,12.21,0.64,0.0,,,,,,,,,9294813.0,,,,,2361069.0,1,2015-01-01,2015-Q1,,,,,,,,,,,Требуется ручная проверка,0,
101,"АО ""БКС Банк""",2015,1558500.0,2606775.0,348364.0,655801.0,3271824.0,1087494.0,1854712.0,345255.0,85686.0,10107759.0,,1512861.0,1081920.0,3481733.0,676719.0,2805014.0,42020.0,267055.0,626554.0,396838.0,0.0,9715154.0,9081801.0,28357152.0,1374092.0,2061.0,66374.0,,,,,,,,,,,,2.0,262710.0,219517.0,322.0,21285.0,0.0,,,,,,,,,,,,,,68435.0,,,,,10.53,10.53,12.87,,,,64.72,71.81,53.54,384.84,0.64,0.46,0.0,,,,,,,,,17118391.0,,,,,2662496.0,2,2015-04-01,2015-Q2,,,,,,,,,,,Требуется ручная проверка,0,
101,"АО ""БКС Банк""",2015,1558500.0,3026426.0,471255.0,937723.0,2630588.0,647808.0,8716908.0,232045.0,282525.0,12517959.0,,1503868.0,989298.0,3299992.0,703378.0,2596614.0,38107.0,296761.0,1345662.0,882885.0,13.0,19013385.0,17922244.0,56618497.0,4022698.0,20145.0,153671.0,,,,,,,,,,,,833.0,483862.0,517977.0,322.0,46126.0,0.0,,,,,,,,,,,,,,173816.0,,,,,11.36,11.36,12.27,,,,74.49,97.11,35.13,321.2,2.14,0.48,0.0,,,,,,,,,17994896.0,,,,,2838176.0,3,2015-07-01,2015-Q3,,,,,,,,,,,Требуется ручная проверка,0,
101,"АО ""БКС Банк""",2015,1558500.0,,,986405.0,,,,,,,,,,,,,,,1946025.0,1244103.0,13.0,35370031.0,34709668.0,91475656.0,7515369.0,39439.0,226410.0,,,,,,,,,,,,4858.0,652919.0,699912.0,322.0,71537.0,0.0,,,,,,,,,,,,,,265849.0,,,,,12.63,12.63,13.3,,,,106.85,140.65,4.83,263.15,7.21,0.82,0.0,,,,,,,,,21548887.0,,,,,2785713.0,4,2015-10-01,2015-Q4,,,,,,,,,,,Требуется ручная проверка,0,
101,"АО ""БКС Банк""",2016,1558500.0,2903600.0,348429.0,937723.0,3408758.0,1085471.0,7326665.0,220772.0,1000936.0,11707543.0,,1944614.0,722906.0,3993404.0,304300.0,3689104.0,44497.0,256074.0,2588905.0,1639444.0,13.0,47633904.0,47711843.0,122687184.0,9342037.0,59694.0,321512.0,,,,,,,,,,,,15571.0,792701.0,847761.0,324.0,83833.0,0.0,,,,,,,,,,,,,,381206.0,,,,,16.01,16.01,18.21,,,,47.35,135.51,2.42,104.5,0.06,1.11,0.0,,,,,,,,,14269178.0,,,,,2912700.0,1,2016-01-01,2016-Q1,,,,,,,,,,,Требуется ручная проверка,0,
101,"АО ""БКС Банк""",2016,1558500.0,2918908.0,363737.0,937723.0,4079971.0,409593.0,29826340.0,223289.0,1003407.0,11009701.0,,2283005.0,1056309.0,4158915.0,301770.0,3837396.0,49010.0,351468.0,711208.0,443964.0,0.0,500.0,43731.0,44333314.0,804660.0,19084.0,104685.0,,,,,,,,,,,,858.0,114395.0,335492.0,0.0,7573.0,0.0,,,,,,,,,,,,,,123769.0,,,414206.0,180736.0,13.27,13.27,15.75,,,,81.65,128.2,1.68,178.89,0.16,0.73,0.0,,,,,,,,,34802352.0,,,,,3013254.0,2,2016-04-01,2016-Q2,,,,,,,,,,,Требуется ручная проверка,0,
101,"АО ""БКС Банк""",2016,1558500.0,,,1216769.0,,,,,,,,,,,,,,,1466631.0,844083.0,0.0,523.0,226086.0,76595295.0,1235256.0,23460.0,139844.0,,,,,,,,,,,,1468.0,229587.0,469511.0,0.0,17795.0,0.0,,,,,,,,,,,,,,163304.0,,,761119.0,138036.0,14.54,14.54,15.05,,,,99.6,137.52,1.25,188.19,0.16,0.7,0.0,,,,,,,,,36079993.0,,,,,2997578.0,3,2016-07-01,2016-Q3,,,,,,,,,,,Требуется ручная проверка,0,
101,"АО ""БКС Банк""",2016,1558500.0,3035415.0,186511.0,1216769.0,3815338.0,2027148.0,37977076.0,220442.0,634262.0,8909478.0,,2567102.0,1712398.0,4970586.0,420090.0,4550496.0,44556.0,552169.0,2411455.0,1215261.0,0.0,524.0,312701.0,97634625.0,1745492.0,29050.0,207179.0,,,,,,,,,,,,1798.0,387938.0,589725.0,0.0,27512.0,0.0,,,,,,,,,,,,,,236229.0,,,1038226.0,150575.0,12.79,12.79,13.41,,,,109.21,135.75,1.05,285.74,0.37,0.67,0.0,,,,,,,,,43959693.0,,,,,3050157.0,4,2016-10-01,2016-Q4,,,,,,,,,,,Требуется ручная проверка,0,
101,"АО ""БКС Банк""",2017,1558500.0,3002590.0,153686.0,1216769.0,3844526.0,3992468.0,35521547.0,200082.0,601943.0,8043209.0,,2078506.0,1276481.0,4080057.0,408423.0,3671634.0,63018.0,674809.0,3294680.0,1597555.0,0.0,1324.0,472877.0,124679465.0,2378118.0,92589.0,356520.0,,,,,,,,,,,,2229.0,471006.0,728547.0,0.0,36201.0,0.0,,,,,,,,,,,,,,263931.0,,,1569994.0,250136.0,13.56,13.56,14.82,,,,49.33,143.69,1.87,266.11,0.32,0.11,0.0,,,,,,,,,17698069.0,,,,,3151983.0,1,2017-01-01,2017-Q1,,,,,,,,,,,Требуется ручная проверка,0,
101,"АО ""БКС Банк""",2017,1558500.0,2969357.0,120453.0,1216769.0,3558613.0,1556350.0,34385894.0,172644.0,594158.0,6598045.0,,1599868.0,833066.0,5046565.0,420466.0,4626099.0,97970.0,615065.0,802623.0,382539.0,0.0,4500.0,120765.0,27956202.0,825758.0,40212.0,69241.0,,,,,,,,,,,,332.0,60132.0,167565.0,0.0,6224.0,0.0,,,,,,,,,,,,,,69241.0,,,777061.0,73783.0,13.382,13.382,14.136,,,,112.165,159.319,3.218,262.07,0.277,0.1,0.0,,,,,,,,,31811438.0,,,,,3035580.0,2,2017-04-01,2017-Q2,,,,,,,,,,,Требуется ручная проверка,0,
101,"АО ""БКС Банк""",2017,1558500.0,3105227.0,94525.0,1374277.0,3754186.0,1868151.0,45581404.0,173681.0,597784.0,1995351.0,,2425573.0,1654108.0,23930005.0,493500.0,6936505.0,42412.0,541456.0,1709244.0,940228.0,0.0,13000.0,238758.0,56612001.0,1689545.0,94626.0,199768.0,,,,,,,,,,,,643.0,122699.0,313196.0,0.0,14550.0,0.0,,,,,,,,,,,,,,105142.0,,,1599966.0,85915.0,12.991,12.991,12.995,,,,262.087,366.772,4.824,216.97,0.212,0.098,0.0,,,,,,,,,19499582.0,,,,,3046368.0,3,2017-07-01,2017-Q3,,,,,,,,,,,Требуется ручная проверка,0,
101,"АО ""БКС Банк""",2017,1558500.0,3159070.0,148368.0,1374277.0,3908182.0,4930376.0,13042922.0,217157.0,593957.0,13937532.0,,2486695.0,1675581.0,12027802.0,468100.0,8623172.0,43034.0,570765.0,2741272.0,1585823.0,0.0,14750.0,289609.0,79995387.0,2429660.0,44410.0,249842.0,,2900845.0,,2900845.0,2900845.0,,,,,,,1670.0,188047.0,537677.0,0.0,22289.0,0.0,,,,,,,,,,,,,,294252.0,,,2734125.0,243797.0,8.55,16.646,17.042,,,,96.317,183.867,3.908,251.778,0.162,0.048,0.0,,,,,,,,,21795118.0,,,,,6100828.0,4,2017-10-01,2017-Q4,,,,,,,,,,,Требуется ручная проверка,0,
101,"АО ""БКС Банк""",2018,1558500.0,3226542.0,215840.0,1374277.0,3491261.0,3626966.0,11636510.0,208951.0,481837.0,17045394.0,,2746809.0,2056021.0,12260245.0,500500.0,8843190.0,42600.0,540096.0,3598621.0,2042480.0,0.0,18232.0,409046.0,96632159.0,3077574.0,94998.0,403461.0,,2880010.0,,2880010.0,2880010.0,,,,,,,2541.0,269590.0,811052.0,0.0,30994.0,0.0,,,,,,,,,,,,,,498459.0,,,3653614.0,412218.0,8.382,16.287,17.155,,,,58.835,195.731,3.166,316.124,0.169,0.041,0.0,,,,,,,,,11802303.0,,,,,6238881.0,1,2018-01-01,2018-Q1,,,,,,,,,,,Требуется ручная проверка,0,
101,"АО ""БКС Банк""",2018,1558500.0,3274319.0,263617.0,1374277.0,3318778.0,1014493.0,11073107.0,186987.0,489535.0,17726977.0,,2918417.0,2241895.0,11751465.0,678470.0,8289410.0,41427.0,460630.0,746461.0,318339.0,0.0,0.0,84695.0,18384592.0,269558.0,36220.0,88495.0,,2863245.0,,2863245.0,2863245.0,,,,,,,1323.0,70109.0,320388.0,0.0,11104.0,0.0,,,,,,,,,,,,,,124715.0,,,715913.0,73038.0,8.97,17.001,17.001,13.094,,,134.689,179.795,3.245,235.907,0.131,0.112,0.0,,,,,,,,,28664066.0,,,,,6061073.0,2,2018-04-01,2018-Q2,,,,,,,,,,,Требуется ручная проверка,0,
101,"АО ""БКС Банк""",2018,1558500.0,3694369.0,451407.0,1606537.0,3914431.0,1810866.0,26652807.0,200876.0,482861.0,19297581.0,,3087732.0,2403995.0,14519427.0,494152.0,10895163.0,44650.0,451163.0,1454482.0,664828.0,0.0,1600.0,145205.0,66764195.0,805830.0,57523.0,182247.0,,3137825.0,,3137825.0,3137825.0,,,,,,,3284.0,143416.0,638741.0,16000.0,21122.0,0.0,,,,,,,,,,,,,,239770.0,,,3171350.0,76395.0,10.94,22.094,22.094,9.952,,,168.037,217.233,4.438,273.632,0.016,0.098,0.0,,,,,,,,,42745192.0,,,,,6215677.0,3,2018-07-01,2018-Q3,,,,,,,,,,,Требуется ручная проверка,0,
101,"АО ""БКС Банк""",2018,1558500.0,3704715.0,461753.0,1606537.0,4185194.0,2770055.0,33437958.0,304990.0,482597.0,17482140.0,,3876742.0,3089155.0,16353674.0,847072.0,12102497.0,47647.0,447481.0,2182354.0,1056394.0,0.0,3529.0,217186.0,121798487.0,1239044.0,59181.0,252117.0,,3279530.0,,3279530.0,3279530.0,,,,,,,5423.0,239023.0,871706.0,62755.0,35695.0,0.0,,,,,,,,,,,,,,311298.0,,,4455377.0,65223.0,13.174,26.717,26.717,11.286,,,170.713,226.389,4.407,131.735,2.791,0.755,0.0,,,,,,,,,41043619.0,,,,,6469878.0,4,2018-10-01,2018-Q4,,,,,,,,,,,Требуется ручная проверка,0,
101,"АО ""БКС Банк""",2019,1558500.0,3653343.0,410381.0,1606537.0,4698661.0,1408570.0,30232145.0,283944.0,473418.0,14634945.0,,3926049.0,3168687.0,18399045.0,1376300.0,13691035.0,46878.0,504121.0,2950030.0,1471692.0,0.0,3739.0,279872.0,159454213.0,2248919.0,55148.0,407793.0,,3473530.0,,3473530.0,3473530.0,,,,,,,11121.0,336665.0,1061563.0,108755.0,58286.0,0.0,,,,,,,,,,,,,,462941.0,,,5058327.0,258728.0,12.834,27.171,28.302,11.425,,,138.696,290.554,4.761,107.457,,0.768,0.0,,,,,,,,,24313624.0,,,,,6857074.0,1,2019-01-01,2019-Q1,,,,,,,,,,,Требуется ручная проверка,0,
101,"АО ""БКС Банк""",2019,1558500.0,4003935.0,760973.0,1450687.0,4728560.0,906015.0,31035599.0,277568.0,798812.0,16694578.0,,5407095.0,4330715.0,21810440.0,1831561.0,16648163.0,326357.0,514196.0,841793.0,20.0,7.0,1365.0,47066.0,32513416.0,926762.0,15814.0,127517.0,0.0,3236735.0,,3236735.0,3236735.0,,,,,,,6901.0,114732.0,233048.0,45192.0,31017.0,0.0,,,,,,,,,,,,,,143331.0,,,1933208.0,508544.0,8.593,18.656,19.426,9.417,,,262.293,271.726,5.231,200.99,,0.885,0.0,,,,,,,,,41892768.0,,,,,6248216.0,2,2019-04-01,2019-Q2,,,,,,,,,,,Требуется ручная проверка,0,
101,"АО ""БКС Банк""",2019,1558500.0,3808096.0,334419.0,1681402.0,4438072.0,2320472.0,32919390.0,374279.0,651268.0,13027310.0,,6664598.0,5639051.0,24304616.0,2249378.0,18772807.0,203751.0,532014.0,1744043.0,712.0,7.0,2360.0,344064.0,76384466.0,2194171.0,13493.0,350900.0,0.0,3153780.0,,3153780.0,3153780.0,,,,,,,16211.0,269388.0,824.0,92530.0,76425.0,0.0,,,,,,,,,,,,,,364393.0,,,3055366.0,497856.0,12.706,25.293,25.293,8.146,,,262.006,275.825,5.478,184.333,,0.835,0.0,,,,,,,,,58486656.0,,,,,6337438.0,3,2019-07-01,2019-Q3,,,,,,,,,,,Требуется ручная проверка,0,
101,"АО ""БКС Банк""",2019,1558500.0,3601091.0,127414.0,1681402.0,3009130.0,4243651.0,42618851.0,340538.0,1972773.0,4369174.0,,8507309.0,6193998.0,24742633.0,2419828.0,18968154.0,93610.0,584470.0,2647439.0,712.0,7.0,8398.0,462661.0,107623129.0,2862918.0,68727.0,149338.0,0.0,3220780.0,,3220780.0,3220780.0,,,,,,,20462.0,462132.0,768.0,143666.0,121780.0,0.0,,,,,,,,,,,,,,218065.0,,,3660470.0,300494.0,9.631,21.346,21.346,7.258,,,164.409,227.677,5.245,254.434,,0.41,0.0,,,,,,,,,38859868.0,,,,,5868472.0,4,2019-10-01,2019-Q4,,,,,,,,,,,Требуется ручная проверка,0,
101,"АО ""БКС Банк""",2020,2332129.0,5949429.0,1702123.0,1681402.0,3015229.0,198957.0,37595410.0,335867.0,2329857.0,11069431.0,,10915552.0,8249828.0,23184887.0,2480341.0,17500461.0,112790.0,549367.0,3473537.0,712.0,7.0,23731.0,469045.0,121305414.0,3945758.0,16719.0,956160.0,0.0,3095285.0,,3095285.0,3095285.0,,,,,,,23244.0,708844.0,768.0,189145.0,167322.0,0.0,,,,,,,,,,,,,,939441.0,,,3866534.0,1156329.0,11.17,19.225,19.225,9.613,,,99.328,231.329,6.471,283.213,,0.295,0.0,,,,,,,,,22116162.0,,,,,7387868.0,1,2020-01-01,2020-Q1,,,,,,,,,,,Требуется ручная проверка,0,
101,"АО ""БКС Банк""",2020,2332129.0,5904022.0,1672545.0,1665573.0,3740125.0,6706812.0,25508734.0,335420.0,3305808.0,5602225.0,,13059228.0,9418000.0,22185466.0,1586329.0,17249592.0,95777.0,559504.0,677460.0,64.0,266289.0,1063.0,20667.0,42862816.0,746436.0,3572.0,391706.0,0.0,3886625.0,,3886625.0,3886625.0,,,,,,,2923.0,268113.0,9116.0,64.0,27848.0,0.0,,,,,,,,,,,,,,395278.0,,,441521.0,401200.0,10.242,19.777,19.777,9.72,,,175.097,194.473,6.095,260.65,,,0.0,,,,,,,,,40834959.0,,,,,8061626.0,2,2020-04-01,2020-Q2,,,,,,,,,,,Требуется ручная проверка,0,
101,"АО ""БКС Банк""",2020,2332129.0,6805943.0,1745298.0,2494741.0,3854167.0,1766528.0,33608315.0,312911.0,3348541.0,9002950.0,,12495435.0,8833983.0,20229509.0,1569977.0,15121932.0,155337.0,531737.0,1219611.0,355.0,266289.0,2091.0,42111.0,69464885.0,1543002.0,75035.0,141348.0,0.0,3497565.0,,3497565.0,3497565.0,,,,,,,3273.0,522580.0,55168.0,355.0,48329.0,0.0,,,,,,,,,,,,,,216383.0,,,611089.0,185997.0,9.84,18.757,18.757,9.415,,,147.357,195.219,6.388,239.098,,,0.0,,,,,,,,,40050189.0,,,,,7357615.0,3,2020-07-01,2020-Q3,,,,,,,,,,,Требуется ручная проверка,0,
101,"АО ""БКС Банк""",2020,2332129.0,6732772.0,1672127.0,2378697.0,3959695.0,2865023.0,21415564.0,300091.0,3346378.0,12857731.0,,12446589.0,8800120.0,20972141.0,1788163.0,15452068.0,115827.0,526799.0,1774592.0,473.0,429497.0,12317.0,133869.0,93842189.0,2328716.0,48399.0,485177.0,0.0,3984225.0,,3984225.0,3984225.0,,,,,,,3528.0,750787.0,196634.0,473.0,66634.0,2.0,,,,,,,,,,,,,,533576.0,,,661223.0,484628.0,8.994,18.128,18.128,9.777,,,110.064,199.972,4.581,292.403,,,0.0,,,,,,,,,30781728.0,,,,,7906951.0,4,2020-10-01,2020-Q4,,,,,,,,,,,Требуется ручная проверка,0,
101,"АО ""БКС Банк""",2021,2332129.0,6768520.0,1707875.0,2378697.0,3570843.0,3300153.0,33515434.0,303828.0,3319381.0,12649283.0,,14612506.0,10989297.0,19458466.0,1106587.0,14558884.0,115374.0,573575.0,2352082.0,592.0,429497.0,17861.0,269515.0,114799056.0,3361165.0,114016.0,440419.0,0.0,3693785.0,,3693785.0,3693785.0,,,,,,,3672.0,995283.0,317034.0,592.0,83319.0,9.0,,,,,,,,,,,,,,554435.0,,,732382.0,406910.0,9.729,19.769,19.769,9.228,,,54.189,184.688,5.408,271.138,,,0.0,,,,,,,,,14619152.0,,,,,7273070.0,1,2021-01-01,2021-Q1,,,,,,,,,,,Требуется ручная проверка,0,
101,"АО ""БКС Банк""",2021,2332129.0,6702129.0,1641484.0,2378697.0,3662192.0,300546.0,33095591.0,362159.0,3329556.0,11508255.0,,13797090.0,10105375.0,17845935.0,1921470.0,12202600.0,124311.0,604533.0,519832.0,112.0,60652.0,5911.0,93972.0,15267327.0,1217052.0,3814.0,50299.0,0.0,3785115.0,,3785115.0,3785115.0,,,,,,,163.0,224676.0,126883.0,112.0,19758.0,10.0,,,,,,,,,,,,,,54113.0,,,65026.0,47560.0,9.198,18.289,19.182,10.188,,,110.482,156.173,6.89,270.932,,,0.0,,,,,,,,,36603447.0,,,,,7986768.0,2,2021-04-01,2021-Q2,,,,,,,,,,,Требуется ручная проверка,0,
101,"АО ""БКС Банк""",2021,2332129.0,6885414.0,1632349.0,2571117.0,3811958.0,1015207.0,31986355.0,477770.0,2950632.0,11219561.0,,14363092.0,10934690.0,14627931.0,1041076.0,9907505.0,95873.0,589072.0,1054371.0,479.0,60652.0,12918.0,27305.0,32262153.0,2280376.0,90728.0,40160.0,0.0,3618615.0,,3618615.0,3618615.0,,,,,,,205.0,470505.0,270193.0,479.0,32272.0,20.0,,,,,,,,,,,,,,130888.0,,,122785.0,40324.0,8.761,17.174,18.03,8.882,,,156.668,177.747,6.919,286.268,,,0.0,,,,,,,,,47022357.0,,,,,7755321.0,3,2021-07-01,2021-Q3,,,,,,,,,,,Требуется ручная проверка,0,
101,"АО ""БКС Банк""",2021,2332129.0,6894976.0,1641911.0,2571117.0,3408845.0,11908639.0,23537074.0,450873.0,3015627.0,11868129.0,,13788659.0,10322159.0,14130442.0,841799.0,9609923.0,93745.0,606277.0,1743235.0,839.0,80113.0,12218.0,73757.0,45738199.0,3170963.0,136032.0,88500.0,0.0,3638040.0,,3638040.0,3638040.0,,,,,,,256.0,719276.0,427768.0,839.0,45360.0,28.0,,,,,,,,,,,,,,224532.0,,,172500.0,61483.0,9.421,18.609,19.227,8.972,,,169.801,206.576,5.021,259.825,,,0.0,,,,,,,,,45915734.0,,,,,7613227.0,4,2021-10-01,2021-Q4,,,,,,,,,,,Требуется ручная проверка,0,
1016,"""ОБЪЕДИНЕННЫЙ БАНК РЕСПУБЛИКИ"" (ООО)",2007,,183807.0,11331.0,,33247.0,75915.0,25000.0,352378.0,63886.0,103291.0,,481666.0,65402.0,181260.0,21313.0,159947.0,,8398.0,114414.0,0.0,0.0,27230.0,1743.0,158292.0,30.0,,46401.0,,,,,,,,,,,,,,,,,,,,,,,,,,,,,,,,,,,,,,,,,,,,,,,,,,,,,,,,,,,,,,,1,2007-01-01,2007-Q1,,,,,,,,,,,Требуется ручная проверка,0,
1016,"""ОБЪЕДИНЕННЫЙ БАНК РЕСПУБЛИКИ"" (ООО)",2007,135000.0,185144.0,12667.0,,34428.0,58042.0,,400387.0,55319.0,106909.0,,525667.0,69961.0,202217.0,24613.0,177604.0,,8381.0,27997.0,0.0,0.0,9182.0,575.0,41123.0,0.0,0.0,14480.0,,,,,,,,,,,,,,,,,,,,,,,,,,,,,,,,,,,,,,,,,,,,,,,,,,,,,,,,,,,,,,,2,2007-04-01,2007-Q2,,,,,,,,,,,Требуется ручная проверка,0,
1016,"""ОБЪЕДИНЕННЫЙ БАНК РЕСПУБЛИКИ"" (ООО)",2007,135000.0,201630.0,12667.0,,23427.0,72792.0,,421012.0,53588.0,92335.0,,539854.0,65254.0,254756.0,15470.0,239286.0,,8340.0,58653.0,0.0,0.0,22567.0,1083.0,89018.0,0.0,0.0,23848.0,,,,,,,,,,,,,,,,,,,,,,,,,,,,,,,,,,,,,,,,,,,,,,,,,,,,,,,,,,,,,,,3,2007-07-01,2007-Q3,,,,,,,,,,,Требуется ручная проверка,0,
1016,"""ОБЪЕДИНЕННЫЙ БАНК РЕСПУБЛИКИ"" (ООО)",2007,135000.0,201626.0,12667.0,,20768.0,167020.0,,489658.0,62643.0,96905.0,,577781.0,25480.0,281000.0,13970.0,267030.0,,11506.0,89845.0,0.0,0.0,36986.0,1470.0,128895.0,15.0,0.0,45321.0,,,,,,,,,,,,,,,,,,,,,,,,,,,,,,,,,,,,,,,,,,,,,,,,,,,,,,,,,,,,,,,4,2007-10-01,2007-Q4,,,,,,,,,,,Требуется ручная проверка,0,
1016,"""ОБЪЕДИНЕННЫЙ БАНК РЕСПУБЛИКИ"" (ООО)",2008,135000.0,201614.0,12667.0,,23713.0,143175.0,20000.0,599284.0,61149.0,13925.0,,692546.0,32113.0,229011.0,16920.0,212091.0,,9694.0,129049.0,0.0,0.0,45920.0,1909.0,173679.0,15.0,0.0,72302.0,,,,,,,,,,,,,,,,,,,,,,,,,,,,,,,,,,,,,,,,,,,,,,,,,,,,,,,,,,,,,,,1,2008-01-01,2008-Q1,,,,,,,,,,,Требуется ручная проверка,0,
1016,"""ОБЪЕДИНЕННЫЙ БАНК РЕСПУБЛИКИ"" (ООО)",2008,135000.0,203784.0,14845.0,751.0,21398.0,56950.0,,645561.0,62209.0,,,764995.0,57225.0,236384.0,20420.0,215964.0,,12525.0,43735.0,11215.0,0.0,1655.0,0.0,31903.0,9399.0,0.0,22977.0,,,,,,,,,,,,0.0,41795.0,1940.0,0.0,526.0,5031.0,,,,,,,,,,,,,,,,,,,,,,,,,,,,,,,,,,,,,,,,,,,,,,2,2008-04-01,2008-Q2,,,,,,,,,,,Требуется ручная проверка,0,
1016,"""ОБЪЕДИНЕННЫЙ БАНК РЕСПУБЛИКИ"" (ООО)",2008,135000.0,229990.0,14845.0,732.0,20909.0,99579.0,,660764.0,58423.0,,,763933.0,44746.0,255098.0,21620.0,233478.0,,9634.0,86770.0,21649.0,0.0,3202.0,0.0,65632.0,14801.0,0.0,39290.0,,,,,,,,,,,,0.0,83120.0,3650.0,0.0,1081.0,8964.0,,,,,,,,,,,,,,,,,,,,,,,,,,,,,,,,,,,,,,,,,,,,,,3,2008-07-01,2008-Q3,,,,,,,,,,,Требуется ручная проверка,0,
1016,"""ОБЪЕДИНЕННЫЙ БАНК РЕСПУБЛИКИ"" (ООО)",2008,135000.0,229976.0,14845.0,718.0,28726.0,166714.0,,590194.0,59139.0,24976.0,,729664.0,80331.0,246802.0,21300.0,225502.0,,11606.0,131409.0,33610.0,0.0,5367.0,0.0,112354.0,27794.0,0.0,53016.0,,,,,,,,,,,,63.0,126289.0,5057.0,0.0,2060.0,13607.0,,,,,,,,,,,,,,,,,,,,,,,,,,,,,,,,,,,,,,,,,,,,,,4,2008-10-01,2008-Q4,,,,,,,,,,,Требуется ручная проверка,0,
1016,"""ОБЪЕДИНЕННЫЙ БАНК РЕСПУБЛИКИ"" (ООО)",2009,135000.0,230273.0,14845.0,1015.0,15810.0,70537.0,,626685.0,71565.0,45505.0,,829910.0,131660.0,313763.0,104300.0,209463.0,,928.0,178996.0,46550.0,0.0,6797.0,0.0,174192.0,42878.0,0.0,58305.0,,,,,,,,,,,,134.0,173007.0,5855.0,0.0,4804.0,18081.0,,,,,,,,,,,,,,,,,,,,,,,,,,,,,,,,,,,,,,,,,,,,,,1,2009-01-01,2009-Q1,,,,,,,,,,,Требуется ручная проверка,0,
1016,"""ОБЪЕДИНЕННЫЙ БАНК РЕСПУБЛИКИ"" (ООО)",2009,155000.0,257275.0,21847.0,1015.0,26213.0,102821.0,3000.0,639692.0,75072.0,,,870434.0,155670.0,316302.0,124800.0,191502.0,,944.0,49487.0,14938.0,0.0,1231.0,0.0,50396.0,9691.0,3100.0,10067.0,,,,,,,,,,,,17.0,48175.0,0.0,0.0,3146.0,5254.0,,,,,,,,,,,,,,13167.0,,,,,,,,,,,,,,,,,,,,,,,,,,,,,,,,2,2009-04-01,2009-Q2,,,,,,,,,,,Требуется ручная проверка,0,
1016,"""ОБЪЕДИНЕННЫЙ БАНК РЕСПУБЛИКИ"" (ООО)",2009,155000.0,278569.0,21847.0,22309.0,22542.0,54176.0,,680020.0,89705.0,,,936530.0,166805.0,333748.0,112700.0,221048.0,,982.0,99418.0,29978.0,0.0,2285.0,0.0,106437.0,19236.0,5143.0,14586.0,,,,,,,,,,,,17.0,96727.0,0.0,0.0,6267.0,10611.0,,,,,,,,,,,,,,19729.0,,,,,,,,,,,,,,,,,,,,,,,,,,,,,,,,3,2009-07-01,2009-Q3,,,,,,,,,,,Требуется ручная проверка,0,
1016,"""ОБЪЕДИНЕННЫЙ БАНК РЕСПУБЛИКИ"" (ООО)",2009,155000.0,278569.0,21847.0,22309.0,27820.0,153548.0,,673434.0,120551.0,,,967988.0,174003.0,340717.0,108700.0,232017.0,,3841.0,148203.0,43974.0,0.0,4021.0,0.0,197328.0,43338.0,5688.0,464.0,,,,,,,,,,,,17.0,144937.0,19.0,0.0,9245.0,15421.0,,,,,,,,,,,,,,5224.0,,,,,,,,,,,,,,,,,,,,,,,,,,,,,,,,4,2009-10-01,2009-Q4,,,,,,,,,,,Требуется ручная проверка,0,
1016,"""ОБЪЕДИНЕННЫЙ БАНК РЕСПУБЛИКИ"" (ООО)",2010,155000.0,278569.0,21847.0,22309.0,24707.0,63828.0,,653588.0,154986.0,,,962466.0,153892.0,312639.0,124200.0,188439.0,,5410.0,185083.0,57329.0,0.0,6183.0,0.0,273887.0,79350.0,4166.0,1930.0,,,,,,,,,,,,17.0,181051.0,19.0,0.0,12315.0,20490.0,,,,,,,,,,,,,,2236.0,,,,,,,,,,,,,,,,,,,,,,,,,,,,,,,,1,2010-01-01,2010-Q1,,,,,,,,,,,Требуется ручная проверка,0,
1016,"""ОБЪЕДИНЕННЫЙ БАНК РЕСПУБЛИКИ"" (ООО)",2010,155000.0,277613.0,20891.0,22309.0,28850.0,121188.0,,565455.0,156342.0,,,842779.0,120982.0,371958.0,162100.0,209858.0,,4550.0,32198.0,12753.0,0.0,1259.0,0.0,64517.0,28512.0,2905.0,1537.0,,,,,,,,,,,,541.0,30851.0,90.0,0.0,3350.0,4959.0,,,,,,,,,,,,,,1368.0,,,,,,,,,,,,,,,,,,,,,,,,,,,,,,,,2,2010-04-01,2010-Q2,,,,,,,,,,,Требуется ручная проверка,0,
1016,"""Объединенный банк Республики"" (ООО)",2011,,,,,,,,,,,,,,,,,,,125611.0,58450.0,0.0,6575.0,0.0,274721.0,149590.0,7680.0,9321.0,,,,,,,,,,,,1602.0,108781.0,11081.0,0.0,20459.0,19285.0,,,,,,,,,,,,,,17001.0,,,,,,,,,,,,,,,,,,,,,,,,,,,,,,,,1,2011-01-01,2011-Q1,,,,,,,,,,,Требуется ручная проверка,0,
1016,"""Объединенный банк Республики"" (ООО)",2011,155000.0,266890.0,24974.0,7503.0,24289.0,56474.0,,581270.0,219842.0,268230.0,,919628.0,118516.0,608993.0,374100.0,234893.0,,6502.0,27282.0,15933.0,0.0,1048.0,0.0,33148.0,6255.0,1863.0,3381.0,,,,,,,,,,,,349.0,18999.0,6220.0,0.0,7149.0,3760.0,,,,,,,,,,,,,,5244.0,,,,,,,,,,20.79,86.81,149.53,4.25,157.31,0.0,0.56,0.0,,,,,,,,,,,,,,,2,2011-04-01,2011-Q2,,,,,,,,,,,Требуется ручная проверка,0,
1016,"""Объединенный банк Республики"" (ООО)",2011,,,,,,,,,,,,,,,,,,,58908.0,35033.0,0.0,3157.0,0.0,83933.0,17752.0,5116.0,1026.0,,,,,,,,,,,,739.0,43095.0,11127.0,0.0,15605.0,7423.0,,,,,,,,,,,,,,6142.0,,,,,,,,,,17.33,99.33,201.62,3.41,251.25,0.0,0.58,0.0,,,,,,,,,,,,,,,3,2011-07-01,2011-Q3,,,,,,,,,,,Требуется ручная проверка,0,
1016,"""Объединенный банк Республики"" (ООО)",2011,155000.0,270369.0,22624.0,13332.0,53814.0,314776.0,,865865.0,202462.0,198356.0,,1167912.0,99585.0,944988.0,607897.0,337091.0,,15754.0,97392.0,58573.0,187.0,5262.0,0.0,151982.0,38262.0,5111.0,5003.0,,,,,,,,,,,,2594.0,73605.0,14232.0,0.0,27500.0,11964.0,,,,,,,,,,,,,,108.0,,,,,,,,,,16.29,130.29,329.43,14.68,279.14,0.0,0.67,0.0,,,,,,,,,,,,,,,4,2011-10-01,2011-Q4,,,,,,,,,,,Требуется ручная проверка,0,
1016,"""Объединенный банк Республики"" (ООО)",2012,,,,,,,,,,,,,,,,,,,134115.0,80751.0,187.0,7363.0,0.0,224013.0,82358.0,6800.0,6531.0,,,,,,,,,,,,4372.0,103940.0,17243.0,0.0,39025.0,16070.0,,,,,,,,,,,,,,13331.0,,,,,,,,,,19.28,211.42,335.34,16.61,212.01,0.0,0.51,0.0,,,,,,,,,,,,,,,1,2012-01-01,2012-Q1,,,,,,,,,,,Требуется ручная проверка,0,
1016,"""Объединенный банк Республики"" (ООО)",2012,155000.0,270005.0,22260.0,13332.0,43380.0,74775.0,,772183.0,193356.0,219937.0,,1044586.0,79047.0,796358.0,415043.0,381315.0,,13798.0,31217.0,18210.0,0.0,1478.0,0.0,58794.0,22437.0,1245.0,7221.0,,,,,,,,,,,,685.0,25791.0,3807.0,0.0,8447.0,1893.0,,,,,,,,,,,,,,8466.0,,,,,,,,,,18.85,71.66,202.25,15.16,238.49,0.0,0.45,0.0,,,,,,,,,,,,,,,2,2012-04-01,2012-Q2,,,,,,,,,,,Требуется ручная проверка,0,
1016,"""Объединенный банк Республики"" (ООО)",2012,155000.0,262733.0,21947.0,6373.0,55775.0,87390.0,0.0,724352.0,208679.0,175619.0,,970711.0,37680.0,702848.0,355546.0,347302.0,,11001.0,63307.0,34348.0,0.0,3041.0,0.0,100610.0,33806.0,3826.0,10950.0,,,,,,,,,,,,1206.0,52458.0,6853.0,432.0,15640.0,3705.0,,,,,,,,,,,,,,14776.0,,,,,,,,,,20.54,211.15,335.01,16.52,210.8,0.0,0.53,0.0,,,,,,,,,,,,,,,3,2012-07-01,2012-Q3,,,,,,,,,,,Требуется ручная проверка,0,
1016,"""Объединенный банк Республики"" (ООО)",2012,155000.0,262590.0,21804.0,6373.0,48973.0,78378.0,50000.0,770725.0,204624.0,159613.0,,1000040.0,24691.0,930341.0,459746.0,470595.0,,12214.0,99933.0,52634.0,1081.0,5692.0,0.0,143337.0,43367.0,4326.0,18932.0,,,,,,,,,,,,2493.0,83747.0,8627.0,922.0,23392.0,5186.0,,,,,,,,,,,,,,23258.0,,,,,,,,,,17.7,111.41,218.78,5.89,194.24,0.0,0.27,0.0,,,,,,,,,,,,,,,4,2012-10-01,2012-Q4,,0409135,,,,,,,,,Требуется ручная проверка,0,
1016,"""Объединенный банк Республики"" (ООО)",2013,155000.0,262454.0,21668.0,6373.0,12692.0,88099.0,35000.0,766095.0,201675.0,139208.0,,1017907.0,50137.0,737104.0,301174.0,435930.0,,11561.0,134015.0,68971.0,1081.0,7566.0,0.0,186546.0,54343.0,4783.0,23667.0,,,,,,,,,,,,2939.0,114104.0,10088.0,1412.0,29324.0,6328.0,,,,,,,,,,,,,,28450.0,,,,,,,,,,18.51,89.81,179.46,5.85,191.91,0.0,0.12,0.0,,,,,,,,,,,,,,,1,2013-01-01,2013-Q1,,,,,,,,,,,Требуется ручная проверка,0,
1016,"""Объединенный банк Республики"" (ООО)",2013,155000.0,262217.0,21431.0,6373.0,31707.0,52861.0,0.0,794072.0,145560.0,133414.0,,1004381.0,64749.0,763853.0,209761.0,554092.0,,11288.0,31826.0,16302.0,0.0,1472.0,0.0,49380.0,30374.0,3894.0,15676.0,,,,,,,,,,,,710.0,27306.0,1045.0,481.0,4226.0,610.0,,,,,,,,,,,,,,19570.0,,,,,,,,,,18.63,100.33,138.5,8.64,182.27,0.0,0.05,0.0,,,,,,,,,100269.0,,,,,,2,2013-04-01,2013-Q2,,0409135,,,,,,,,,Требуется ручная проверка,0,
1016,"""Объединенный банк Республики"" (ООО)",2013,155000.0,275525.0,21363.0,19749.0,33474.0,15455.0,30000.0,739981.0,146828.0,130554.0,,934007.0,47198.0,704985.0,215037.0,489948.0,,10754.0,62980.0,31273.0,0.0,2775.0,0.0,85308.0,37057.0,5397.0,19099.0,,,,,,,,,,,,859.0,54765.0,2093.0,534.0,7768.0,1227.0,,,,,,,,,,,,,,24496.0,,,,,,,,,,20.63,121.22,196.49,5.17,147.42,0.0,0.01,0.0,,,,,,,,,181138.0,,,,,,3,2013-07-01,2013-Q3,,0409135,,,,,,,,,Требуется ручная проверка,0,
1016,"""Объединенный банк Республики"" (ООО)",2013,155000.0,275451.0,21289.0,19749.0,36945.0,17242.0,85000.0,649920.0,175417.0,123771.0,,854654.0,29317.0,618472.0,91219.0,527253.0,,11054.0,92229.0,45342.0,970.0,4076.0,10.0,150183.0,60514.0,3083.0,10050.0,,,,,,,,,,,,1414.0,80094.0,3011.0,534.0,9499.0,1851.0,,,,,,,,,,,,,,13133.0,,,,,,,,,,20.98,135.81,146.57,4.35,143.38,0.0,0.1,0.0,,,,,,,,,202073.0,,,,,,4,2013-10-01,2013-Q4,,0409135,,,,,,,,,Требуется ручная проверка,0,
1016,"""Объединенный банк Республики"" (ООО)",2014,155000.0,275376.0,21214.0,19749.0,53612.0,33852.0,165000.0,643297.0,181342.0,121386.0,,844712.0,20073.0,625857.0,83479.0,542378.0,,10415.0,120794.0,59379.0,970.0,5360.0,11.0,194012.0,86933.0,3365.0,23534.0,,,,,,,,,,,,1982.0,106744.0,3928.0,534.0,11117.0,2499.0,,,,,,,,,,,,,,26899.0,,,,,,,,,,24.83,90.93,241.75,0.36,135.05,0.0,0.03,0.0,,,,,,,,,109228.0,,,,,,1,2014-01-01,2014-Q1,,,,,,,,,,,Требуется ручная проверка,0,
1016,"""Объединенный банк Республики"" (ООО)",2014,155000.0,277681.0,23519.0,19749.0,39612.0,29834.0,85000.0,551369.0,140108.0,682408.0,,711511.0,20034.0,1093514.0,92768.0,1000746.0,,8211.0,33811.0,20247.0,6.0,1413.0,4.0,50542.0,8830.0,1208.0,2257.0,,,,3400.0,3400.0,,,,,,,468.0,21979.0,9172.0,0.0,1759.0,610.0,,,,,,,,,,,,,,1049.0,,,,,17.37,17.37,20.01,,,,341.65,498.68,3.13,252.36,0.0,0.02,0.0,,,,,,,,,292619.0,,,,,287217.0,2,2014-04-01,2014-Q2,,,,,,,,,,,Требуется ручная проверка,0,
1016,"""Объединенный банк Республики"" (ООО)",2014,150799.0,,,43137.0,,,,,,,,,,,,,,,70734.0,42074.0,1234.0,2625.0,4.0,99811.0,24609.0,1446.0,5863.0,,,,3200.0,3200.0,,,,,,,468.0,44007.0,23641.0,0.0,3585.0,1227.0,,,,,,,,,,,,,,7309.0,,,,,20.21,20.21,21.21,,,,259.12,265.7,9.63,229.52,0.0,0.01,0.0,,,,,,,,,433023.0,,,,,300369.0,3,2014-07-01,2014-Q3,,,,,,,,,,,Требуется ручная проверка,0,
1016,"""Объединенный банк Республики"" (ООО)",2014,155000.0,321887.0,44337.0,43137.0,38591.0,21236.0,35000.0,642131.0,147573.0,662744.0,,828315.0,38611.0,1006065.0,99572.0,906493.0,,11641.0,109022.0,64304.0,1237.0,3835.0,5.0,143303.0,27939.0,2734.0,10829.0,,,,24000.0,24000.0,,,,,,,468.0,66741.0,36934.0,,5547.0,1851.0,,,,,,,,,,,,,,13563.0,,,,,18.68,18.68,20.99,,,,234.24,293.19,11.65,219.2,0.0,0.16,0.0,,,,,,,,,378176.0,,,,,311289.0,4,2014-10-01,2014-Q4,,,,,,,,,,,Требуется ручная проверка,0,
1016,"""Объединенный банк Республики"" (ООО)",2015,155000.0,336622.0,59072.0,43137.0,28135.0,49953.0,40000.0,635073.0,144580.0,636728.0,0.0,815944.0,36291.0,988277.0,99279.0,888998.0,,11179.0,151277.0,83859.0,1237.0,6002.0,11.0,233320.0,38045.0,3533.0,10443.0,,,,33800.0,33800.0,,,,,,,468.0,91142.0,53575.0,0.0,7629.0,2383.0,,,,,,,,,,,,,,13976.0,,,,,21.75,21.75,25.1,,,,126.21,341.76,14.46,129.26,0.0,0.18,0.0,,,,,,,,,129226.0,,,,,327703.0,1,2015-01-01,2015-Q1,,,,,,,,,,,Требуется ручная проверка,0,
1016,"""Объединенный банк Республики"" (ООО)",2015,155000.0,313866.0,36316.0,43137.0,21985.0,16125.0,20000.0,582486.0,143607.0,307932.0,154054.0,761261.0,35168.0,627315.0,123968.0,503347.0,,7155.0,28429.0,16777.0,,918.0,,41862.0,2481.0,468.0,5868.0,,,,47950.0,47950.0,,,,,,,,21081.0,7348.0,,2386.0,305.0,,,,,,,,,,,,,,5400.0,,,,,24.6,24.6,32.65,,,,118.62,260.86,12.42,101.7,0.0,0.18,0.0,,,,,,,,,139153.0,,,,,331776.0,2,2015-04-01,2015-Q2,,,,,,,,,,,Требуется ручная проверка,0,
1016,"""Объединенный банк Республики"" (ООО)",2015,155000.0,319530.0,34475.0,50642.0,19201.0,23076.0,55000.0,527846.0,143394.0,262402.0,156663.0,703719.0,32479.0,542144.0,117444.0,424700.0,,6372.0,59219.0,31338.0,65.0,1803.0,78.0,110486.0,23136.0,928.0,19633.0,,,,60800.0,60800.0,,,,,,,,45680.0,13539.0,,4792.0,613.0,,,,,,,,,,,,,,18705.0,,,,,26.16,26.16,33.33,,,,87.91,295.45,22.28,108.56,0.0,0.29,0.0,,,,,,,,,65324.0,,,,,328431.0,3,2015-07-01,2015-Q3,,,,,,,,,,,Требуется ручная проверка,0,
1016,"""Объединенный банк Республики"" (ООО)",2015,165799.0,,,50642.0,,,,,,,,,,,,,,,91619.0,45663.0,65.0,2820.0,167.0,145846.0,50127.0,2049.0,8261.0,,,,59900.0,59900.0,,,,,,,,71927.0,19692.0,,7214.0,1778.0,,,,,,,,,,,,,,10310.0,,,,,31.21,31.21,38.31,,,,122.69,172.5,28.19,84.83,0.0,0.25,0.0,,,,,,,,,240947.0,,,,,374330.0,4,2015-10-01,2015-Q4,,,,,,,,,,,Требуется ручная проверка,0,
1016,"""Объединенный банк Республики"" (ООО)",2016,170000.0,328081.0,28026.0,50642.0,26859.0,15860.0,95000.0,448491.0,71398.0,141283.0,,560359.0,40470.0,306739.0,116309.0,190430.0,,3735.0,125086.0,45031.0,65.0,3861.0,53496.0,303262.0,124370.0,3013.0,37786.0,,,,59000.0,59000.0,,,,,,,,101142.0,23944.0,,10032.0,3667.0,,,,,,,,,,,,,,34773.0,,,,,33.9,33.9,42.59,,,,130.01,159.4,37.33,63.28,0.0,0.03,0.0,,,,,,,,,122361.0,,,,,334332.0,1,2016-01-01,2016-Q1,,,,,,,,,,,Требуется ручная проверка,0,
1016,"""Объединенный банк Республики"" (ООО)",2016,185000.0,342659.0,27604.0,50642.0,25859.0,15230.0,35000.0,418317.0,75051.0,60529.0,,535994.0,42626.0,309624.0,117692.0,191932.0,,2703.0,20675.0,1.0,0.0,0.0,218.0,23418.0,796.0,122.0,3693.0,,,,56400.0,56400.0,,,,,,,87.0,19509.0,1079.0,1.0,2858.0,81.0,,,,,,,,,,,,,,3571.0,,,2912.0,781.0,34.44,34.44,42.31,,,,205.25,158.24,33.96,55.93,0.0,0.0,0.0,,,,,,,,,165259.0,,,,,347362.0,2,2016-04-01,2016-Q2,,,,,,,,,,,Требуется ручная проверка,0,
1016,"""Объединенный банк Республики"" (ООО)",2016,180799.0,,,13606.0,,,,,,,,,,,,,,,40760.0,7.0,0.0,0.0,218.0,44130.0,10591.0,186.0,2543.0,,,,54300.0,54300.0,,,,,,,2545.0,36449.0,1766.0,7.0,5210.0,548.0,,,,,,,,,,,,,,2729.0,,,2912.0,5455.0,35.06,35.06,42.7,,,,144.97,146.29,16.76,66.39,0.0,0.0,0.0,,,,,,,,,339634.0,,,,,351752.0,3,2016-07-01,2016-Q3,,,,,,,,,,,Требуется ручная проверка,0,
1016,"КБ ""ОБР"" (ООО)",2016,185000.0,302386.0,24367.0,13606.0,15367.0,19664.0,0.0,395995.0,74429.0,29921.0,,520258.0,49834.0,351328.0,117567.0,233761.0,,3159.0,64263.0,45.0,0.0,0.0,218.0,57124.0,10742.0,251.0,5597.0,,,,52200.0,52200.0,,,,,,,6320.0,55482.0,2461.0,45.0,8065.0,677.0,,,,,,,,,,,,,,5848.0,,,2912.0,8509.0,37.59,37.59,45.91,,,,249.67,158.79,10.43,62.42,0.0,0.04,0.0,,,,,,,,,192449.0,,,,,352983.0,4,2016-10-01,2016-Q4,,,,,,,,,,,Требуется ручная проверка,0,
1016,"КБ ""ОБР"" (ООО)",2017,185000.0,302718.0,24699.0,13606.0,20679.0,19413.0,95000.0,374101.0,72422.0,31599.0,,514857.0,68334.0,350795.0,85153.0,265642.0,,3200.0,84424.0,58.0,0.0,8.0,218.0,71904.0,14792.0,316.0,1794.0,,,,57600.0,57600.0,,,,,,,9099.0,72171.0,3154.0,58.0,10015.0,709.0,,,,,,,,,,,,,,1478.0,,,3167.0,1373.0,39.65,39.65,48.62,,,,195.12,421.09,4.44,56.56,0.0,0.03,0.0,,,,,,,,,177438.0,,,,,350782.0,1,2017-01-01,2017-Q1,,,,,,,,,,,Требуется ручная проверка,0,
1016,"КБ ""ОБР"" (ООО)",2017,185000.0,303102.0,25083.0,13606.0,24877.0,16817.0,35000.0,351813.0,68053.0,75667.0,,456558.0,36692.0,372423.0,85612.0,286811.0,,2937.0,19991.0,13.0,0.0,8.0,0.0,13910.0,427.0,63.0,2825.0,,,,56500.0,56500.0,,,,,,,3349.0,15495.0,1147.0,13.0,1902.0,10.0,,,,,,,,,,,,,,2762.0,,,512.0,2772.0,35.978,35.978,44.115,,,,338.058,320.433,4.669,49.471,0.0,0.028,0.0,,,,,,,,,252648.0,,,,,346554.0,2,2017-04-01,2017-Q2,,,,,,,,,,,Требуется ручная проверка,0,
1016,"КБ ""ОБР"" (ООО)",2017,195000.0,311318.0,25457.0,11448.0,22877.0,16700.0,15000.0,316520.0,85220.0,83326.0,,454094.0,52354.0,386854.0,86068.0,300786.0,,3121.0,39804.0,27.0,0.0,10.0,0.0,37956.0,7653.0,128.0,24632.0,,,,55700.0,55700.0,,,,,,,7464.0,29863.0,2477.0,27.0,3855.0,10.0,,,,,,,,,,,,,,24504.0,,,1273.0,24230.0,33.485,33.485,41.31,,,,279.559,436.06,5.234,48.942,0.0,0.045,0.0,,,,,,,,,239403.0,,,,,334579.0,3,2017-07-01,2017-Q3,,,,,,,,,,,Требуется ручная проверка,0,
1016,"КБ ""ОБР"" (ООО)",2017,195000.0,311460.0,25599.0,11448.0,24266.0,26173.0,180000.0,299683.0,89195.0,83304.0,,447754.0,58876.0,396046.0,97249.0,298797.0,,3057.0,59656.0,41.0,0.0,17.0,0.0,66323.0,8155.0,185.0,13504.0,,,,65900.0,65900.0,,,,,,,10958.0,44546.0,3856.0,41.0,5890.0,112.0,,,,,,,,,,,,,,13319.0,,,2053.0,12745.0,35.482,35.482,44.679,,,,277.636,228.311,7.109,43.039,0.0,0.084,0.0,,,,,,,,,286298.0,,,,,356202.0,4,2017-10-01,2017-Q4,,,,,,,,,,,Требуется ручная проверка,0,
1016,"КБ ""ОБР"" (ООО)",2018,195000.0,311750.0,25889.0,11448.0,19912.0,12937.0,50000.0,304055.0,52611.0,82925.0,,403191.0,46525.0,355256.0,76700.0,278556.0,,2907.0,78688.0,50.0,0.0,22.0,20.0,81003.0,8995.0,244.0,13831.0,,,,65050.0,65050.0,,,,,,,14605.0,58270.0,5229.0,50.0,7538.0,273.0,,,,,,,,,,,,,,13587.0,,,2827.0,12892.0,38.316,38.316,48.085,,,,249.636,292.546,10.108,35.415,0.0,0.089,0.0,,,,,,,,,236717.0,,,,,355119.0,1,2018-01-01,2018-Q1,,,,,,,,,,,Требуется ручная проверка,0,
1016,"КБ ""ОБР"" (ООО)",2018,195000.0,311869.0,26008.0,11448.0,25710.0,13155.0,25000.0,243114.0,52364.0,101483.0,,372550.0,77072.0,362768.0,87000.0,275768.0,,2907.0,19514.0,111.0,0.0,0.0,0.0,38642.0,23742.0,58.0,3854.0,,,,64100.0,64100.0,,,,,,,3427.0,14413.0,1400.0,111.0,1733.0,158.0,,,,,,,,,,,,,,3912.0,,,803.0,4408.0,35.292,35.292,44.739,35.748,,,205.69,256.457,9.368,40.008,0.0,0.088,0.0,,,,,,,,,253124.0,,,,,358254.0,2,2018-04-01,2018-Q2,,,,,,,,,,,Требуется ручная проверка,0,
1016,"КБ ""ОБР"" (ООО)",2018,195000.0,298095.0,26465.0,11448.0,27705.0,24528.0,55000.0,249777.0,40249.0,109852.0,,388667.0,98641.0,362800.0,87000.0,275800.0,,3034.0,37698.0,126.0,0.0,0.0,0.0,56520.0,37766.0,543.0,9092.0,,,,63250.0,63250.0,,,,,,,6022.0,28222.0,2974.0,126.0,3497.0,317.0,,,,,,,,,,,,,,9635.0,,,926.0,8029.0,36.035,36.035,46.023,36.289,,,298.414,324.798,10.161,29.863,0.0,0.0,0.0,,,,,,,,,264046.0,,,,,361039.0,3,2018-07-01,2018-Q3,,,,,,,,,,,Требуется ручная проверка,0,
1016,"КБ ""ОБР"" (ООО)",2018,195000.0,299232.0,27602.0,11448.0,21524.0,5423.0,,241065.0,43455.0,115132.0,,347738.0,63218.0,394983.0,82000.0,312983.0,,600.0,54111.0,140.0,0.0,0.0,3.0,70855.0,38217.0,2157.0,15013.0,,,,61650.0,61650.0,,,,,,,10693.0,38364.0,4562.0,140.0,5189.0,376.0,,,,,,,,,,,,,,17170.0,,,1149.0,11484.0,38.395,38.395,49.33,33.135,,,296.846,326.863,7.516,13.128,0.0,0.023,0.0,,,,,,,,,366516.0,,,,,363464.0,4,2018-10-01,2018-Q4,,,,,,,,,,,Требуется ручная проверка,0,
1016,"КБ ""ОБР"" (ООО)",2019,195000.0,298820.0,27190.0,11448.0,20789.0,6157.0,,206929.0,48135.0,138418.0,,310840.0,55776.0,464723.0,96577.0,368146.0,,767.0,81491.0,154.0,0.0,0.0,3.0,105497.0,40084.0,2608.0,21487.0,,,,59750.0,59750.0,,,,,,,17373.0,57322.0,6303.0,154.0,7003.0,376.0,,,,,,,,,,,,,,24095.0,,,2770.0,19208.0,37.691,37.691,49.128,31.354,,,373.757,383.831,3.948,27.499,,0.003,0.0,,,,,,,,,375977.0,,,,,368677.0,1,2019-01-01,2019-Q1,,,,,,,,,,,Требуется ручная проверка,0,
1016,"КБ ""ОБР"" (ООО)",2019,195000.0,294584.0,22954.0,11448.0,25798.0,4948.0,,179051.0,43970.0,149334.0,,311908.0,88887.0,459832.0,86037.0,373795.0,,957.0,25099.0,15.0,0.0,0.0,1617.0,24554.0,776.0,731.0,345.0,,,,70297.0,70297.0,,,,,,,6859.0,15049.0,1740.0,15.0,1695.0,0.0,,,,,,,,,,,,,,386.0,,,3694.0,2651.0,,38.351,48.335,,,,,310.694,,,,,,,,,,,,,,349134.0,,,,,378586.0,2,2019-04-01,2019-Q2,,,,,,,,,,,Требуется ручная проверка,0,
1016,"КБ ""ОБР"" (ООО)",2019,195000.0,313783.0,23121.0,30480.0,18540.0,4685.0,,150641.0,56185.0,158278.0,,306609.0,99783.0,409864.0,90903.0,318961.0,,692.0,41733.0,31.0,0.0,0.0,3090.0,45159.0,1810.0,259.0,1519.0,,,,73873.0,73873.0,,,,,,,12075.0,24249.0,3958.0,31.0,3403.0,2.0,,,,,,,,,,,,,,1778.0,,,3694.0,4348.0,,42.6,54.054,,,,,371.293,,,,,,,,,,,,,,342311.0,,,,,383613.0,3,2019-07-01,2019-Q3,,,,,,,,,,,Требуется ручная проверка,0,
1016,"КБ ""ОБР"" (ООО)",2019,195000.0,314145.0,23483.0,30480.0,22384.0,3288.0,,155168.0,57841.0,139577.0,,279461.0,66452.0,370800.0,91333.0,279467.0,,578.0,57385.0,46.0,0.0,0.0,4568.0,78763.0,7780.0,546.0,15059.0,,,,71875.0,71875.0,,,,,,,16976.0,32302.0,6656.0,46.0,5208.0,2.0,,,,,,,,,,,,,,14513.0,,,3694.0,12592.0,,41.252,52.707,,,,,338.108,,,,,,,,,,,,,,329760.0,,,,,363511.0,4,2019-10-01,2019-Q4,,,,,,,,,,,Требуется ручная проверка,0,
1016,"КБ ""ОБР"" (ООО)",2020,195000.0,314178.0,23516.0,30480.0,14065.0,3627.0,,169594.0,58153.0,139849.0,,357302.0,129555.0,360148.0,90811.0,269337.0,,570.0,73039.0,16936.0,0.0,0.0,7238.0,97450.0,11064.0,684.0,4695.0,,,,68412.0,68412.0,,,,,,,20799.0,42149.0,8640.0,16936.0,6991.0,2.0,,,,,,,,,,,,,,5379.0,,,3694.0,6987.0,,36.805,46.471,,,,,292.598,,,,,,,,,,,,,,39013.0,,,,,380868.0,1,2020-01-01,2020-Q1,,,,,,,,,,,Требуется ручная проверка,0,
1016,"КБ ""ОБР"" (ООО)",2020,195000.0,313806.0,23144.0,30480.0,26660.0,2437.0,,183397.0,56193.0,136488.0,,344659.0,105069.0,369442.0,92233.0,277209.0,,548.0,15315.0,16.0,0.0,3.0,290.0,39250.0,1063.0,131.0,2927.0,,,,70292.0,70292.0,,,,,,,3444.0,9909.0,1962.0,16.0,1739.0,0.0,,,,,,,,,,,,,,2796.0,,,0.0,2927.0,,36.382,45.796,,,,,393.167,,,,,,,,,,,,,,54567.0,,,,,379990.0,2,2020-04-01,2020-Q2,,,,,,,,,,,Требуется ручная проверка,0,
1016,"КБ ""ОБР"" (ООО)",2020,195000.0,316009.0,23146.0,32681.0,25495.0,3007.0,,194976.0,55615.0,137299.0,,353992.0,103401.0,398243.0,109112.0,289131.0,,547.0,29845.0,32.0,0.0,5.0,780.0,61536.0,1930.0,264.0,1459.0,,,,65286.0,65286.0,,,,,,,6698.0,19627.0,3520.0,32.0,3612.0,18.0,,,,,,,,,,,,,,1723.0,,,2.0,1457.0,,37.761,47.031,,,,,354.108,,,,,,,,,,,,,,45971.0,,,,,376502.0,3,2020-07-01,2020-Q3,,,,,,,,,,,Требуется ручная проверка,0,
1016,"КБ ""ОБР"" (ООО)",2020,195000.0,316010.0,23147.0,32681.0,20977.0,2268.0,,159081.0,58474.0,139133.0,,327739.0,110184.0,379288.0,94777.0,284511.0,,560.0,43687.0,2038.0,0.0,5.0,1085.0,94909.0,18224.0,1263.0,10679.0,,,,64612.0,64612.0,,,,,,,9480.0,28890.0,5317.0,2038.0,5373.0,40.0,,,,,,,,,,,,,,11942.0,,,3.0,10676.0,,39.032,49.478,,,,,378.119,,,,,,,,,,,,,,87704.0,,,,,383421.0,4,2020-10-01,2020-Q4,,,,,,,,,,,Требуется ручная проверка,0,
1016,"КБ ""ОБР"" (ООО)",2021,195000.0,316010.0,23147.0,32681.0,25739.0,2857.0,,138044.0,58312.0,134550.0,,328518.0,132162.0,356538.0,95144.0,261394.0,,567.0,57660.0,2062.0,0.0,5.0,1025.0,122236.0,19432.0,526.0,10371.0,,,,59066.0,59066.0,,,,,,,12541.0,38057.0,7062.0,2062.0,7104.0,61.0,,,,,,,,,,,,,,10897.0,,,26.0,10345.0,,38.459,48.24,,,,,250.553,,,,,,,,,,,,,,44714.0,,,,,379433.0,1,2021-01-01,2021-Q1,,,,,,,,,,,Требуется ручная проверка,0,
1016,"КБ ""ОБР"" (ООО)",2021,195000.0,315926.0,23063.0,32681.0,24780.0,2859.0,,113673.0,64659.0,119256.0,,368992.0,190660.0,377996.0,124617.0,253379.0,,621.0,14243.0,17.0,0.0,0.0,0.0,23810.0,5384.0,122.0,1885.0,,,,56390.0,56390.0,,,,,,,2804.0,9779.0,1660.0,17.0,1672.0,35.0,,,,,,,,,,,,,,2007.0,,,0.0,1885.0,,42.294,51.199,,,,,282.114,,,,,,,,,,,,,,81975.0,,,,,378872.0,2,2021-04-01,2021-Q2,,,,,,,,,,,Требуется ручная проверка,0,
1016,"КБ ""ОБР"" (ООО)",2021,195000.0,324723.0,23067.0,41474.0,22677.0,8380.0,,104513.0,64828.0,121496.0,,324277.0,154936.0,336057.0,116762.0,219295.0,,546.0,28127.0,31.0,0.0,0.0,0.0,45977.0,6338.0,795.0,454.0,0.0,0.0,,52329.0,52329.0,,,,,,,6276.0,18563.0,3288.0,31.0,3398.0,79.0,,,,,,,,,,,,,,341.0,,,4.0,458.0,,44.975,53.732,,,,,296.596,,,,,,,,,,,,,,58317.0,,,,,364888.0,3,2021-07-01,2021-Q3,,,,,,,,,,,Требуется ручная проверка,0,
1016,"КБ ""ОБР"" (ООО)",2021,195000.0,324724.0,23068.0,41474.0,40690.0,3279.0,,95889.0,62841.0,115418.0,,311574.0,152844.0,352035.0,133558.0,218477.0,,517.0,42333.0,310.0,0.0,0.0,0.0,63078.0,6880.0,792.0,539.0,0.0,0.0,,49268.0,49268.0,,,,,,,11051.0,26477.0,4805.0,310.0,5293.0,122.0,,,,,,,,,,,,,,253.0,,,5.0,544.0,,49.296,58.391,,,,,332.098,,,,,,,,,,,,,,394666.0,,,,,362903.0,4,2021-10-01,2021-Q4,,,,,,,,,,,Требуется ручная проверка,0,
1019,"ООО ""ПОТЕНЦИАЛБАНК""",2007,96000.0,263810.0,19477.0,,110846.0,314374.0,115446.0,384942.0,47171.0,9990.0,9990.0,2480924.0,2048811.0,2245026.0,57037.0,2187989.0,32.0,75695.0,108939.0,638.0,0.0,2114.0,2832.0,190002.0,106.0,,7804.0,,,,,,,,,,,,,,,,,,,,,,,,,,,,,,,,,,,,,,,,,,,,,,,,,,,,,,,,,,,,,,,2,2007-04-01,2007-Q2,,,,,,,,,,,Требуется ручная проверка,0,
1019,"ООО ""ПОТЕНЦИАЛБАНК""",2007,96000.0,290097.0,19477.0,,107805.0,109610.0,34909.0,468304.0,48201.0,7493.0,7493.0,2864454.0,2347949.0,2263419.0,56595.0,2206824.0,5.0,56709.0,224913.0,708.0,0.0,3503.0,3732.0,369302.0,305.0,,26196.0,,,,,,,,,,,,,,,,,,,,,,,,,,,,,,,,,,,,,,,,,,,,,,,,,,,,,,,,,,,,,,,3,2007-07-01,2007-Q3,,,,,,,,,,,Требуется ручная проверка,0,
1019,"ООО ""ПОТЕНЦИАЛБАНК""",2007,116990.0,310960.0,19477.0,,154596.0,85597.0,34391.0,677611.0,48308.0,7493.0,7493.0,3010932.0,2285013.0,2296725.0,56024.0,2240701.0,11.0,66874.0,347848.0,723.0,0.0,3837.0,4380.0,541452.0,1214.0,,54565.0,,,,,,,,,,,,,,,,,,,,,,,,,,,,,,,,,,,,,,,,,,,,,,,,,,,,,,,,,,,,,,,4,2007-10-01,2007-Q4,,,,,,,,,,,Требуется ручная проверка,0,
1019,"ООО ""ПОТЕНЦИАЛБАНК""",2008,140880.0,334516.0,19477.0,,113608.0,51129.0,99416.0,803125.0,39418.0,4995.0,4995.0,3226921.0,2384378.0,2452292.0,61276.0,2391016.0,15.0,52518.0,484735.0,798.0,0.0,3987.0,5074.0,782885.0,1417.0,,82364.0,,,,,,,,,,,,,,,,,,,,,,,,,,,,,,,,,,,,,,,,,,,,,,,,,,,,,,,,,,,,,,,1,2008-01-01,2008-Q1,,,,,,,,,,,Требуется ручная проверка,0,
1019,"ООО ""ПОТЕНЦИАЛБАНК""",2008,140880.0,333790.0,19472.0,28145.0,142603.0,58573.0,64321.0,917340.0,18693.0,5092.0,5092.0,3568983.0,2632950.0,2844568.0,159685.0,2684883.0,8.0,72326.0,154570.0,78118.0,,23225.0,1338.0,202456.0,36261.0,,41683.0,,,,,,,,,,,,421.0,152973.0,99.0,4.0,2232.0,557.0,,,,,,,,,,,,,,,,,,,,,,,,,,,,,,,,,,,,,,,,,,,,,,2,2008-04-01,2008-Q2,,,,,,,,,,,Требуется ручная проверка,0,
1019,"ООО ""ПОТЕНЦИАЛБАНК""",2008,140880.0,374237.0,19472.0,29211.0,153079.0,135657.0,418.0,1031210.0,21025.0,2794.0,2794.0,3865760.0,2813525.0,3073973.0,164943.0,2909030.0,7.0,74212.0,324748.0,162579.0,,45427.0,2304.0,430424.0,72513.0,,68807.0,,,,,,,,,,,,809.0,320188.0,155.0,290.0,5821.0,1245.0,,,,,,,,,,,,,,,,,,,,,,,,,,,,,,,,,,,,,,,,,,,,,,3,2008-07-01,2008-Q3,,,,,,,,,,,Требуется ручная проверка,0,
1019,"ООО ""ПОТЕНЦИАЛБАНК""",2008,190077.0,423128.0,19472.0,28905.0,141584.0,158245.0,408.0,1220935.0,19658.0,2794.0,2794.0,4082137.0,2841544.0,3154699.0,172762.0,2981937.0,8.0,78503.0,505474.0,255296.0,,68667.0,2806.0,674095.0,110404.0,,107710.0,,,,,,,,,,,,1134.0,498361.0,200.0,632.0,9497.0,2071.0,,,,,,,,,,,,,,,,,,,,,,,,,,,,,,,,,,,,,,,,,,,,,,4,2008-10-01,2008-Q4,,,,,,,,,,,Требуется ручная проверка,0,
1019,"ООО ""ПОТЕНЦИАЛБАНК""",2009,190077.0,423087.0,19472.0,28864.0,121500.0,20039.0,,1217506.0,66121.0,0.0,,3438580.0,2154953.0,2237763.0,160666.0,2077097.0,8.0,6168.0,669661.0,343394.0,,89534.0,7740.0,1268824.0,130679.0,,221433.0,,,,,,,,,,,,1148.0,658063.0,2319.0,15962.0,13176.0,2397.0,,,,,,,,,,,,,,,,,,,,,,,,,,,,,,,,,,,,,,,,,,,,,,1,2009-01-01,2009-Q1,,,,,,,,,,,Требуется ручная проверка,0,
1019,"ООО ""ПОТЕНЦИАЛБАНК""",2009,190077.0,433962.0,29415.0,29796.0,241328.0,31851.0,,1328858.0,117815.0,433448.0,,4166668.0,2719995.0,2282219.0,132291.0,2149928.0,8.0,4573.0,194406.0,129577.0,,20991.0,5245.0,499730.0,39321.0,4100.0,37057.0,,,,,,,,,,,,7.0,171544.0,13759.0,59178.0,2182.0,85.0,,,,,,,,,,,,,,32957.0,,,,,,,,,,,,,,,,,,,,,,,,,,,,,,,,2,2009-04-01,2009-Q2,,,,,,,,,,,Требуется ручная проверка,0,
1019,"ООО ""ПОТЕНЦИАЛБАНК""",2009,190077.0,702391.0,69731.0,29808.0,141582.0,69976.0,133232.0,1267011.0,311154.0,386356.0,,5025995.0,3447830.0,2296893.0,90602.0,2206291.0,5.0,4542.0,397178.0,265131.0,,35743.0,6117.0,966415.0,142811.0,4181.0,37734.0,,,,,,,,,,,,8.0,351576.0,27791.0,119017.0,3230.0,2207.0,,,,,,,,,,,,,,33553.0,,,,,,,,,,,,,,,,,,,,,,,,,,,,,,,,3,2009-07-01,2009-Q3,,,,,,,,,,,Требуется ручная проверка,0,
1019,"ООО ""ПОТЕНЦИАЛБАНК""",2009,190077.0,702393.0,69733.0,29808.0,150183.0,57132.0,304821.0,1152813.0,691890.0,661943.0,,4108503.0,2263800.0,2564771.0,2700.0,2390882.0,,21106.0,585385.0,415719.0,,53216.0,8766.0,1471877.0,206491.0,4270.0,59574.0,,,,,,,,,,,,9.0,498004.0,47773.0,179510.0,3619.0,6619.0,,,,,,,,,,,,,,55304.0,,,,,,,,,,,,,,,,,,,,,,,,,,,,,,,,4,2009-10-01,2009-Q4,,,,,,,,,,,Требуется ручная проверка,0,
1019,"ООО ""ПОТЕНЦИАЛБАНК""",2010,190077.0,702391.0,69727.0,29812.0,141988.0,50666.0,247730.0,1107836.0,852213.0,661943.0,,4569955.0,2609906.0,2591116.0,22400.0,2568716.0,,30194.0,771234.0,560748.0,,84358.0,27167.0,1873888.0,257112.0,176.0,30938.0,,,,,,,,,,,,10.0,653107.0,72022.0,227777.0,4246.0,9978.0,,,,,,,,,,,,,,30762.0,,,,,,,,,,,,,,,,,,,,,,,,,,,,,,,,1,2010-01-01,2010-Q1,,,,,,,,,,,Требуется ручная проверка,0,
1019,"ООО ""ПОТЕНЦИАЛБАНК""",2010,190077.0,702389.0,69725.0,29812.0,136649.0,9163.0,188807.0,1056092.0,923626.0,640876.0,,4855245.0,2875527.0,2853890.0,162500.0,2691390.0,,56489.0,170799.0,138077.0,,13126.0,453.0,305596.0,29645.0,,1601.0,,,,,,,,,,,,4020.0,144589.0,19939.0,42442.0,3312.0,3227.0,,,,,,,,,,,,,,1601.0,,,,,,,,,,,,,,,,,,,,,,,,,,,,,,,,2,2010-04-01,2010-Q2,,,,,,,,,,,Требуется ручная проверка,0,
1019,"ООО ""ПотенциалБанк""",2011,,,,,,,,,,,,,,,,,,,550541.0,403826.0,,76040.0,504813.0,2297892.0,396283.0,0.0,844226.0,,,,,,,,,,,,12421.0,477171.0,19940.0,72509.0,13373.0,9341.0,,,,,,,,,,,,,,844226.0,,,,,,,,,,,,,,,,,,,,,,,,,,,,,,,,1,2011-01-01,2011-Q1,,,,,,,,,,,Требуется ручная проверка,0,
1019,"ОАО ""ПотенциалБанк""",2011,1290000.0,1648022.0,69669.0,29835.0,145988.0,2814.0,,842341.0,1071655.0,691.0,,4020953.0,2106957.0,3173651.0,182500.0,2991151.0,,71961.0,79310.0,68340.0,,17606.0,531.0,215735.0,52518.0,,7125.0,,,,,,,,,,,,6370.0,60961.0,11979.0,,3151.0,507.0,,,,,,,,,,,,,,7125.0,,,,,,,,,,15.46,159.19,110.9,60.49,342.97,0.0,0.2,0.04,,,,,,,,,,,,,,,2,2011-04-01,2011-Q2,,,,,,,,,,,Требуется ручная проверка,0,
1019,"ОАО ""ПотенциалБанк""",2011,,,,,,,,,,,,,,,,,,,157782.0,131949.0,,35902.0,1083.0,467809.0,133477.0,402.0,11987.0,,,,,,,,,,,,9304.0,119271.0,5116.0,,5235.0,821.0,,,,,,,,,,,,,,11585.0,,,,,,,,,,16.87,88.42,87.03,67.25,312.47,0.0,0.15,0.04,,,,,,,,,,,,,,,3,2011-07-01,2011-Q3,,,,,,,,,,,Требуется ручная проверка,0,
1019,"ОАО ""ПотенциалБанк""",2011,1290000.0,2498371.0,69668.0,29836.0,144787.0,89728.0,665000.0,88487.0,2241830.0,691.0,,3644221.0,1313904.0,2936112.0,7210.0,2928902.0,,117086.0,222824.0,189339.0,,54038.0,1737.0,870216.0,356569.0,1261.0,10836.0,,,,,,,,,,,,11074.0,170869.0,8405.0,,6321.0,862.0,,,,,,,,,,,,,,9575.0,,,,,,,,,,16.83,116.74,93.21,202.16,366.97,0.0,0.22,0.04,,,,,,,,,,,,,,,4,2011-10-01,2011-Q4,,,,,,,,,,,Требуется ручная проверка,0,
1019,"ОАО ""ПотенциалБанк""",2012,,,,,,,,,,,,,,,,,,,290347.0,247134.0,,72337.0,2210.0,1109852.0,452014.0,1261.0,14906.0,,,,,,,,,,,,14449.0,235017.0,8405.0,,6550.0,862.0,,,,,,,,,,,,,,16167.0,,,,,,,,,,13.1,107.56,110.51,107.67,355.94,0.0,0.19,0.04,,,,,,,,,,,,,,,1,2012-01-01,2012-Q1,,,,,,,,,,,Требуется ручная проверка,0,
1019,"ОАО ""ПотенциалБанк""",2012,1290000.0,2498725.0,70022.0,29836.0,192578.0,82595.0,1798000.0,53327.0,2396117.0,691.0,,3199398.0,749954.0,3172760.0,29948.0,3142812.0,,126115.0,56982.0,64942.0,19.0,12714.0,360.0,189564.0,25299.0,,34137.0,,,,,,,,,,,,2822.0,54160.0,,,248.0,,,,,,,,,,,,,,,34137.0,,,,,,,,,,12.64,74.54,119.33,28.22,385.16,0.0,0.17,0.04,,,,,,,,,,,,,,,2,2012-04-01,2012-Q2,,,,,,,,,,,Требуется ручная проверка,0,
1025,"ООО КБ ""ЭЛ БАНК""",2008,32000.0,44261.0,5782.0,4018.0,23228.0,23107.0,,156221.0,14345.0,962.0,,241972.0,71406.0,175699.0,37021.0,138678.0,,4215.0,25128.0,12560.0,,8120.0,,43619.0,10457.0,,569.0,,,,,,,,,,,,,22728.0,2400.0,1979.0,2532.0,,,,,,,,,,,,,,,,,,,,,,,,,,,,,,,,,,,,,,,,,,,,,,,3,2008-07-01,2008-Q3,,,,,,,,,,,Требуется ручная проверка,0,
1025,"ООО КБ ""ЭЛ БАНК""",2008,82000.0,94261.0,5782.0,4018.0,20636.0,32122.0,,160019.0,16014.0,962.0,,258809.0,82776.0,162238.0,22500.0,139738.0,,8827.0,38547.0,18811.0,,15651.0,,65776.0,13912.0,,2784.0,,,,,,,,,,,,,34657.0,3890.0,3168.0,3322.0,,,,,,,,,,,,,,,,,,,,,,,,,,,,,,,,,,,,,,,,,,,,,,,4,2008-10-01,2008-Q4,,,,,,,,,,,Требуется ручная проверка,0,
1025,"ООО КБ ""ЭЛ БАНК""",2009,82000.0,94540.0,5782.0,4297.0,17915.0,10018.0,,138491.0,17661.0,962.0,,240050.0,83898.0,153369.0,25502.0,127867.0,,325.0,51531.0,24345.0,,22137.0,,100045.0,26363.0,,679.0,,,,,,,,,,,,,46187.0,5344.0,3253.0,4213.0,,,,,,,,,,,,,,,,,,,,,,,,,,,,,,,,,,,,,,,,,,,,,,,1,2009-01-01,2009-Q1,,,,,,,,,,,Требуется ручная проверка,0,
1025,"ООО КБ ""ЭЛ БАНК""",2009,82000.0,94540.0,5782.0,4297.0,20770.0,4732.0,,117684.0,33023.0,988.0,,222512.0,71805.0,149572.0,19400.0,130172.0,,300.0,11482.0,5604.0,0.0,1110.0,,32231.0,19075.0,0.0,188.0,,,,,,,,,,,,0.0,9302.0,84.0,0.0,979.0,,,,,,,,,,,,,,,188.0,,,,,,,,,,,,,,,,,,,,,,,,,,,,,,,,2,2009-04-01,2009-Q2,,,,,,,,,,,Требуется ручная проверка,0,
1025,"ООО КБ ""ЭЛ БАНК""",2009,82000.0,94576.0,5782.0,4297.0,23020.0,17266.0,,105838.0,35034.0,1008.0,,275484.0,134612.0,213676.0,76200.0,137476.0,,352.0,23551.0,12509.0,,2480.0,,52953.0,27912.0,,1920.0,,,,,,,,,,,,,20278.0,96.0,32.0,3091.0,,,,,,,,,,,,,,,1920.0,,,,,,,,,,,,,,,,,,,,,,,,,,,,,,,,3,2009-07-01,2009-Q3,,,,,,,,,,,Требуется ручная проверка,0,
1025,"ООО КБ ""ЭЛ БАНК""",2009,82000.0,94576.0,5782.0,4297.0,15733.0,6028.0,,96543.0,27746.0,996.0,,282549.0,158260.0,218346.0,71182.0,147164.0,,1547.0,35582.0,19783.0,,3911.0,,70453.0,30469.0,810.0,698.0,,,,,,,,,,,,1870.0,29722.0,117.0,124.0,5217.0,,,,,,,,,,,,,,,1508.0,,,,,,,,,,,,,,,,,,,,,,,,,,,,,,,,4,2009-10-01,2009-Q4,,,,,,,,,,,Требуется ручная проверка,0,
1025,"ООО КБ ""ЭЛ БАНК""",2010,82000.0,94576.0,5782.0,4297.0,18303.0,22236.0,,85784.0,29098.0,1017.0,,197791.0,82909.0,230659.0,79260.0,151399.0,,2060.0,48338.0,27537.0,,6152.0,,103190.0,47865.0,324.0,594.0,,,,,,,,,,,,3050.0,40787.0,141.0,180.0,7526.0,,,,,,,,,,,,,,,918.0,,,,,,,,,,,,,,,,,,,,,,,,,,,,,,,,1,2010-01-01,2010-Q1,,,,,,,,,,,Требуется ручная проверка,0,
1025,"ООО КБ ""ЭЛ БАНК""",2010,82000.0,94576.0,5782.0,4297.0,14613.0,64322.0,,61518.0,39798.0,1008.0,,186703.0,85387.0,222784.0,87470.0,135314.0,,3958.0,8585.0,7488.0,,1316.0,,23189.0,12827.0,0.0,21.0,,,,,,,,,,,,1244.0,7034.0,18.0,,2095.0,,,,,,,,,,,,,,,21.0,,,,,,,,,,,,,,,,,,,,,,,,,,,,,,,,2,2010-04-01,2010-Q2,,,,,,,,,,,Требуется ручная проверка,0,
1025,"ООО КБ ""Эл банк""",2010,82000.0,95042.0,5782.0,4297.0,23341.0,10538.0,,51184.0,48601.0,1029.0,,285275.0,185490.0,184128.0,52019.0,132109.0,,3889.0,19199.0,14162.0,,3557.0,,41588.0,18386.0,0.0,219.0,,,,,,,,,,,,1244.0,17421.0,27.0,735.0,2863.0,,,,,,,,,,,,,,,219.0,,,,,,,,,,,,,,,,,,,,,,,,,,,,,,,,3,2010-07-01,2010-Q3,,,,,,,,,,,Требуется ручная проверка,0,
1025,"ООО КБ ""Эл банк""",2010,82000.0,95042.0,5782.0,4297.0,27810.0,11213.0,,89396.0,40281.0,,,265073.0,135396.0,245804.0,94350.0,151454.0,,5742.0,32272.0,23518.0,,6990.0,,63323.0,23548.0,0.0,219.0,,,,,,,,,,,,2300.0,28857.0,27.0,1235.0,5233.0,,,,,,,,,,,,,,,219.0,,,,,,,,,,,,,,,,,,,,,,,,,,,,,,,,4,2010-10-01,2010-Q4,,,,,,,,,,,Требуется ручная проверка,0,
1025,"ООО КБ ""Эл банк""",2011,,,,,,,,,,,,,,,,,,,45949.0,31951.0,,9907.0,,84136.0,28455.0,0.0,1012.0,,,,,,,,,,,,3220.0,41282.0,27.0,1335.0,7463.0,,,,,,,,,,,,,,,1012.0,,,,,,,,,,,,,,,,,,,,,,,,,,,,,,,,1,2011-01-01,2011-Q1,,,,,,,,,,,Требуется ручная проверка,0,
1025,"ООО КБ ""Эл банк""",2011,82000.0,95042.0,5782.0,4297.0,30874.0,43629.0,,147902.0,36331.0,,,474183.0,289950.0,424117.0,142110.0,282007.0,,2761.0,17461.0,10205.0,,1471.0,,22276.0,7224.0,102.0,3905.0,,,,,,,,,,,,,17283.0,178.0,414.0,2215.0,,,,,,,,,,,,,,,4007.0,,,,,,,,,,14.3,51.59,58.51,112.18,353.07,0.0,1.39,0.0,,,,,,,,,,,,,,,2,2011-04-01,2011-Q2,,,,,,,,,,,Требуется ручная проверка,0,
1025,"ООО КБ ""Эл банк""",2011,,,,,,,,,,,,,,,,,,,41918.0,23228.0,,3777.0,,62750.0,17101.0,,347.0,,,,,,,,,,,,,41543.0,375.0,1150.0,4723.0,284.0,,,,,,,,,,,,,,347.0,,,,,,,,,,19.85,33.86,66.05,82.39,272.43,0.0,1.47,0.0,,,,,,,,,,,,,,,3,2011-07-01,2011-Q3,,,,,,,,,,,Требуется ручная проверка,0,
1025,"ООО КБ ""Эл банк""",2011,162000.0,182929.0,12666.0,5250.0,44289.0,30635.0,105250.0,220334.0,44911.0,6.0,,1002031.0,736786.0,949188.0,147795.0,801393.0,,21930.0,82593.0,45500.0,,11851.0,16.0,204809.0,66655.0,,590.0,,,,,,,,,,,,,82088.0,505.0,1185.0,8101.0,365.0,,,,,,,,,,,,,,590.0,,,,,,,,,,15.41,104.01,162.42,78.08,331.28,0.0,1.73,0.0,,,,,,,,,,,,,,,4,2011-10-01,2011-Q4,,,,,,,,,,,Требуется ручная проверка,0,
1025,"ООО КБ ""Эл банк""",2012,,,,,,,,,,,,,,,,,,,128870.0,77973.0,,25294.0,1221.0,375684.0,169617.0,,2926.0,,,,,,,,,,,,1.0,128279.0,590.0,1228.0,12214.0,3851.0,,,,,,,,,,,,,,2926.0,,,,,,,,,,13.17,113.37,220.52,106.09,405.33,0.0,1.06,0.0,,,,,,,,,,,,,,,1,2012-01-01,2012-Q1,,,,,,,,,,,Требуется ручная проверка,0,
1025,"ООО КБ ""Эл банк""",2012,162000.0,184407.0,14144.0,5250.0,57820.0,70766.0,155000.0,297708.0,42115.0,,,1702464.0,1362641.0,1692874.0,276979.0,1415895.0,,52369.0,59844.0,44466.0,,20470.0,1679.0,146750.0,39815.0,,628.0,,,,,,,,,,,,2.0,59798.0,44.0,6.0,7150.0,2784.0,,,,,,,,,,,,,,628.0,,,,,,,,,,11.63,80.88,113.64,103.53,513.73,0.0,1.0,0.0,,,,,,,,,,,,,,,2,2012-04-01,2012-Q2,,,,,,,,,,,Требуется ручная проверка,0,
1025,"ООО КБ ""Эл банк""",2012,175000.0,193731.0,14144.0,250.0,73420.0,39036.0,35100.0,339573.0,87874.0,2593.0,,2287889.0,1860442.0,2148076.0,360171.0,1787905.0,,65576.0,137131.0,97946.0,,57886.0,5047.0,312653.0,80613.0,0.0,4468.0,,,,,,,,,,,,3.0,137059.0,69.0,34.0,16268.0,4364.0,,,,,,,,,,,,,,4468.0,,,,,,,,,,10.12,62.28,86.01,82.36,653.09,0.0,1.79,0.0,,,,,,,,,,,,,,,3,2012-07-01,2012-Q3,,,,,,,,,,,Требуется ручная проверка,0,
1025,"ООО КБ ""Эл банк""",2012,210000.0,228731.0,14144.0,250.0,103280.0,153262.0,95000.0,331725.0,96180.0,0.0,,2347040.0,1919135.0,2399512.0,420348.0,1979164.0,,76199.0,222339.0,156094.0,33.0,94621.0,7944.0,504058.0,140480.0,,9593.0,,,,,,,,,,,,5.0,222245.0,89.0,78.0,25050.0,5856.0,,,,,,,,,,,,,,9593.0,,,,,,,,,,11.11,96.14,73.32,70.27,550.18,0.0,1.35,0.0,,,,,,,,,,,,,,,4,2012-10-01,2012-Q4,,0409135,,,,,,,,,Требуется ручная проверка,0,
1025,"ООО КБ ""Эл банк""",2013,220000.0,238731.0,14144.0,250.0,147445.0,422996.0,0.0,335529.0,115236.0,2675.0,,2525936.0,2075171.0,2588834.0,491050.0,2097784.0,,84346.0,314929.0,224343.0,33.0,155327.0,9295.0,802745.0,255148.0,,14165.0,,,,,,,,,,,,7.0,314819.0,103.0,79.0,36277.0,8554.0,,,,,,,,,,,,,,14165.0,,,,,,,,,,11.64,132.75,142.02,56.67,433.24,0.0,1.72,0.0,,,,,,,,,,,,,,,1,2013-01-01,2013-Q1,,,,,,,,,,,Требуется ручная проверка,0,
1025,"ООО КБ ""Эл банк""",2013,260000.0,385541.0,120954.0,250.0,152263.0,264118.0,200000.0,400134.0,121750.0,5317.0,,3165840.0,2643956.0,3412751.0,585608.0,2827143.0,,111747.0,109582.0,86576.0,,65634.0,749.0,272452.0,99388.0,,15073.0,,,,,,,,,,,,5.0,109566.0,11.0,14.0,14975.0,4043.0,,,,,,,,,,,,,,15073.0,,,,,,,,,,11.55,107.9,77.3,77.44,428.2,0.01,1.97,0.0,,,,,,,,,516249.0,,,,,,2,2013-04-01,2013-Q2,,0409135,,,,,,,,,Требуется ручная проверка,0,
1025,"ООО КБ ""Эл банк""",2013,300000.0,426925.0,120954.0,250.0,165750.0,544934.0,115950.0,482700.0,129118.0,4763.0,,3883497.0,3271679.0,3829530.0,768874.0,3060656.0,,130746.0,250325.0,183904.0,39.0,148129.0,3022.0,601262.0,193819.0,,25095.0,,,,,,,,,,,,11.0,250255.0,20.0,1378.0,32950.0,6415.0,,,,,,,,,,,,,,25095.0,,,,,,,,,,11.33,105.6,73.85,84.35,414.8,0.01,1.9,0.0,,,,,,,,,715078.0,,,,,,3,2013-07-01,2013-Q3,,0409135,,,,,,,,,Требуется ручная проверка,0,
1025,"ООО КБ ""Эл банк""",2013,300000.0,426925.0,120954.0,250.0,181307.0,259036.0,44044.0,557145.0,140449.0,3009.0,,4418826.0,3721232.0,4436147.0,848477.0,3587670.0,,156111.0,415442.0,298115.0,160.0,229890.0,5383.0,1008742.0,332824.0,,31738.0,,,,,,,,,,,,18.0,415352.0,25.0,2107.0,52600.0,11582.0,,,,,,,,,,,,,,31738.0,,,,,,,,,,11.39,99.9,76.64,93.89,418.48,0.01,2.24,0.0,,,,,,,,,678562.0,,,,,,4,2013-10-01,2013-Q4,,0409135,,,,,,,,,Требуется ручная проверка,0,
1025,"ООО КБ ""Эл банк""",2014,359000.0,485925.0,120954.0,250.0,102428.0,258000.0,,560377.0,178762.0,2605.0,,4710513.0,3971374.0,4348658.0,671833.0,3676825.0,3.0,167399.0,588010.0,411549.0,171.0,296389.0,6797.0,1375011.0,437511.0,,38101.0,,,,,,,,,,,,25.0,587897.0,9.0,3245.0,71432.0,17209.0,,,,,,,,,,,,,,38101.0,,,,,,,,,,12.17,91.94,70.2,90.48,410.74,0.01,2.0,0.0,,,,,,,,,541483.0,,,,,,1,2014-01-01,2014-Q1,,,,,,,,,,,Требуется ручная проверка,0,
1025,"ООО КБ ""Эл банк""",2014,359000.0,550897.0,185613.0,563.0,116172.0,58929.0,0.0,542796.0,272756.0,5504.0,,4642609.0,3827057.0,4276814.0,693219.0,3583595.0,4.0,157281.0,161391.0,104713.0,,48488.0,2123.0,375332.0,122990.0,2.0,8334.0,16000.0,,,154000.0,154000.0,,,,,,,428.0,160891.0,69.0,131.0,15477.0,5000.0,,,,,,,,,,,,,,8336.0,,,,,7.18,7.48,13.52,,,,95.97,74.23,71.41,354.65,0.01,1.68,0.0,,,,,,,,,545916.0,,,,,753754.0,2,2014-04-01,2014-Q2,,,,,,,,,,,Требуется ручная проверка,0,
1025,"ООО КБ ""Эл банк""",2014,350655.0,,16000.0,17991.0,,,,,,,,,,,,,,,324341.0,210873.0,,85720.0,3170.0,927230.0,393979.0,3771.0,1217.0,16000.0,,,152500.0,152500.0,,,,,,,1329.0,322749.0,251.0,131.0,33317.0,9319.0,,,,,,,,,,,,,,2554.0,,,,,5.77,6.04,11.4,,,,80.48,62.88,84.4,444.14,0.02,2.13,0.0,,,,,,,,,441320.0,,,,,701577.0,3,2014-07-01,2014-Q3,,,,,,,,,,,Требуется ручная проверка,0,
1025,"ООО КБ ""Эл банк""",2014,359000.0,618880.0,223668.0,17991.0,113865.0,21785.0,0.0,488045.0,357783.0,14913.0,,5095405.0,4249577.0,4528751.0,891013.0,3637738.0,4.0,161594.0,507942.0,324602.0,184.0,125906.0,8487.0,1432594.0,587005.0,9883.0,6172.0,16000.0,,,160000.0,160000.0,,,,,,,2190.0,505104.0,626.0,131.0,54916.0,14566.0,,,,,,,,,,,,,,3711.0,,,,,5.72,5.98,11.34,,,,80.66,65.18,108.76,457.96,0.01,1.56,0.0,,,,,,,,,523708.0,,,,,714229.0,4,2014-10-01,2014-Q4,,,,,,,,,,,Требуется ручная проверка,0,
1025,"ООО КБ ""Эл банк""",2015,369000.0,628853.0,223641.0,17991.0,139844.0,38547.0,0.0,464941.0,362456.0,26439.0,,4921615.0,4094218.0,4605671.0,849458.0,3756213.0,4.0,166301.0,698409.0,438972.0,184.0,188221.0,48697.0,2252221.0,842637.0,4487.0,4038.0,16000.0,,,161300.0,161300.0,,,,,,,2913.0,693692.0,1767.0,131.0,77858.0,19562.0,,,,,,,,,,,,,,449.0,,,,,5.85,6.11,11.49,,,,55.98,54.02,82.21,473.21,0.01,1.39,0.0,,,,,,,,,287110.0,,,,,723979.0,1,2015-01-01,2015-Q1,,,,,,,,,,,Требуется ручная проверка,0,
1025,"ООО КБ ""Эл банк""",2015,381500.0,658458.0,240746.0,17991.0,116649.0,6045.0,0.0,368770.0,396553.0,,,4890337.0,4125014.0,4539143.0,851352.0,3687791.0,8.0,161524.0,184625.0,173545.0,,55947.0,28820.0,611639.0,126677.0,4351.0,782.0,14000.0,,,158050.0,158050.0,,,,,,,8.0,184616.0,1.0,,34526.0,4048.0,,,,,,,,,,,,,,5133.0,,,,,5.95,6.16,11.36,,,,69.05,83.05,61.44,493.04,0.03,1.25,0.0,,,,,,,,,331543.0,,,,,749297.0,2,2015-04-01,2015-Q2,,,,,,,,,,,Требуется ручная проверка,0,
1025,"ООО КБ ""Эл банк""",2015,394000.0,687839.0,256615.0,19003.0,105981.0,106588.0,20200.0,381244.0,567077.0,,,5342944.0,4394623.0,5062404.0,838907.0,4223497.0,7.0,84533.0,455913.0,376957.0,,80378.0,31431.0,1316508.0,391636.0,1086.0,43268.0,14000.0,,,162700.0,162700.0,,,,,,,166.0,455746.0,1.0,,63738.0,8387.0,,,,,,,,,,,,,,44354.0,,,,,6.35,6.55,11.34,,,,61.09,51.42,52.32,464.43,0.02,1.03,0.0,,,,,,,,,272507.0,,,,,818085.0,3,2015-07-01,2015-Q3,,,,,,,,,,,Требуется ручная проверка,0,
1025,"ООО КБ ""Эл банк""",2015,400655.0,,14000.0,19003.0,,,,,,,,,,,,,,,717563.0,560030.0,,164862.0,69723.0,2278684.0,825582.0,1278.0,16983.0,14000.0,,,160600.0,160600.0,,,,,,,169.0,717393.0,1.0,,86552.0,15510.0,,,,,,,,,,,,,,18261.0,,,,,6.21,6.41,11.19,,,,99.47,79.41,58.48,482.9,0.01,0.85,0.0,,,,,,,,,422034.0,,,,,803945.0,4,2015-10-01,2015-Q4,,,,,,,,,,,Требуется ручная проверка,0,
1025,"ООО КБ ""Эл банк""",2016,409000.0,703569.0,257345.0,19003.0,107417.0,144831.0,0.0,286835.0,617126.0,,,5056953.0,4152992.0,5213023.0,514321.0,4698702.0,1.0,94479.0,926827.0,734680.0,,212289.0,85007.0,2923144.0,1085360.0,1651.0,40448.0,14000.0,,,162500.0,162500.0,,,,,,,191.0,926635.0,1.0,,101487.0,23054.0,,,,,,,,,,,,,,38797.0,,,,,6.36,6.55,11.2,,,,105.93,67.65,61.84,467.88,0.01,0.42,0.0,,,,,,,,,434238.0,,,,,835687.0,1,2016-01-01,2016-Q1,,,,,,,,,,,Требуется ручная проверка,0,
1025,"ООО КБ ""Эл банк""",2016,419000.0,732932.0,276707.0,17991.0,138883.0,176874.0,0.0,240805.0,740464.0,,,4831393.0,3850124.0,5280471.0,368629.0,4911842.0,,94908.0,204854.0,104.0,0.0,3940.0,0.0,323930.0,27110.0,2891.0,50658.0,20000.0,,,150650.0,150650.0,,,,,,,0.0,204834.0,20.0,104.0,10088.0,7098.0,,,,,,,,,,,,,,50658.0,,,0.0,50658.0,5.75,6.01,10.78,,,,63.55,51.83,53.89,491.78,0.01,0.7,0.0,,,,,,,,,293787.0,,,,,785247.0,2,2016-04-01,2016-Q2,,,,,,,,,,,Требуется ручная проверка,0,
1027,ОАО ВКАБАНК,2007,9000.0,704204.0,8575.0,,45137.0,8891.0,169500.0,90338.0,10529.0,684394.0,331193.0,929487.0,828620.0,557986.0,222550.0,335436.0,1.0,32434.0,146489.0,220.0,0.0,86939.0,16676.0,345209.0,8.0,,93597.0,,,,,,,,,,,,,,,,,,,,,,,,,,,,,,,,,,,,,,,,,,,,,,,,,,,,,,,,,,,,,,,1,2007-01-01,2007-Q1,,,,,,,,,,,Требуется ручная проверка,0,
1027,ОАО ВКАБАНК,2007,9000.0,696769.0,8575.0,,52493.0,23733.0,153000.0,94041.0,9511.0,643329.0,298047.0,980949.0,877397.0,570760.0,222550.0,348210.0,,31548.0,33625.0,86.0,0.0,27070.0,4472.0,133426.0,2.0,,14410.0,,,,,,,,,,,,,,,,,,,,,,,,,,,,,,,,,,,,,,,,,,,,,,,,,,,,,,,,,,,,,,,2,2007-04-01,2007-Q2,,,,,,,,,,,Требуется ручная проверка,0,
1027,ОАО ВКАБАНК,2007,9000.0,813308.0,122564.0,,48133.0,51934.0,78000.0,111858.0,11997.0,386240.0,98924.0,1257086.0,1133231.0,588822.0,222600.0,366222.0,,34032.0,73714.0,491.0,0.0,43364.0,9936.0,236090.0,3.0,,40319.0,,,,,,,,,,,,,,,,,,,,,,,,,,,,,,,,,,,,,,,,,,,,,,,,,,,,,,,,,,,,,,,3,2007-07-01,2007-Q3,,,,,,,,,,,Требуется ручная проверка,0,
1027,ОАО ВКАБАНК,2007,9000.0,823223.0,122564.0,,68294.0,24754.0,193000.0,109375.0,28952.0,544942.0,319577.0,1002437.0,864110.0,460804.0,93900.0,366904.0,,43675.0,110682.0,545.0,0.0,62325.0,12809.0,337075.0,11.0,,59322.0,,,,,,,,,,,,,,,,,,,,,,,,,,,,,,,,,,,,,,,,,,,,,,,,,,,,,,,,,,,,,,,4,2007-10-01,2007-Q4,,,,,,,,,,,Требуется ручная проверка,0,
1027,ОАО ВКАБАНК,2008,9000.0,815373.0,122564.0,,58866.0,44734.0,25000.0,120719.0,34884.0,754033.0,373995.0,1141688.0,986085.0,503661.0,154100.0,349561.0,,32409.0,143400.0,561.0,0.0,86726.0,19871.0,418379.0,11.0,,90710.0,,,,,,,,,,,,,,,,,,,,,,,,,,,,,,,,,,,,,,,,,,,,,,,,,,,,,,,,,,,,,,,1,2008-01-01,2008-Q1,,,,,,,,,,,Требуется ручная проверка,0,
1027,ОАО ВКАБАНК,2008,9000.0,947444.0,181101.0,739146.0,55628.0,42508.0,100000.0,131620.0,29413.0,528837.0,,1125855.0,964822.0,391254.0,63900.0,327354.0,,40131.0,48609.0,9518.0,148.0,12346.0,36.0,69104.0,18836.0,,21580.0,,,,,,,,,,,,3.0,38111.0,10288.0,865.0,1697.0,413.0,,,,,,,,,,,,,,,,,,,,,,,,,,,,,,,,,,,,,,,,,,,,,,2,2008-04-01,2008-Q2,,,,,,,,,,,Требуется ручная проверка,0,
1027,ОАО ВКАБАНК,2008,9000.0,996263.0,167804.0,730698.0,70590.0,26796.0,35000.0,160680.0,30162.0,527262.0,,1194174.0,1003332.0,390086.0,74713.0,315373.0,,39387.0,95787.0,18629.0,258.0,28005.0,80.0,203693.0,85793.0,,36536.0,,,,,,,,,,,,3.0,75330.0,20202.0,1715.0,3216.0,837.0,,,,,,,,,,,,,,,,,,,,,,,,,,,,,,,,,,,,,,,,,,,,,,3,2008-07-01,2008-Q3,,,,,,,,,,,Требуется ручная проверка,0,
1027,ОАО ВКАБАНК,2008,9000.0,1025763.0,205834.0,722168.0,79991.0,24870.0,25000.0,187248.0,31648.0,554409.0,,1289519.0,1070623.0,401570.0,49500.0,352070.0,,46237.0,147517.0,26949.0,2154.0,44381.0,243.0,322106.0,141389.0,,58684.0,,,,,,,,,,,,5.0,116983.0,30142.0,1730.0,4324.0,920.0,,,,,,,,,,,,,,,,,,,,,,,,,,,,,,,,,,,,,,,,,,,,,,4,2008-10-01,2008-Q4,,,,,,,,,,,Требуется ручная проверка,0,
1027,ОАО ВКАБАНК,2009,9000.0,1055095.0,247014.0,710320.0,69191.0,75190.0,,185477.0,50023.0,581000.0,,1076364.0,840864.0,328023.0,28270.0,299753.0,,4576.0,200406.0,34588.0,2172.0,62751.0,380.0,433082.0,164876.0,,66675.0,,,,,,,,,,,,20.0,157574.0,39964.0,1733.0,4997.0,1026.0,,,,,,,,,,,,,,,,,,,,,,,,,,,,,,,,,,,,,,,,,,,,,,1,2009-01-01,2009-Q1,,,,,,,,,,,Требуется ручная проверка,0,
1027,ОАО ВКАБАНК,2009,9000.0,1074262.0,270367.0,706134.0,93409.0,23767.0,,178399.0,39186.0,582102.0,,1051786.0,834201.0,371856.0,31170.0,340686.0,,4420.0,51177.0,9258.0,,15669.0,817.0,93087.0,6817.0,923.0,21076.0,,,,,,,,,,,,37.0,38400.0,9386.0,24.0,722.0,65.0,,,,,,,,,,,,,,21999.0,,,,,,,,,,,,,,,,,,,,,,,,,,,,,,,,2,2009-04-01,2009-Q2,,,,,,,,,,,Требуется ручная проверка,0,
1027,ОАО ВКАБАНК,2009,9000.0,1083754.0,266684.0,719309.0,99064.0,62834.0,,163215.0,91968.0,590260.0,,1075231.0,820048.0,438022.0,37310.0,400712.0,,3870.0,106111.0,21025.0,,29428.0,946.0,238859.0,73825.0,2768.0,39316.0,,,,,,,,,,,,18.0,80074.0,18876.0,27.0,1694.0,66.0,,,,,,,,,,,,,,42084.0,,,,,,,,,,,,,,,,,,,,,,,,,,,,,,,,3,2009-07-01,2009-Q3,,,,,,,,,,,Требуется ручная проверка,0,
1027,ОАО ВКАБАНК,2009,9000.0,1133264.0,316193.0,719310.0,98675.0,50251.0,,153579.0,90868.0,641689.0,,1111763.0,867316.0,486347.0,57110.0,429237.0,,16912.0,165179.0,34951.0,318.0,44596.0,1069.0,334502.0,97542.0,3801.0,59922.0,,,,,,,,,,,,19.0,125525.0,28462.0,37.0,3024.0,66.0,,,,,,,,,,,,,,63723.0,,,,,,,,,,,,,,,,,,,,,,,,,,,,,,,,4,2009-10-01,2009-Q4,,,,,,,,,,,Требуется ручная проверка,0,
1027,ОАО ВКАБАНК,2010,9000.0,1059095.0,242015.0,719319.0,84889.0,48266.0,,147475.0,93786.0,579674.0,,1142701.0,901440.0,540419.0,76850.0,463569.0,,22676.0,225294.0,50837.0,321.0,60702.0,1314.0,488627.0,146489.0,14574.0,49950.0,,,,,,,,,,,,18.0,172434.0,37880.0,37.0,4888.0,66.0,,,,,,,,,,,,,,64524.0,,,,,,,,,,,,,,,,,,,,,,,,,,,,,,,,1,2010-01-01,2010-Q1,,,,,,,,,,,Требуется ручная проверка,0,
1027,ОАО ВКАБАНК,2010,9000.0,1027764.0,210684.0,719319.0,83213.0,49561.0,,133922.0,93994.0,552936.0,,1239253.0,1011337.0,589206.0,98250.0,490956.0,,24982.0,58639.0,15517.0,,12210.0,88.0,123286.0,50565.0,6934.0,11633.0,,,,,,,,,,,,3003.0,46554.0,9082.0,,2287.0,,,,,,,,,,,,,,,18567.0,,,,,,,,,,,,,,,,,,,,,,,,,,,,,,,,2,2010-04-01,2010-Q2,,,,,,,,,,,Требуется ручная проверка,0,
1027,ОАО ВКАБАНК,2010,9000.0,1027664.0,210584.0,719319.0,99759.0,19669.0,,127463.0,103692.0,548289.0,,1034286.0,803131.0,590672.0,97300.0,493372.0,,24298.0,111633.0,28681.0,,27847.0,327.0,257866.0,105319.0,10851.0,18960.0,,,,,,,,,,,,5662.0,87755.0,18216.0,1.0,4308.0,,,,,,,,,,,,,,,29811.0,,,,,,,,,,,,,,,,,,,,,,,,,,,,,,,,3,2010-07-01,2010-Q3,,,,,,,,,,,Требуется ручная проверка,0,
1027,ОАО ВКАБАНК,2010,9000.0,1039963.0,202839.0,739363.0,96082.0,30416.0,,136651.0,124049.0,543133.0,,1495205.0,1234505.0,627724.0,97850.0,529874.0,,25365.0,164449.0,41809.0,723.0,44281.0,416.0,377456.0,161790.0,16389.0,40389.0,,,,,,,,,,,,11.0,130569.0,27428.0,1.0,6134.0,,,,,,,,,,,,,,,56778.0,,,,,,,,,,,,,,,,,,,,,,,,,,,,,,,,4,2010-10-01,2010-Q4,,,,,,,,,,,Требуется ручная проверка,0,
1027,ОАО ВКАБАНК,2011,,,,,,,,,,,,,,,,,,,213107.0,53525.0,739.0,62343.0,565.0,517045.0,223150.0,16483.0,44563.0,,,,,,,,,,,,28.0,169220.0,36364.0,1.0,7865.0,,,,,,,,,,,,,,,61046.0,,,,,,,,,,,,,,,,,,,,,,,,,,,,,,,,1,2011-01-01,2011-Q1,,,,,,,,,,,Требуется ручная проверка,0,
1027,ОАО ВКАБАНК,2011,9000.0,1033565.0,196427.0,739377.0,88689.0,27823.0,,143536.0,92068.0,546380.0,,1491805.0,1256201.0,702647.0,92500.0,610147.0,,27717.0,46504.0,11535.0,,15482.0,594.0,89321.0,25883.0,2014.0,14866.0,,,,,,,,,,,,44.0,36850.0,8408.0,16.0,1521.0,,,,,,,,,,,,,,,16880.0,,,,,,,,,,65.74,83.68,81.1,38.05,37.05,0.0,0.61,0.0,,,,,,,,,,,,,,,2,2011-04-01,2011-Q2,,,,,,,,,,,Требуется ручная проверка,0,
1027,ОАО ВКАБАНК,2011,,,,,,,,,,,,,,,,,,,92267.0,21881.0,,31514.0,724.0,194229.0,62644.0,3243.0,21543.0,,,,,,,,,,,,58.0,75300.0,15367.0,353.0,2970.0,,,,,,,,,,,,,,,24786.0,,,,,,,,,,64.91,101.59,96.16,46.99,30.77,0.0,0.52,0.0,,,,,,,,,,,,,,,3,2011-07-01,2011-Q3,,,,,,,,,,,Требуется ручная проверка,0,
1027,ОАО ВКАБАНК,2011,9000.0,1057745.0,198114.0,761870.0,112900.0,50799.0,,153973.0,90627.0,545456.0,,1483433.0,1238833.0,709391.0,70800.0,638591.0,,41561.0,139303.0,31976.0,599.0,50189.0,1065.0,323847.0,111817.0,7185.0,39214.0,,,,,,,,,,,,83.0,112982.0,23134.0,353.0,4031.0,,,,,,,,,,,,,,,46399.0,,,,,,,,,,58.93,95.14,93.35,54.67,34.87,0.0,0.55,0.0,,,,,,,,,,,,,,,4,2011-10-01,2011-Q4,,,,,,,,,,,Требуется ручная проверка,0,
1027,ОАО ВКАБАНК,2012,,,,,,,,,,,,,,,,,,,186788.0,40598.0,599.0,69823.0,1255.0,436677.0,155070.0,11030.0,63795.0,,,,,,,,,,,,111.0,150162.0,30901.0,354.0,4823.0,,,,,,,,,,,,,,,74825.0,,,,,,,,,,58.73,73.29,71.1,55.47,35.49,0.0,0.52,0.0,,,,,,,,,,,,,,,1,2012-01-01,2012-Q1,,,,,,,,,,,Требуется ручная проверка,0,
1027,ОАО ВКАБАНК,2012,9000.0,1044876.0,197746.0,749369.0,106058.0,11834.0,,155464.0,136922.0,522388.0,,1601136.0,1308750.0,558323.0,42350.0,515973.0,0.0,40685.0,47692.0,8844.0,,15882.0,153.0,118351.0,47017.0,3341.0,16495.0,,,,,,,,,,,,14.0,39927.0,7683.0,320.0,539.0,,,,,,,,,,,,,,,19836.0,,,,,,,,,,57.72,83.66,75.06,54.28,39.5,0.0,0.57,0.0,,,,,,,,,,,,,,,2,2012-04-01,2012-Q2,,,,,,,,,,,Требуется ручная проверка,0,
1027,ОАО ВКАБАНК,2012,9000.0,1088666.0,204459.0,786446.0,113504.0,75327.0,,168162.0,125648.0,532276.0,,1612529.0,1318719.0,540135.0,26250.0,513885.0,,38836.0,95631.0,20149.0,,34138.0,393.0,255278.0,88407.0,4115.0,23207.0,,,,,,,,,,,,29.0,80028.0,15365.0,1928.0,938.0,,,,,,,,,,,,,,,27322.0,,,,,,,,,,56.11,81.86,72.56,52.65,44.04,0.0,0.51,0.0,,,,,,,,,,,,,,,3,2012-07-01,2012-Q3,,,,,,,,,,,Требуется ручная проверка,0,
1027,ОАО ВКАБАНК,2012,9000.0,1085110.0,200903.0,786446.0,123544.0,30566.0,,178778.0,145590.0,529313.0,,1310562.0,986194.0,579268.0,24900.0,554368.0,,39215.0,141678.0,30929.0,425.0,54093.0,662.0,400992.0,133828.0,6921.0,27634.0,,,,,,,,,,,,40.0,116906.0,22981.0,2352.0,1310.0,,,,,,,,,,,,,,,34555.0,,,,,,,,,,56.83,113.38,105.09,47.76,25.4,0.0,0.49,0.0,,,,,,,,,,,,,,,4,2012-10-01,2012-Q4,,0409135,,,,,,,,,Требуется ручная проверка,0,
1027,ОАО ВКАБАНК,2013,153000.0,1067837.0,39625.0,786451.0,121688.0,34078.0,,178563.0,142778.0,509525.0,,1140788.0,819447.0,579733.0,34103.0,545630.0,,41319.0,186998.0,41427.0,477.0,74781.0,752.0,508598.0,162881.0,12977.0,41062.0,,,,,,,,,,,,57.0,151356.0,30320.0,2352.0,1693.0,,,,,,,,,,,,,,,54039.0,,,,,,,,,,60.06,100.99,99.99,49.18,22.6,0.0,0.56,0.0,,,,,,,,,,,,,,,1,2013-01-01,2013-Q1,,,,,,,,,,,Требуется ручная проверка,0,
1027,ОАО ВКАБАНК,2013,153000.0,1079863.0,51651.0,786451.0,106796.0,36289.0,,169948.0,134912.0,495951.0,,1340811.0,1035951.0,556857.0,30097.0,526760.0,,43047.0,45563.0,9981.0,7.0,15954.0,41.0,103520.0,41497.0,1199.0,16873.0,,,,,,,,,,,,25.0,34504.0,6763.0,1.0,440.0,,,,,,,,,,,,,,,18072.0,,,,,,,,,,61.42,110.41,100.75,50.9,19.27,0.0,0.63,0.0,,,,,,,,,1302503.0,,,,,,2,2013-04-01,2013-Q2,,0409135,,,,,,,,,Требуется ручная проверка,0,
1027,ОАО ВКАБАНК,2013,153000.0,1102923.0,52592.0,808570.0,116359.0,26744.0,,186163.0,78903.0,495761.0,,1226643.0,961577.0,542448.0,30115.0,512333.0,,53160.0,93443.0,20732.0,44.0,33965.0,239.0,225191.0,74904.0,7138.0,24575.0,,,,,,,,,,,,36.0,69282.0,13604.0,1.0,889.0,,,,,,,,,,,,,,,31713.0,,,,,,,,,,62.05,115.54,107.76,50.43,19.13,0.0,0.61,0.0,,,,,,,,,1163821.0,,,,,,3,2013-07-01,2013-Q3,,0409135,,,,,,,,,Требуется ручная проверка,0,
1027,ОАО ВКАБАНК,2013,153000.0,1108017.0,57633.0,808623.0,130596.0,37108.0,,225222.0,75708.0,500514.0,,1217087.0,916157.0,529936.0,25816.0,504120.0,,47548.0,139943.0,31119.0,264.0,53084.0,338.0,340414.0,111338.0,8465.0,33490.0,,,,,,,,,,,,49.0,104267.0,20522.0,2.0,1315.0,,,,,,,,,,,,,,,41955.0,,,,,,,,,,60.66,101.71,93.4,42.93,19.86,0.74,1.57,0.0,,,,,,,,,903217.0,,,,,,4,2013-10-01,2013-Q4,,0409135,,,,,,,,,Требуется ручная проверка,0,
1027,ОАО ВКАБАНК,2014,153000.0,1110193.0,59799.0,808633.0,117406.0,28117.0,,212024.0,84761.0,500816.0,,1092913.0,796128.0,534020.0,27268.0,506752.0,0.0,44246.0,184320.0,40047.0,273.0,72842.0,443.0,452287.0,152194.0,9912.0,43155.0,,,,,,,,,,,,72.0,136435.0,27438.0,2.0,1798.0,,,,,,,,,,,,,,,53067.0,,,,,,,,,,65.29,132.54,122.63,35.32,19.34,0.04,0.72,0.0,,,,,,,,,1180606.0,,,,,,1,2014-01-01,2014-Q1,,,,,,,,,,,Требуется ручная проверка,0,
1027,ОАО ВКАБАНК,2014,153000.0,1117098.0,66704.0,808633.0,107369.0,20441.0,,215143.0,74586.0,507118.0,,1238276.0,948547.0,482928.0,35862.0,447066.0,,42314.0,41799.0,7754.0,,19074.0,278.0,101386.0,20999.0,923.0,9702.0,,,,,,,,,,,,18.0,31657.0,6766.0,118.0,539.0,,,,,,,,,,,,,,,10625.0,,,,,51.19,51.19,59.83,,,,104.52,96.83,53.67,19.39,0.04,0.97,0.0,,,,,,,,,803745.0,,,,,,2,2014-04-01,2014-Q2,,,,,,,,,,,Требуется ручная проверка,0,
1027,ОАО ВКАБАНК,2014,8100.0,,0.0,801729.0,,,,,,,,,,,,,,,85421.0,15042.0,,38234.0,468.0,213982.0,60909.0,1453.0,21959.0,0.0,0.0,,0.0,0.0,,,,,,,19.0,65356.0,13606.0,278.0,990.0,,,,,,,,,,,,,,,23412.0,,,,,51.7,51.7,60.8,,,,104.13,92.52,60.93,20.59,0.04,0.89,0.0,,,,,,,,,774520.0,,,,,1040881.0,3,2014-07-01,2014-Q3,,,,,,,,,,,Требуется ручная проверка,0,
1027,ОАО ВКАБАНК,2014,153000.0,1137593.0,94103.0,801729.0,123049.0,20116.0,,205808.0,67162.0,528833.0,,1403311.0,1130341.0,467893.0,34654.0,433239.0,,36773.0,130095.0,22182.0,278.0,59132.0,577.0,316903.0,97318.0,2805.0,42270.0,,,,,,,,,,,,21.0,101050.0,20522.0,289.0,1496.0,,,,,,,,,,,,,,,45075.0,,,,,57.11,57.11,61.29,,,,107.19,97.78,61.43,21.44,0.1,0.89,0.5,,,,,,,,,810360.0,,,,,1051896.0,4,2014-10-01,2014-Q4,,,,,,,,,,,Требуется ручная проверка,0,
1027,ОАО ВКАБАНК,2015,153000.0,1138087.0,94595.0,801731.0,110014.0,69869.0,,187756.0,59716.0,527799.0,,1178483.0,931011.0,431840.0,23282.0,408558.0,,38406.0,176597.0,28569.0,278.0,97778.0,6578.0,544261.0,127719.0,7893.0,61800.0,,,,,,,,,,,,559.0,133776.0,27188.0,291.0,1941.0,,,,,,,,,,,,,,,69693.0,,,,,55.07,55.07,59.37,,,,94.71,92.04,40.09,31.15,0.07,0.81,0.0,,,,,,,,,1213794.0,,,,,1037612.0,1,2015-01-01,2015-Q1,,,,,,,,,,,Требуется ручная проверка,0,
1027,ОАО ВКАБАНК,2015,153000.0,1192074.0,148545.0,801768.0,136534.0,14157.0,,182244.0,54585.0,551079.0,,1187198.0,950369.0,398994.0,23270.0,375724.0,,51211.0,53316.0,7766.0,,24303.0,1509.0,202779.0,55331.0,5158.0,16224.0,,,,,,,,,,,,1027.0,33027.0,6219.0,0.0,530.0,,,,,,,,,,,,,,,21382.0,,,,,55.52,55.52,63.96,,,,113.0,92.93,34.89,20.99,0.05,0.94,0.0,,,,,,,,,634061.0,,,,,1065408.0,2,2015-04-01,2015-Q2,,,,,,,,,,,Требуется ручная проверка,0,
1027,ОАО ВКАБАНК,2015,153000.0,1218639.0,133490.0,843388.0,91735.0,10801.0,,163489.0,67542.0,529667.0,,1245028.0,1013997.0,433048.0,45720.0,387328.0,,29376.0,99065.0,17888.0,,45029.0,2586.0,330839.0,74907.0,10992.0,15158.0,,,,,,,,,,,,1029.0,70274.0,12509.0,2.0,1446.0,,,,,,,,,,,,,,,26150.0,,,,,57.73,57.73,62.52,,,,113.9,90.78,34.97,21.57,0.02,0.64,0.0,,,,,,,,,671514.0,,,,,1077738.0,3,2015-07-01,2015-Q3,,,,,,,,,,,Требуется ручная проверка,0,
1027,ОАО ВКАБАНК,2015,8100.0,,,843394.0,,,,,,,,,,,,,,,148112.0,27419.0,145.0,66502.0,4398.0,453805.0,107133.0,13577.0,34188.0,,,,,,,,,,,,4995.0,103437.0,22688.0,3.0,2192.0,,,,,,,,,,,,,,,47765.0,,,,,59.54,59.54,64.14,,,,163.22,154.39,24.28,24.77,0.01,0.58,0.0,,,,,,,,,982263.0,,,,,1101658.0,4,2015-10-01,2015-Q4,,,,,,,,,,,Требуется ручная проверка,0,
1027,ОАО ВКАБАНК,2016,153000.0,1200202.0,115047.0,843394.0,87172.0,10521.0,,131112.0,96051.0,715779.0,,709673.0,482510.0,425166.0,55378.0,369788.0,,31284.0,200698.0,35237.0,145.0,86379.0,5441.0,596179.0,136208.0,21195.0,27663.0,,,,,,,,,,,,11725.0,129668.0,37569.0,3.0,3305.0,,,,,,,,,,,,,,,48858.0,,,,,62.83,62.83,67.23,,,,211.82,169.0,18.68,20.35,0.01,0.53,0.0,,,,,,,,,1299644.0,,,,,1109471.0,1,2016-01-01,2016-Q1,,,,,,,,,,,Требуется ручная проверка,0,
1027,АО ВКАБАНК,2016,153000.0,1199125.0,113969.0,843395.0,92586.0,18655.0,,113281.0,90848.0,700890.0,,690549.0,486420.0,405969.0,53984.0,351985.0,,31311.0,48235.0,7769.0,,86.0,,96528.0,4483.0,4958.0,6657.0,,,,,,,,,,,,9374.0,22794.0,14037.0,,1133.0,,,,,,,,,,,,,,,11615.0,,,6875.0,13398.0,67.78,67.78,71.18,,,,229.87,171.52,18.64,10.42,0.0,0.44,0.0,,,,,,,,,1166386.0,,,,,1131496.0,2,2016-04-01,2016-Q2,,,,,,,,,,,Требуется ручная проверка,0,
1027,АО ВКАБАНК,2016,8100.0,,0.0,855335.0,,,,,,,,,,,,,,,97373.0,15461.0,,194.0,,186703.0,9647.0,6482.0,15960.0,,,,,,,,,,,,12894.0,48723.0,28710.0,1.0,2328.0,,,,,,,,,,,,,,,22442.0,,,15497.0,31457.0,68.93,68.93,72.21,,,,193.95,152.32,30.15,3.3,0.0,0.77,0.0,,,,,,,,,1226493.0,,,,,1134533.0,3,2016-07-01,2016-Q3,,,,,,,,,,,Требуется ручная проверка,0,
1027,АО ВКАБАНК,2016,153000.0,1198007.0,100911.0,855335.0,89249.0,13604.0,350.0,98566.0,104113.0,772424.0,,694943.0,492264.0,416222.0,60393.0,355829.0,,32141.0,146684.0,3.0,,314.0,47.0,263490.0,23059.0,9437.0,35500.0,,,,,,,,,,,,13113.0,71401.0,46559.0,3.0,3320.0,,,,,,,,,,,,,,,44937.0,,,20743.0,56236.0,76.48,76.48,80.02,,,,154.39,164.42,27.98,4.69,0.0,0.92,0.0,,,,,,,,,947772.0,,,,,1159773.0,4,2016-10-01,2016-Q4,,,,,,,,,,,Требуется ручная проверка,0,
1027,АО ВКАБАНК,2017,153000.0,1196590.0,99492.0,855337.0,60704.0,18574.0,350.0,99469.0,83963.0,933448.0,,719369.0,535937.0,397064.0,40966.0,356098.0,,37227.0,196798.0,22.0,,375.0,47.0,338341.0,29555.0,14652.0,39820.0,,,,,,,,,,,,14136.0,94469.0,65778.0,22.0,4025.0,,,,,,,,,,,,,,,54472.0,,,26104.0,65922.0,78.57,78.57,82.59,,,,187.86,164.43,27.54,2.3,0.0,1.2,0.0,,,,,,,,,1187969.0,,,,,1169735.0,1,2017-01-01,2017-Q1,,,,,,,,,,,Требуется ручная проверка,0,
1027,АО ВКАБАНК,2017,153000.0,1207386.0,110288.0,855337.0,76107.0,19878.0,350.0,90758.0,87870.0,969848.0,,785285.0,606657.0,401861.0,50217.0,351644.0,,37726.0,47997.0,6257.0,,83.0,,61607.0,7312.0,2117.0,7187.0,,,,,,,,,,,,6.0,22736.0,21372.0,,782.0,,,,,,,,,,,,,,,9304.0,,,1678.0,5509.0,82.255,82.255,83.971,,,,205.882,159.393,34.603,3.803,0.025,1.285,0.0,,,,,,,,,1098928.0,,,,,1182482.0,2,2017-04-01,2017-Q2,,,,,,,,,,,Требуется ручная проверка,0,
1027,АО ВКАБАНК,2017,153000.0,1219326.0,106989.0,870576.0,70444.0,14599.0,350.0,94046.0,87504.0,999399.0,,693227.0,511677.0,443534.0,86308.0,357226.0,,33495.0,95395.0,12591.0,,185.0,132.0,131395.0,13220.0,5691.0,19376.0,,,,,,,,,,,,12.0,45298.0,43049.0,0.0,1686.0,,,,,,,,,,,,,,,25067.0,,,5514.0,24651.0,81.228,81.228,83.741,,,,193.383,152.172,26.019,4.169,0.0,1.25,0.0,,,,,,,,,1088679.0,,,,,1176872.0,3,2017-07-01,2017-Q3,,,,,,,,,,,Требуется ручная проверка,0,
1027,АО ВКАБАНК,2017,153000.0,1221103.0,108760.0,870582.0,82532.0,13972.0,3357.0,92410.0,61754.0,1123516.0,,621176.0,467012.0,382783.0,30157.0,352626.0,,37514.0,142303.0,19491.0,,302.0,132.0,194414.0,19657.0,8971.0,38681.0,,,,,,,,,,,,19.0,63869.0,65260.0,0.0,2900.0,,,,,,,,,,,,,,,47652.0,,,8098.0,46013.0,85.133,85.133,88.727,,,,165.648,154.407,24.401,2.601,0.0,1.211,0.0,,,,,,,,,1128089.0,,,,,1198577.0,4,2017-10-01,2017-Q4,,,,,,,,,,,Требуется ручная проверка,0,
1027,АО ВКАБАНК,2018,153000.0,1214603.0,102260.0,870582.0,57431.0,9832.0,3388.0,93070.0,61666.0,1367156.0,,580588.0,425852.0,411462.0,62657.0,348805.0,,37982.0,187291.0,21.0,,401.0,360.0,260333.0,24844.0,12097.0,27603.0,,,,,,,,,,,,26.0,80879.0,87141.0,21.0,3629.0,,,,,,,,,,,,,,,39700.0,,,13675.0,40075.0,89.148,89.148,91.79,,,,128.277,145.676,22.194,3.604,0.0,1.172,0.0,,,,,,,,,883759.0,,,,,1192968.0,1,2018-01-01,2018-Q1,,,,,,,,,,,Требуется ручная проверка,0,
1027,АО ВКАБАНК,2018,153000.0,1213514.0,101171.0,870582.0,59113.0,9571.0,3362.0,86763.0,37882.0,1246504.0,,548854.0,424209.0,381266.0,55253.0,326013.0,,38918.0,39929.0,5604.0,,51.0,28.0,64587.0,6274.0,2284.0,10179.0,,,,,,,,,,,,8.0,15503.0,14705.0,0.0,579.0,,,,,,,,,,,,,,,12463.0,,,89.0,9895.0,92.51,92.51,93.105,52.752,,,142.409,145.298,17.691,2.701,0.0,1.085,0.0,,,,,,,,,851383.0,,,,,1198581.0,2,2018-04-01,2018-Q2,,,,,,,,,,,Требуется ручная проверка,0,
1027,АО ВКАБАНК,2018,153000.0,1215425.0,99473.0,874191.0,62787.0,2211.0,3259.0,83006.0,37397.0,1393606.0,,374214.0,253811.0,338134.0,13178.0,324956.0,,33918.0,76153.0,10617.0,,90.0,28.0,146737.0,13436.0,6605.0,14257.0,,,,,,,,,,,,19.0,27367.0,28054.0,0.0,773.0,,,,,,,,,,,,,,,20862.0,,,1209.0,8132.0,99.64,99.64,98.865,52.273,,,139.659,162.807,14.689,1.1,0.0,1.178,0.0,,,,,,,,,827007.0,,,,,1179287.0,3,2018-07-01,2018-Q3,,,,,,,,,,,Требуется ручная проверка,0,
1027,АО ВКАБАНК,2018,153000.0,1221772.0,105813.0,874198.0,86480.0,6459.0,3203.0,87238.0,38613.0,1432760.0,,362182.0,236331.0,335626.0,3120.0,332506.0,,34807.0,112256.0,15612.0,,160.0,29.0,241589.0,46269.0,10484.0,22127.0,,,,,,,,,,,,33.0,37387.0,41057.0,0.0,869.0,,,,,,,,,,,,,,,32611.0,,,1563.0,12443.0,96.196,96.196,96.423,49.943,,,123.696,116.864,18.866,2.057,0.016,1.267,0.0,,,,,,,,,830912.0,,,,,1183879.0,4,2018-10-01,2018-Q4,,,,,,,,,,,Требуется ручная проверка,0,
1027,АО ВКАБАНК,2019,153000.0,1220328.0,104367.0,874200.0,56105.0,5385.0,3499.0,88677.0,41530.0,1391844.0,,423329.0,293122.0,337348.0,6900.0,330448.0,,35810.0,148551.0,20433.0,,258.0,29.0,312930.0,53812.0,13740.0,24598.0,,,,,,,,,,,,47.0,48529.0,53679.0,1.0,945.0,,,,,,,,,,,,,,,38338.0,,,1559.0,14936.0,97.13,97.13,97.421,49.368,,,133.562,117.161,20.42,0.0,,1.259,0.0,,,,,,,,,942259.0,,,,,1186200.0,1,2019-01-01,2019-Q1,,,,,,,,,,,Требуется ручная проверка,0,
1027,АО ВКАБАНК,2019,153000.0,1227179.0,106452.0,878966.0,53996.0,5073.0,3476.0,97019.0,78872.0,1307108.0,,477033.0,301142.0,330568.0,7800.0,322768.0,,37186.0,35172.0,8.0,,167.0,,104690.0,69343.0,2366.0,2277.0,,,,,,,,,,,,9.0,10734.0,12389.0,8.0,82.0,,,,,,,,,,,,,,,4643.0,,,3397.0,5674.0,92.81,92.81,92.824,50.871,,,140.257,122.689,20.394,0.0,,1.664,0.0,,,,,,,,,887066.0,,,,,1176228.0,2,2019-04-01,2019-Q2,,,,,,,,,,,Требуется ручная проверка,0,
1027,АО ВКАБАНК,2019,153000.0,1223304.0,103212.0,878331.0,66522.0,5728.0,3474.0,97851.0,76131.0,1239967.0,,547245.0,373263.0,365371.0,47000.0,318371.0,,34202.0,70098.0,8.0,,344.0,216.0,210096.0,117681.0,8179.0,6683.0,,,,,,,,,,,,32.0,22848.0,24736.0,8.0,612.0,,,,,,,,,,,,,,,14862.0,,,8237.0,14699.0,86.965,86.965,87.958,51.992,,,154.538,126.426,25.305,1.654,,1.507,0.0,,,,,,0.0,,,913360.0,,,,,1176175.0,3,2019-07-01,2019-Q3,,,,,,,,,,,Требуется ручная проверка,0,
1027,АО ВКАБАНК,2019,153000.0,1227038.0,99926.0,885351.0,70345.0,3075.0,3278.0,100431.0,75218.0,1332212.0,,532235.0,356586.0,336424.0,8800.0,327624.0,,36172.0,105425.0,8.0,,458.0,216.0,233903.0,67333.0,11350.0,9233.0,,,,,,,,,,,,47.0,35307.0,37167.0,8.0,773.0,,,,,,,,,,,,,,,20583.0,,,11003.0,20015.0,90.154,90.154,90.677,51.103,,,140.0,155.205,24.146,0.0,,1.386,0.0,,,,,,0.0,,,940024.0,,,,,1186027.0,4,2019-10-01,2019-Q4,,,,,,,,,,,Требуется ручная проверка,0,
1027,АО ВКАБАНК,2020,153000.0,1224094.0,96982.0,885351.0,83014.0,4893.0,3345.0,102024.0,70317.0,392734.0,,763057.0,590716.0,349613.0,16300.0,333313.0,,35400.0,138658.0,8.0,,573.0,218.0,335134.0,107305.0,12771.0,18372.0,,,,,,,,,,,,61.0,50246.0,45844.0,8.0,941.0,,,,,,,,,,,,,,,31143.0,,,14019.0,32039.0,81.153,81.153,83.034,47.558,,,94.809,131.064,25.674,5.783,,1.252,0.0,,,,,,0.0,,,724663.0,,,,,1158620.0,1,2020-01-01,2020-Q1,,,,,,,,,,,Требуется ручная проверка,0,
1027,АО ВКАБАНК,2020,153000.0,1226776.0,99623.0,885392.0,71494.0,6049.0,3272.0,105244.0,48552.0,260998.0,,868720.0,714924.0,327524.0,800.0,326724.0,,38630.0,31472.0,116.0,,,11.0,110300.0,22703.0,1911.0,6185.0,,,,,,,,,,,,10.0,17748.0,4081.0,116.0,50.0,,,,,,,,,,,,,,,8096.0,,,10.0,3705.0,76.286,76.286,80.061,52.411,,,57.391,133.944,28.711,4.789,,,0.0,,,,,,0.0,,,330671.0,,,,,1153787.0,2,2020-04-01,2020-Q2,,,,,,,,,,,Требуется ручная проверка,0,
1027,АО ВКАБАНК,2020,153000.0,1248744.0,101355.0,885461.0,64084.0,10222.0,204044.0,101138.0,37657.0,376586.0,,789306.0,650511.0,301969.0,4800.0,297169.0,,30963.0,60435.0,238.0,,10.0,11.0,204185.0,30913.0,1643.0,14818.0,,,,,,,,,,,,14.0,37676.0,6718.0,238.0,91.0,,,,,,,,,,,,,,,16461.0,,,665.0,15323.0,71.113,71.113,76.711,51.115,,,86.368,119.407,25.58,14.583,,,0.0,,,,,,0.0,,,558992.0,,,,,1185163.0,3,2020-07-01,2020-Q3,,,,,,,,,,,Требуется ручная проверка,0,
1027,АО ВКАБАНК,2020,153000.0,1257163.0,100685.0,898150.0,26028.0,4563.0,424275.0,,76.0,375452.0,,137665.0,137589.0,74790.0,,74790.0,,26771.0,79837.0,37103.0,,10.0,11.0,284810.0,33874.0,3622.0,17856.0,,,,,,,,,,,,14.0,49091.0,9384.0,37103.0,97.0,,,,,,,,,,,,,,,21478.0,,,714.0,15833.0,123.529,123.529,120.536,88.119,,,326.61,916.935,0.0,7.888,,,0.0,,,,,,0.0,,,258551.0,,,,,1191692.0,4,2020-10-01,2020-Q4,,,,,,,,,,,Требуется ручная проверка,0,
103,"ООО ""РКБ""",2010,,,,,,,,,,,,,,,,,,,,,,,,,,,,,,,,,,,,,,,,,,,,,,,,,,,,,,,,,,,,,,,,,,,,,,,,,,,,,,,,,,,,,,,,,,3,2010-07-01,2010-Q3,,,,,,,,,,,Требуется ручная проверка,0,
103,"ООО ""РКБ""",2010,,,,,,,,,,,,,,,,,,,,,,,,,,,,,,,,,,,,,,,,,,,,,,,,,,,,,,,,,,,,,,,,,,,,,,,,,,,,,,,,,,,,,,,,,,4,2010-10-01,2010-Q4,,,,,,,,,,,Требуется ручная проверка,0,
103,"ООО ""РКБ""",2011,,,,,,,,,,,,,,,,,,,,,,,,,,,,,,,,,,,,,,,,,,,,,,,,,,,,,,,,,,,,,,,,,,,,,,,,,,,,,,,,,,,,,,,,,,1,2011-01-01,2011-Q1,,,,,,,,,,,Требуется ручная проверка,0,
103,"ООО ""РКБ""",2011,,,,,,,,,,,,,,,,,,,,,,,,,,,,,,,,,,,,,,,,,,,,,,,,,,,,,,,,,,,,,,,,,,,,41.22,68.97,91.48,24.62,113.59,0.0,2.72,0.0,,,,,,,,,,,,,,,2,2011-04-01,2011-Q2,,,,,,,,,,,Требуется ручная проверка,0,
103,"ООО ""РКБ""",2011,,,,,,,,,,,,,,,,,,,,,,,,,,,,,,,,,,,,,,,,,,,,,,,,,,,,,,,,,,,,,,,,,,,,36.13,57.07,89.27,29.4,147.79,0.0,2.59,0.0,,,,,,,,,,,,,,,3,2011-07-01,2011-Q3,,,,,,,,,,,Требуется ручная проверка,0,
103,"ООО ""РКБ""",2011,,,,,,,,,,,,,,,,,,,,,,,,,,,,,,,,,,,,,,,,,,,,,,,,,,,,,,,,,,,,,,,,,,,,30.6,66.98,77.43,38.37,177.78,0.0,2.09,0.0,,,,,,,,,,,,,,,4,2011-10-01,2011-Q4,,,,,,,,,,,Требуется ручная проверка,0,
103,"ООО ""РКБ""",2012,,,,,,,,,,,,,,,,,,,,,,,,,,,,,,,,,,,,,,,,,,,,,,,,,,,,,,,,,,,,,,,,,,,,27.31,49.06,72.72,42.36,220.7,0.0,2.18,0.0,,,,,,,,,,,,,,,1,2012-01-01,2012-Q1,,,,,,,,,,,Требуется ручная проверка,0,
103,"ООО ""РКБ""",2012,,,,,,,,,,,,,,,,,,,,,,,,,,,,,,,,,,,,,,,,,,,,,,,,,,,,,,,,,,,,,,,,,,,,32.32,26.31,91.6,39.17,181.15,0.0,0.37,0.0,,,,,,,,,,,,,,,2,2012-04-01,2012-Q2,,,,,,,,,,,Требуется ручная проверка,0,
103,"ООО ""РКБ""",2012,,,,,,,,,,,,,,,,,,,,,,,,,,,,,,,,,,,,,,,,,,,,,,,,,,,,,,,,,,,,,,,,,,,,32.35,37.57,111.02,39.0,178.66,0.0,0.32,0.0,,,,,,,,,,,,,,,3,2012-07-01,2012-Q3,,,,,,,,,,,Требуется ручная проверка,0,
103,"ООО ""РКБ""",2012,,,,,,,,,,,,,,,,,,,,,,,,,,,,,,,,,,,,,,,,,,,,,,,,,,,,,,,,,,,,,,,,,,,,30.33,38.28,81.61,43.9,175.58,0.0,1.69,0.0,,,,,,,,,,,,,,,4,2012-10-01,2012-Q4,,0409135,,,,,,,,,Требуется ручная проверка,0,
103,"ООО ""РКБ""",2013,,,,,,,,,,,,,,,,,,,,,,,,,,,,,,,,,,,,,,,,,,,,,,,,,,,,,,,,,,,,,,,,,,,,36.33,68.92,109.88,41.07,142.05,0.0,2.3,0.0,,,,,,,,,,,,,,,1,2013-01-01,2013-Q1,,,,,,,,,,,Требуется ручная проверка,0,
103,"ООО ""РКБ""",2013,,,,,,,,,,,,,,,,,,,,,,,,,,,,,,,,,,,,,,,,,,,,,,,,,,,,,,,,,,,,,,,,,,,,31.0,62.64,106.23,51.68,168.86,0.0,2.27,0.0,,,,,,,,,2521751.0,,,,,,2,2013-04-01,2013-Q2,,0409135,,,,,,,,,Требуется ручная проверка,0,
103,"ООО ""РКБ""",2013,,,,,,,,,,,,,,,,,,,,,,,,,,,,,,,,,,,,,,,,,,,,,,,,,,,,,,,,,,,,,,,,,,,,25.89,54.42,92.26,26.3,176.99,0.0,2.39,0.0,,,,,,,,,2765696.0,,,,,,3,2013-07-01,2013-Q3,,0409135,,,,,,,,,Требуется ручная проверка,0,
103,"ООО ""РКБ""",2013,,,,,,,,,,,,,,,,,,,,,,,,,,,,,,,,,,,,,,,,,,,,,,,,,,,,,,,,,,,,,,,,,,,,23.49,68.04,74.88,47.35,209.82,0.0,2.25,0.0,,,,,,,,,4105395.0,,,,,,4,2013-10-01,2013-Q4,,0409135,,,,,,,,,Требуется ручная проверка,0,
103,"ООО ""РКБ""",2014,,,,,,,,,,,,,,,,,,,,,,,,,,,,,,,,,,,,,,,,,,,,,,,,,,,,,,,,,,,,,,,,,,,,26.83,48.64,68.11,37.19,211.08,0.0,2.49,0.0,,,,,,,,,2055326.0,,,,,,1,2014-01-01,2014-Q1,,,,,,,,,,,Требуется ручная проверка,0,
103,"ООО ""РКБ""",2014,,,,,,,,,,,,,,,,,,,,,,,,,,,,,,,,,,,,,,,,,,,,,,,,,,,,,,,,,,,,,,,22.15,22.15,26.84,,,,55.48,96.63,44.17,213.49,0.0,2.37,0.0,,,,,,,,,2362170.0,,,,,,2,2014-04-01,2014-Q2,,,,,,,,,,,Требуется ручная проверка,0,
103,"ООО ""РКБ""",2014,1000000.0,,0.0,2299229.0,,,,,,,,,,,,,,,,,,,,,,,,0.0,0.0,,0.0,0.0,,,,,,,,,,,,,,,,,,,,,,,,,,,,,,,22.87,22.87,25.64,,,,74.18,94.64,54.16,167.53,0.0,2.26,0.0,,,,,,,,,3309354.0,,,,,3806944.0,3,2014-07-01,2014-Q3,,,,,,,,,,,Требуется ручная проверка,0,
103,"ООО ""РКБ""",2014,1000000.0,3429229.0,,2299229.0,234017.0,801433.0,1450000.0,1906427.0,104389.0,252495.0,,8514493.0,6503241.0,1755276.0,,1755276.0,1761.0,106026.0,,,,,,,,,,0.0,0.0,,0.0,0.0,,,,,,,,,,,,,,,,,,,,,,,,,,,,,,,22.12,22.12,25.27,,,,79.22,88.5,47.16,167.1,0.0,2.17,0.0,,,,,,,,,3748982.0,,,,,3918371.0,4,2014-10-01,2014-Q4,,,,,,,,,,,Требуется ручная проверка,0,
103,"ООО ""РКБ""",2015,1000000.0,3429229.0,,2299229.0,664579.0,448928.0,300000.0,2351803.0,42919.0,563523.0,,8823153.0,6427859.0,1895599.0,,1895599.0,1761.0,109918.0,,,,,,,,,,0.0,0.0,,0.0,0.0,,,,,,,,,,,,,,,,,,,,,,,,,,,,,,,20.74,20.74,25.23,,,,123.04,184.57,42.81,168.12,0.0,1.99,0.0,,,,,,,,,4246040.0,,,,,4171567.0,1,2015-01-01,2015-Q1,,,,,,,,,,,Требуется ручная проверка,0,
103,"ООО ""РКБ""",2015,1000000.0,3429229.0,,2299229.0,857114.0,305525.0,500000.0,2866225.0,30742.0,653003.0,,10096998.0,7199303.0,2882909.0,,2882909.0,1761.0,133038.0,,,,,,,,,,0.0,0.0,,0.0,0.0,,,,,,,,,,,,,,,,,,,,,,,,,,,,,,,21.97,21.97,26.47,,,,207.55,279.5,40.0,122.41,0.0,2.07,0.0,,,,,,,,,6134641.0,,,,,4131465.0,2,2015-04-01,2015-Q2,,,,,,,,,,,Требуется ручная проверка,0,
103,"ООО ""РКБ""",2015,1000000.0,4052639.0,,2922639.0,462903.0,132826.0,0.0,1183837.0,48965.0,666151.0,,8523972.0,7290542.0,2792708.0,,2792708.0,1761.0,117041.0,,,,,,,,,,0.0,0.0,,0.0,0.0,,,,,,,,,,,,,,,,,,,,,,,,,,,,,,,23.51,23.51,24.41,,,,160.67,209.25,44.19,119.09,0.0,2.05,0.0,,,,,,,,,6552831.0,,,,,4208577.0,3,2015-07-01,2015-Q3,,,,,,,,,,,Требуется ручная проверка,0,
103,"ООО ""РКБ""",2015,1000000.0,,0.0,2922639.0,,,,,,,,,,,,,,,,,,,,,,,,0.0,0.0,,0.0,0.0,,,,,,,,,,,,,,,,,,,,,,,,,,,,,,,21.8,21.8,22.7,,,,169.8,153.37,43.02,112.82,0.0,2.03,0.0,,,,,,,,,8282530.0,,,,,4220689.0,4,2015-10-01,2015-Q4,,,,,,,,,,,Требуется ручная проверка,0,
103,"ООО ""РКБ""",2016,1000000.0,4052639.0,,2922639.0,413542.0,627759.0,3000000.0,782698.0,41418.0,,,5535648.0,4710737.0,3428192.0,,3428192.0,1775.0,87942.0,,,,,,,,,,0.0,0.0,,0.0,0.0,,,,,,,,,,,,,,,,,,,,,,,,,,,,,,,23.63,23.63,23.69,,,,152.05,202.65,38.75,88.47,0.0,2.08,0.0,,,,,,,,,9106013.0,,,,,4062205.0,1,2016-01-01,2016-Q1,,,,,,,,,,,Требуется ручная проверка,0,
103,"ООО ""РКБ""",2016,1000000.0,4052639.0,,2922639.0,616091.0,352959.0,2500000.0,742242.0,798408.0,,,5540007.0,3998348.0,3824861.0,,3824861.0,1775.0,99904.0,,,,,,,,,,0.0,0.0,,0.0,0.0,,,,,,,,,,,,,,,,,,,,,,,,,,,,,,,22.39,22.39,22.65,,,,140.48,182.23,36.65,90.78,0.0,2.06,0.0,,,,,,,,,8777934.0,,,,,4097167.0,2,2016-04-01,2016-Q2,,,,,,,,,,,Требуется ручная проверка,0,
103,"ООО ""РКБ""",2016,1000000.0,,0.0,2955407.0,,,,,,,,,,,,,,,,,,,,,,,,0.0,0.0,,0.0,0.0,,,,,,,,,,,,,,,,,,,,,,,,,,,,,,,23.51,23.51,23.75,,,,154.28,251.33,34.3,118.47,0.0,2.01,0.0,,,,,,,,,6671373.0,,,,,4124038.0,3,2016-07-01,2016-Q3,,,,,,,,,,,Требуется ручная проверка,0,
103,"ООО ""РКБ""",2016,2000000.0,5085407.0,,2955407.0,564764.0,528082.0,2200000.0,729827.0,1395833.0,,,6347331.0,4191591.0,3541885.0,,3541885.0,1775.0,92186.0,,,,,,,,,,0.0,0.0,,0.0,0.0,,,,,,,,,,,,,,,,,,,,,,,,,,,,,,,32.26,32.26,33.46,,,,188.69,199.46,31.79,83.73,0.0,1.56,0.0,,,,,,,,,5968526.0,,,,,5272595.0,4,2016-10-01,2016-Q4,,,,,,,,,,,Требуется ручная проверка,0,
103,"ООО ""РКБ""",2017,2000000.0,5085407.0,,2955407.0,685069.0,1054335.0,1000000.0,733435.0,1395930.0,,,7447430.0,5290479.0,3568463.0,1551.0,3566912.0,1775.0,100594.0,,,,,,,,,,0.0,0.0,,0.0,0.0,,,,,,,,,,,,,,,,,,,,,,,,,,,,,,,32.96,32.96,34.67,,,,259.17,357.06,42.96,93.86,0.0,1.8,0.0,,,,,,,,,3896058.0,,,,,5346142.0,1,2017-01-01,2017-Q1,,,,,,,,,,,Требуется ручная проверка,0,
103,"ООО ""РКБ""",2017,2000000.0,5085407.0,,2955407.0,635672.0,581320.0,1800000.0,676126.0,1392602.0,,,7173417.0,5082282.0,3177687.0,1551.0,3176136.0,1775.0,85433.0,,,,,,,,,,0.0,0.0,,0.0,0.0,,,,,,,,,,,,,,,,,,,,,,,,,,,,,,,29.642,29.642,31.672,,,,118.787,208.002,40.328,92.671,0.0,1.689,0.0,,,,,,,,,5050769.0,,,,,5430471.0,2,2017-04-01,2017-Q2,,,,,,,,,,,Требуется ручная проверка,0,
103,"ООО ""РКБ""",2017,2000000.0,5334239.0,,3204239.0,520946.0,1107258.0,2700000.0,588000.0,1394657.0,,,7542059.0,5539728.0,3011384.0,7611.0,3003773.0,1775.0,90593.0,,,,,,,,,,0.0,0.0,,0.0,0.0,,,,,,,,,,,,,,,,,,,,,,,,,,,,,,,34.763,34.763,35.722,,,,205.059,609.794,40.973,110.025,0.0,1.77,0.0,,,,,,,,,3869884.0,,,,,5478249.0,3,2017-07-01,2017-Q3,,,,,,,,,,,Требуется ручная проверка,0,
103,"ООО ""РКБ""",2017,2000000.0,5334239.0,,3204239.0,868703.0,625799.0,3500000.0,595029.0,1429667.0,,,7785145.0,5742264.0,3225257.0,7537.0,3217720.0,1775.0,89083.0,884211.0,194831.0,0.0,0.0,0.0,4671646.0,255704.0,134698.0,280498.0,0.0,0.0,,0.0,0.0,,,,,,,1806.0,761247.0,121158.0,0.0,75721.0,119110.0,,,,,,,,,,,,,,415196.0,,,0.0,280498.0,35.623,35.623,37.496,,,,147.999,224.138,42.366,97.577,0.0,0.44,0.0,,,,,,,,,4786071.0,,,,,5611147.0,4,2017-10-01,2017-Q4,,,,,,,,,,,Требуется ручная проверка,0,
103,"ООО ""РКБ""",2018,2000000.0,5334239.0,,3204239.0,521200.0,265541.0,3200000.0,596592.0,1428277.0,,,7547686.0,5507010.0,3275826.0,14489.0,3261337.0,1776.0,98079.0,1157924.0,249597.0,0.0,0.0,0.0,6132522.0,402738.0,189704.0,158835.0,0.0,0.0,,0.0,0.0,,,,,,,2726.0,1034040.0,121158.0,0.0,101041.0,148556.0,,,,,,,,,,,,,,348539.0,,,0.0,158835.0,38.219,38.219,39.356,,,,164.852,410.368,38.504,94.999,0.0,0.399,0.0,,,,,,,,,4251877.0,,,,,5489578.0,1,2018-01-01,2018-Q1,,,,,,,,,,,Требуется ручная проверка,0,
1035,"ОАО ККБ ""КРЕДИТБАНК""",2007,60000.0,70476.0,156.0,,27170.0,19089.0,0.0,51312.0,31685.0,90786.0,,298768.0,215771.0,129670.0,110180.0,19490.0,3.0,7523.0,9698.0,0.0,0.0,1719.0,63.0,25394.0,10.0,0.0,2967.0,,,,,,,,,,,,,,,,,,,,,,,,,,,,,,,,,,,,,,,,,,,,,,,,,,,,,,,,,,,,,,,2,2007-04-01,2007-Q2,,,,,,,,,,,Требуется ручная проверка,0,
1035,"ОАО ККБ ""КРЕДИТБАНК""",2007,60000.0,70502.0,156.0,,47757.0,100955.0,0.0,56155.0,14726.0,80968.0,,335276.0,264395.0,194120.0,140180.0,53940.0,3.0,6716.0,19500.0,1.0,0.0,4539.0,183.0,81596.0,98.0,0.0,3156.0,,,,,,,,,,,,,,,,,,,,,,,,,,,,,,,,,,,,,,,,,,,,,,,,,,,,,,,,,,,,,,,3,2007-07-01,2007-Q3,,,,,,,,,,,Требуется ручная проверка,0,
1035,"ОАО ККБ ""КРЕДИТБАНК""",2007,60000.0,72178.0,156.0,,9792.0,44969.0,20000.0,74402.0,40070.0,79938.0,,365450.0,250978.0,173668.0,140180.0,33488.0,3.0,8855.0,31239.0,1.0,0.0,6006.0,187.0,133480.0,144.0,0.0,3998.0,,,,,,,,,,,,,,,,,,,,,,,,,,,,,,,,,,,,,,,,,,,,,,,,,,,,,,,,,,,,,,,4,2007-10-01,2007-Q4,,,,,,,,,,,Требуется ручная проверка,0,
1035,"ОАО ККБ ""КРЕДИТБАНК""",2008,60000.0,72193.0,156.0,,25560.0,42189.0,10000.0,91887.0,44110.0,74869.0,0.0,399579.0,263582.0,133602.0,80000.0,53602.0,3.0,6907.0,43850.0,1.0,0.0,9167.0,472.0,185641.0,414.0,0.0,6649.0,,,,,,,,,,,,,,,,,,,,,,,,,,,,,,,,,,,,,,,,,,,,,,,,,,,,,,,,,,,,,,,1,2008-01-01,2008-Q1,,,,,,,,,,,Требуется ручная проверка,0,
1035,"ОАО ККБ ""КРЕДИТБАНК""",2008,60000.0,72130.0,156.0,3483.0,6871.0,33767.0,0.0,108375.0,54121.0,35801.0,0.0,388564.0,226068.0,81696.0,50000.0,31696.0,3.0,7366.0,12507.0,1572.0,0.0,2276.0,28.0,56631.0,49861.0,0.0,9193.0,,,,,,,,,,,,0.0,11397.0,1110.0,38.0,497.0,388.0,,,,,,,,,,,,,,,,,,,,,,,,,,,,,,,,,,,,,,,,,,,,,,2,2008-04-01,2008-Q2,,,,,,,,,,,Требуется ручная проверка,0,
1035,"ОАО ККБ ""КРЕДИТБАНК""",2008,60000.0,72130.0,156.0,3483.0,30275.0,46042.0,,124114.0,66263.0,,,443183.0,252806.0,142558.0,66000.0,76558.0,3.0,5818.0,24666.0,5130.0,0.0,4445.0,46.0,92573.0,66110.0,0.0,4889.0,,,,,,,,,,,,2.0,23457.0,1207.0,63.0,1574.0,1864.0,,,,,,,,,,,,,,,,,,,,,,,,,,,,,,,,,,,,,,,,,,,,,,3,2008-07-01,2008-Q3,,,,,,,,,,,Требуется ручная проверка,0,
1035,"ОАО ККБ ""КРЕДИТБАНК""",2008,60000.0,77100.0,156.0,3483.0,28722.0,17326.0,0.0,124923.0,45088.0,,,421058.0,251047.0,73526.0,10000.0,63526.0,3.0,6220.0,36345.0,8803.0,0.0,6831.0,46.0,128749.0,82072.0,0.0,648.0,,,,,,,,,,,,2.0,35136.0,1207.0,85.0,2428.0,3767.0,,,,,,,,,,,,,,,,,,,,,,,,,,,,,,,,,,,,,,,,,,,,,,4,2008-10-01,2008-Q4,,,,,,,,,,,Требуется ручная проверка,0,
1035,"ОАО ККБ ""КРЕДИТБАНК""",2009,60000.0,77100.0,156.0,3483.0,49048.0,62552.0,0.0,130583.0,49898.0,,,389610.0,209129.0,75758.0,5000.0,70758.0,3.0,467.0,47653.0,9539.0,0.0,9784.0,156.0,169128.0,107199.0,0.0,2276.0,,,,,,,,,,,,5.0,46441.0,1207.0,101.0,2650.0,3083.0,,,,,,,,,,,,,,,,,,,,,,,,,,,,,,,,,,,,,,,,,,,,,,1,2009-01-01,2009-Q1,,,,,,,,,,,Требуется ручная проверка,0,
1035,"ОАО ККБ ""КРЕДИТБАНК""",2009,60000.0,77100.0,156.0,3483.0,19329.0,51452.0,10000.0,91780.0,50558.0,,,368193.0,225855.0,52745.0,3572.0,49173.0,3.0,558.0,10393.0,2122.0,0.0,3220.0,267.0,51078.0,27302.0,0.0,5853.0,,,,,,,,,,,,2.0,10391.0,0.0,0.0,1.0,1114.0,,,,,,,,,,,,,,5853.0,,,,,,,,,,,,,,,,,,,,,,,,,,,,,,,,2,2009-04-01,2009-Q2,,,,,,,,,,,Требуется ручная проверка,0,
1035,"ОАО ККБ ""КРЕДИТБАНК""",2009,60000.0,77100.0,156.0,3483.0,64314.0,56386.0,20000.0,95380.0,49696.0,,,364812.0,219736.0,84563.0,,84563.0,3.0,447.0,22540.0,4992.0,0.0,6769.0,380.0,103738.0,40466.0,3942.0,3886.0,,,,,,,,,,,,2.0,22538.0,0.0,1.0,1.0,2427.0,,,,,,,,,,,,,,56.0,,,,,,,,,,,,,,,,,,,,,,,,,,,,,,,,3,2009-07-01,2009-Q3,,,,,,,,,,,Требуется ручная проверка,0,
1035,"ОАО ККБ ""КРЕДИТБАНК""",2009,60000.0,75214.0,156.0,1597.0,83780.0,31426.0,,100670.0,50336.0,,,384960.0,233954.0,108501.0,,108501.0,3.0,1900.0,34174.0,8932.0,0.0,10199.0,456.0,178054.0,75130.0,1166.0,225.0,,,,,,,,,,,,4.0,34170.0,0.0,5.0,1.0,4367.0,,,,,,,,,,,,,,941.0,,,,,,,,,,,,,,,,,,,,,,,,,,,,,,,,4,2009-10-01,2009-Q4,,,,,,,,,,,Требуется ручная проверка,0,
1035,"ОАО ККБ ""КРЕДИТБАНК""",2010,60000.0,75225.0,156.0,1597.0,82247.0,32111.0,,104128.0,51279.0,,,381608.0,226201.0,138384.0,,118384.0,3.0,2604.0,46226.0,13062.0,0.0,13623.0,619.0,242284.0,105842.0,1144.0,4436.0,,,,,,,,,,,,7.0,46219.0,0.0,13.0,1.0,6135.0,,,,,,,,,,,,,,5580.0,,,,,,,,,,,,,,,,,,,,,,,,,,,,,,,,1,2010-01-01,2010-Q1,,,,,,,,,,,Требуется ручная проверка,0,
1035,"ОАО ККБ ""КРЕДИТБАНК""",2010,60000.0,75225.0,156.0,1597.0,88574.0,50563.0,0.0,84840.0,50636.0,,,365022.0,229546.0,117052.0,,97052.0,3.0,2314.0,11819.0,4045.0,0.0,5795.0,76.0,43332.0,16350.0,18.0,4063.0,,,,,,,,,,,,2.0,11740.0,77.0,16.0,1922.0,1737.0,,,,,,,,,,,,,,4081.0,,,,,,,,,,,,,,,,,,,,,,,,,,,,,,,,2,2010-04-01,2010-Q2,,,,,,,,,,,Требуется ручная проверка,0,
1035,"ОАО ККБ ""КРЕДИТБАНК""",2011,,,,,,,,,,,,,,,,,,,52912.0,15601.0,,23380.0,370.0,194337.0,63059.0,1272.0,4830.0,,,,,,,,,,,,2.0,52592.0,318.0,267.0,2024.0,4756.0,,,,,,,,,,,,,,6102.0,,,,,,,,,,,,,,,,,,,,,,,,,,,,,,,,1,2011-01-01,2011-Q1,,,,,,,,,,,Требуется ручная проверка,0,
1035,"ОАО ККБ ""КРЕДИТБАНК""",2011,60000.0,78172.0,156.0,1597.0,129627.0,35687.0,0.0,130626.0,49607.0,,,393833.0,213600.0,147797.0,30000.0,97797.0,3.0,2929.0,12878.0,4057.0,,4004.0,84.0,41177.0,10228.0,142.0,65.0,,,,,,,,,,,,,12878.0,,106.0,679.0,741.0,,,,,,,,,,,,,,207.0,,,,,,,,,,23.58,52.88,53.86,96.36,317.0,0.0,0.63,0.0,,,,,,,,,,,,,,,2,2011-04-01,2011-Q2,,,,,,,,,,,Требуется ручная проверка,0,
1035,"ОАО ККБ ""КРЕДИТБАНК""",2011,,,,,,,,,,,,,,,,,,,27042.0,8429.0,0.0,8330.0,163.0,92512.0,28312.0,312.0,1359.0,,,,,,,,,,,,0.0,27042.0,0.0,161.0,802.0,1103.0,,,,,,,,,,,,,,1671.0,,,,,,,,,,25.6,74.46,68.35,58.41,277.9,0.0,1.0,0.0,,,,,,,,,,,,,,,3,2011-07-01,2011-Q3,,,,,,,,,,,Требуется ручная проверка,0,
1035,"ОАО ККБ ""КРЕДИТБАНК""",2011,60000.0,79380.0,156.0,1897.0,113771.0,67331.0,0.0,133253.0,49467.0,,,474140.0,291420.0,235145.0,40000.0,175145.0,,5439.0,41127.0,13619.0,0.0,13418.0,341.0,147224.0,39127.0,738.0,1702.0,,,,,,,,,,,,0.0,41127.0,0.0,310.0,1054.0,1351.0,,,,,,,,,,,,,,964.0,,,,,,,,,,20.7,71.77,57.87,66.39,333.83,0.0,0.94,0.0,,,,,,,,,,,,,,,4,2011-10-01,2011-Q4,,,,,,,,,,,Требуется ручная проверка,0,
1035,"ОАО ККБ ""КРЕДИТБАНК""",2012,,,,,,,,,,,,,,,,,,,59906.0,19186.0,0.0,27617.0,714.0,212029.0,52691.0,7.0,5856.0,,,,,,,,,,,,0.0,59906.0,0.0,1279.0,1131.0,1271.0,,,,,,,,,,,,,,5863.0,,,,,,,,,,46.72,114.07,80.62,27.76,121.26,0.0,0.36,0.0,,,,,,,,,,,,,,,1,2012-01-01,2012-Q1,,,,,,,,,,,Требуется ручная проверка,0,
1035,"ОАО ККБ ""КРЕДИТБАНК""",2012,69082.0,201079.0,112773.0,1897.0,147182.0,71321.0,,135770.0,44764.0,,,519164.0,338630.0,232081.0,50000.0,162081.0,,5237.0,15377.0,5357.0,,10714.0,220.0,57401.0,13287.0,,1059.0,,,,,,,,,,,,,15377.0,,212.0,502.0,370.0,,,,,,,,,,,,,,1059.0,,,,,,,,,,43.45,95.46,71.68,31.13,131.38,0.0,0.31,0.0,,,,,,,,,,,,,,,2,2012-04-01,2012-Q2,,,,,,,,,,,Требуется ручная проверка,0,
1035,"ОАО ККБ ""КРЕДИТБАНК""",2012,69082.0,201079.0,112773.0,1897.0,140644.0,23991.0,0.0,121783.0,45350.0,,,544946.0,377813.0,186979.0,,166979.0,,4724.0,31474.0,11354.0,0.0,16813.0,716.0,136480.0,40535.0,297.0,1483.0,,,,,,,,,,,,0.0,31474.0,0.0,1517.0,502.0,752.0,,,,,,,,,,,,,,1780.0,,,,,,,,,,40.68,99.48,83.7,30.65,139.13,0.0,0.99,0.0,,,,,,,,,,,,,,,3,2012-07-01,2012-Q3,,,,,,,,,,,Требуется ручная проверка,0,
1035,"ОАО ККБ ""КРЕДИТБАНК""",2012,69082.0,205392.0,112773.0,2098.0,144766.0,112738.0,0.0,114486.0,48209.0,0.0,,555303.0,392608.0,198758.0,0.0,178758.0,,4592.0,47946.0,17720.0,0.0,24328.0,1174.0,251743.0,104076.0,346.0,3844.0,,,,,,,,,,,,1.0,47945.0,0.0,2804.0,509.0,1282.0,,,,,,,,,,,,,,4190.0,,,,,,,,,,14.93,49.96,87.83,25.48,281.77,0.0,0.7,0.0,,,,,,,,,,,,,,,4,2012-10-01,2012-Q4,,0409135,,,,,,,,,Требуется ручная проверка,0,
1035,"ОАО ККБ ""КРЕДИТБАНК""",2013,69082.0,205392.0,112773.0,2098.0,160949.0,66275.0,0.0,115068.0,19850.0,111680.0,,537028.0,402110.0,214345.0,10000.0,184345.0,,5872.0,64182.0,28307.0,0.0,37781.0,1501.0,334327.0,130812.0,134.0,8228.0,,,,,,,,,,,,1.0,64181.0,0.0,8168.0,673.0,1756.0,,,,,,,,,,,,,,8362.0,,,,,,,,,,26.51,91.63,92.62,27.13,200.1,0.0,0.44,0.0,,,,,,,,,,,,,,,1,2013-01-01,2013-Q1,,,,,,,,,,,Требуется ручная проверка,0,
1035,"ОАО ККБ ""КРЕДИТБАНК""",2013,69082.0,205392.0,112773.0,2098.0,133039.0,29472.0,0.0,126302.0,16136.0,48785.0,,576245.0,433807.0,201869.0,10000.0,171869.0,,7160.0,17264.0,7321.0,0.0,10824.0,980.0,52944.0,17308.0,0.0,3927.0,,,,,,,,,,,,1.0,17263.0,0.0,1885.0,150.0,670.0,,,,,,,,,,,,,,3927.0,,,,,,,,,,19.81,89.04,84.91,28.73,218.89,0.09,0.49,0.0,,,,,,,,,429432.0,,,,,,2,2013-04-01,2013-Q2,,0409135,,,,,,,,,Требуется ручная проверка,0,
1035,"ОАО ККБ ""КРЕДИТБАНК""",2013,69082.0,212084.0,112773.0,2098.0,162286.0,76159.0,0.0,131243.0,5861.0,44611.0,,628082.0,490978.0,239175.0,,219175.0,,5784.0,39420.0,15787.0,0.0,26256.0,7391.0,144047.0,55106.0,609.0,10007.0,,,,,,,,,,,,1.0,39419.0,0.0,4254.0,150.0,1464.0,,,,,,,,,,,,,,10616.0,,,,,,,,,,25.84,76.98,65.35,29.79,214.97,0.1,0.96,0.0,,,,,,,,,203584.0,,,,,,3,2013-07-01,2013-Q3,,0409135,,,,,,,,,Требуется ручная проверка,0,
1035,"ОАО ККБ ""КРЕДИТБАНК""",2013,69082.0,212084.0,112773.0,2098.0,159756.0,3692.0,55624.0,132632.0,18.0,,,663627.0,530977.0,226881.0,,206881.0,,6528.0,61999.0,24919.0,0.0,35676.0,9666.0,233623.0,87892.0,2745.0,5110.0,,,,,,,,,,,,1.0,61998.0,0.0,7206.0,150.0,2315.0,,,,,,,,,,,,,,7855.0,,,,,,,,,,24.5,73.96,78.72,29.02,215.98,0.04,1.57,0.0,,,,,,,,,178190.0,,,,,,4,2013-10-01,2013-Q4,,0409135,,,,,,,,,Требуется ручная проверка,0,
1035,"ОАО ККБ ""КРЕДИТБАНК""",2014,69082.0,212084.0,112773.0,2098.0,172823.0,295018.0,,84950.0,15.0,,,687143.0,602178.0,212109.0,,192109.0,,6106.0,83869.0,33401.0,0.0,76296.0,20664.0,350238.0,126856.0,2056.0,3851.0,,,,,,,,,,,,1.0,83868.0,0.0,9548.0,150.0,3283.0,,,,,,,,,,,,,,5907.0,,,,,,,,,,27.24,95.7,72.73,17.45,201.33,0.0,1.84,0.0,,,,,,,,,175934.0,,,,,,1,2014-01-01,2014-Q1,,,,,,,,,,,Требуется ручная проверка,0,
1035,"ОАО ККБ ""КРЕДИТБАНК""",2014,69082.0,212084.0,112773.0,2098.0,160945.0,141622.0,,52361.0,2999.0,,,608781.0,553421.0,407727.0,,387727.0,,18362.0,21187.0,11731.0,0.0,7581.0,520.0,115556.0,70422.0,0.0,3610.0,,,,15000.0,15000.0,,,,,,,0.0,21187.0,0.0,1580.0,9030.0,751.0,,,,,,,,,,,,,,3610.0,,,,,24.8,24.8,27.23,,,,115.06,102.94,10.6,212.84,0.18,0.55,0.0,,,,,,,,,498255.0,,,,,232729.0,2,2014-04-01,2014-Q2,,,,,,,,,,,Требуется ручная проверка,0,
1035,"ОАО ККБ ""КРЕДИТБАНК""",2014,69082.0,,,2098.0,,,,,,,,,,,,,,,46943.0,24572.0,0.0,146080.0,113233.0,358251.0,124946.0,797.0,4193.0,,,,14000.0,14000.0,,,,,,,0.0,46939.0,0.0,2855.0,19691.0,1282.0,,,,,,,,,,,,,,4990.0,,,,,20.07,20.07,21.59,,,,130.71,126.26,12.22,288.15,0.17,1.01,0.0,,,,,,,,,469064.0,,,,,232311.0,3,2014-07-01,2014-Q3,,,,,,,,,,,Требуется ручная проверка,0,
1035,"ОАО ККБ ""КРЕДИТБАНК""",2014,69082.0,216146.0,112773.0,2098.0,213785.0,33459.0,,70796.0,7749.0,,,900312.0,821767.0,718603.0,0.0,698603.0,,30559.0,77729.0,41967.0,0.0,160743.0,113691.0,498127.0,169749.0,1313.0,20399.0,,,,13000.0,13000.0,,,,,,,0.0,77681.0,42.0,3493.0,120.0,1732.0,,,,,,,,,,,,,,19086.0,,,,,16.46,16.46,17.58,,,,60.79,54.43,15.0,374.82,0.09,2.58,0.0,,,,,,,,,125466.0,,,,,206725.0,4,2014-10-01,2014-Q4,,,,,,,,,,,Требуется ручная проверка,0,
1037,"ООО КБ ""МАЙМА""",2007,0.0,20380.0,224.0,,1661.0,4403.0,,8039.0,3200.0,,,21373.0,10134.0,360.0,,360.0,,234.0,1132.0,0.0,0.0,0.0,0.0,1199.0,69.0,,220.0,,,,,,,,,,,,,,,,,,,,,,,,,,,,,,,,,,,,,,,,,,,,,,,,,,,,,,,,,,,,,,,2,2007-04-01,2007-Q2,,,,,,,,,,,Требуется ручная проверка,0,
1037,"ООО КБ ""МАЙМА""",2007,18795.0,20562.0,224.0,,2539.0,668.0,,10579.0,3220.0,,,23884.0,10085.0,567.0,200.0,367.0,,225.0,2341.0,0.0,0.0,0.0,0.0,2832.0,158.0,,2039.0,,,,,,,,,,,,,,,,,,,,,,,,,,,,,,,,,,,,,,,,,,,,,,,,,,,,,,,,,,,,,,,3,2007-07-01,2007-Q3,,,,,,,,,,,Требуется ручная проверка,0,
1037,"ООО КБ ""МАЙМА""",2007,18795.0,20557.0,224.0,,2339.0,5704.0,,11946.0,3104.0,,,28447.0,13397.0,200.0,200.0,,,234.0,3773.0,17.0,0.0,0.0,0.0,4340.0,178.0,,2421.0,,,,,,,,,,,,,,,,,,,,,,,,,,,,,,,,,,,,,,,,,,,,,,,,,,,,,,,,,,,,,,,4,2007-10-01,2007-Q4,,,,,,,,,,,Требуется ручная проверка,0,
1037,"ООО КБ ""МАЙМА""",2008,18795.0,20553.0,224.0,,1943.0,6346.0,,14057.0,2734.0,,,27507.0,10716.0,,,,,215.0,5072.0,80.0,0.0,0.0,0.0,6399.0,178.0,,2623.0,,,,,,,,,,,,,,,,,,,,,,,,,,,,,,,,,,,,,,,,,,,,,,,,,,,,,,,,,,,,,,,1,2008-01-01,2008-Q1,,,,,,,,,,,Требуется ручная проверка,0,
1037,"ООО КБ ""МАЙМА""",2008,18795.0,20513.0,19.0,1439.0,2836.0,8628.0,,12831.0,2836.0,,,24869.0,9202.0,,,,,369.0,1193.0,,,263.0,,1361.0,2.0,,104.0,,,,,,,,,,,,,1193.0,,,,,,,,,,,,,,,,,,,,,,,,,,,,,,,,,,,,,,,,,,,,,,,,,,2,2008-04-01,2008-Q2,,,,,,,,,,,Требуется ручная проверка,0,
1037,"ООО КБ ""МАЙМА""",2008,18795.0,22502.0,19.0,3328.0,1640.0,6636.0,,14528.0,2949.0,,,28104.0,10627.0,,,,,292.0,2453.0,50.0,,622.0,,2829.0,31.0,,329.0,,,,,,,,,,,,,2453.0,,50.0,,,,,,,,,,,,,,,,,,,,,,,,,,,,,,,,,,,,,,,,,,,,,,,,3,2008-07-01,2008-Q3,,,,,,,,,,,Требуется ручная проверка,0,
1037,"ООО КБ ""МАЙМА""",2008,18795.0,22494.0,19.0,3320.0,2211.0,11157.0,,14528.0,1221.0,,,25690.0,9941.0,,,,,423.0,3702.0,52.0,,1142.0,,6205.0,1593.0,,377.0,,,,,,,,,,,,,3702.0,,52.0,,,,,,,,,,,,,,,,,,,,,,,,,,,,,,,,,,,,,,,,,,,,,,,,4,2008-10-01,2008-Q4,,,,,,,,,,,Требуется ручная проверка,0,
1037,"ООО КБ ""МАЙМА""",2009,18795.0,22486.0,19.0,3312.0,1666.0,3605.0,,16060.0,1959.0,,,27330.0,9311.0,,,,,73.0,5024.0,61.0,,1623.0,,7975.0,1643.0,,547.0,,,,,,,,,,,,,5024.0,,61.0,,,,,,,,,,,,,,,,,,,,,,,,,,,,,,,,,,,,,,,,,,,,,,,,1,2009-01-01,2009-Q1,,,,,,,,,,,Требуется ручная проверка,0,
1037,"ООО КБ ""МАЙМА""",2009,18795.0,22483.0,19.0,3309.0,4133.0,16574.0,,15522.0,2532.0,,,27301.0,9247.0,,,,,53.0,1252.0,12.0,,289.0,,1634.0,63.0,,23.0,,,,,,,,,,,,,1252.0,,12.0,,,,,,,,,,,,,,,,23.0,,,,,,,,,,,,,,,,,,,,,,,,,,,,,,,,2,2009-04-01,2009-Q2,,,,,,,,,,,Требуется ручная проверка,0,
1037,"ООО КБ ""МАЙМА""",2009,18795.0,22886.0,19.0,3690.0,3354.0,7550.0,,13859.0,4421.0,,,24471.0,6191.0,,,,,51.0,2378.0,12.0,,513.0,,3427.0,384.0,5.0,66.0,,,,,,,,,,,,,2378.0,,12.0,,,,,,,,,,,,,,,,71.0,,,,,,,,,,,,,,,,,,,,,,,,,,,,,,,,3,2009-07-01,2009-Q3,,,,,,,,,,,Требуется ручная проверка,0,
1037,"ООО КБ ""МАЙМА""",2009,18795.0,22886.0,19.0,3690.0,2730.0,6789.0,,13358.0,4853.0,,,25017.0,6806.0,,,,,156.0,3523.0,12.0,,842.0,,5091.0,500.0,15.0,72.0,,,,,,,,,,,,,3523.0,,12.0,,,,,,,,,,,,,,,,87.0,,,,,,,,,,,,,,,,,,,,,,,,,,,,,,,,4,2009-10-01,2009-Q4,,,,,,,,,,,Требуется ручная проверка,0,
1037,"ООО КБ ""МАЙМА""",2010,18795.0,22886.0,19.0,3690.0,2888.0,10055.0,,13730.0,5777.0,,,27494.0,7987.0,,,,,159.0,4688.0,12.0,,1164.0,,6762.0,575.0,18.0,35.0,,,,,,,,,,,,,4688.0,,12.0,,,,,,,,,,,,,,,,53.0,,,,,,,,,,,,,,,,,,,,,,,,,,,,,,,,1,2010-01-01,2010-Q1,,,,,,,,,,,Требуется ручная проверка,0,
1037,"ООО КБ ""МАЙМА""",2010,93975.0,98178.0,131.0,3690.0,3076.0,73656.0,,15903.0,6299.0,,,33123.0,10921.0,,,,,157.0,1600.0,,,239.0,,1819.0,112.0,,176.0,,,,,,,,,,,,,1374.0,226.0,,,,,,,,,,,,,,,,,176.0,,,,,,,,,,,,,,,,,,,,,,,,,,,,,,,,2,2010-04-01,2010-Q2,,,,,,,,,,,Требуется ручная проверка,0,
1037,"ООО КБ ""Майма""",2010,93975.0,98208.0,131.0,3695.0,6634.0,45688.0,3750.0,19877.0,3166.0,,,32682.0,9639.0,0.0,0.0,,,90.0,3642.0,4.0,,1170.0,,6890.0,2584.0,38.0,901.0,,,,,,,,,,,,101.0,3139.0,402.0,,4.0,,,,,,,,,,,,,,,939.0,,,,,,,,,,,,,,,,,,,,,,,,,,,,,,,,3,2010-07-01,2010-Q3,,,,,,,,,,,Требуется ручная проверка,0,
1037,"ООО КБ ""Майма""",2010,93975.0,98208.0,131.0,3695.0,2876.0,20057.0,0.0,19921.0,3681.0,,,39234.0,15632.0,500.0,500.0,,,133.0,5787.0,19.0,,1568.0,,13016.0,4137.0,197.0,1091.0,,,,,,,,,,,,341.0,5044.0,402.0,,19.0,,,,,,,,,,,,,,,894.0,,,,,,,,,,,,,,,,,,,,,,,,,,,,,,,,4,2010-10-01,2010-Q4,,,,,,,,,,,Требуется ручная проверка,0,
1037,"ООО КБ ""Майма""",2011,,,,,,,,,,,,,,,,,,,8380.0,37.0,,2207.0,,18304.0,7903.0,,775.0,,,,,,,,,,,,571.0,7407.0,402.0,,37.0,,,,,,,,,,,,,,,775.0,,,,,,,,,,,,,,,,,,,,,,,,,,,,,,,,1,2011-01-01,2011-Q1,,,,,,,,,,,Требуется ручная проверка,0,
1037,"ООО КБ ""Майма""",2011,93975.0,98208.0,131.0,3695.0,4272.0,11055.0,0.0,19178.0,3399.0,,,36086.0,13509.0,500.0,500.0,,,476.0,2543.0,14.0,,399.0,,4781.0,1494.0,,307.0,,,,,,,,,,,,268.0,2275.0,,,14.0,,,,,,,,,,,,,,,307.0,,,,,,,,,,202.31,704.16,1084.63,31.28,4.17,0.0,0.46,0.0,,,,,,,,,,,,,,,2,2011-04-01,2011-Q2,,,,,,,,,,,Требуется ручная проверка,0,
1037,"ООО КБ ""Майма""",2011,,,,,,,,,,,,,,,,,,,5671.0,21.0,,976.0,,12052.0,1903.0,,3442.0,,,,,,,,,,,,269.0,5402.0,,,21.0,,,,,,,,,,,,,,,3442.0,,,,,,,,,,153.14,271.32,271.6,45.1,0.0,0.0,0.49,0.0,,,,,,,,,,,,,,,3,2011-07-01,2011-Q3,,,,,,,,,,,Требуется ручная проверка,0,
1037,"ООО КБ ""Майма""",2011,93975.0,98641.0,131.0,4106.0,17432.0,31736.0,,40551.0,1767.0,,,67372.0,25054.0,24.0,,24.0,,333.0,9020.0,21.0,,1993.0,51.0,19942.0,3724.0,,3685.0,,,,,,,,,,,,296.0,8724.0,,,21.0,,,,,,,,,,,,,,,3685.0,,,,,,,,,,130.85,379.12,392.2,48.95,6.92,0.0,0.49,0.0,,,,,,,,,,,,,,,4,2011-10-01,2011-Q4,,,,,,,,,,,Требуется ручная проверка,0,
1037,"ООО КБ ""Майма""",2012,,,,,,,,,,,,,,,,,,,12485.0,226.0,,4719.0,1007.0,31130.0,6113.0,,3718.0,,,,,,,,,,,,296.0,12189.0,,,21.0,6.0,,,,,,,,,,,,,,3718.0,,,,,,,,,,229.8,405.17,406.35,28.16,0.0,0.0,0.31,0.0,,,,,,,,,,,,,,,1,2012-01-01,2012-Q1,,,,,,,,,,,Требуется ручная проверка,0,
1037,"ООО КБ ""Майма""",2012,93975.0,98641.0,126.0,4111.0,59158.0,74632.0,,47736.0,9892.0,,,83888.0,26260.0,86491.0,,34.0,,1086.0,3524.0,1518.0,,1742.0,73.0,11554.0,1149.0,0.0,359.0,,,,,,,,,,,,,3524.0,,,,13.0,,,,,,,,,,,,,,359.0,,,,,,,,,,203.26,329.75,331.19,28.05,0.0,0.0,0.3,0.0,,,,,,,,,,,,,,,2,2012-04-01,2012-Q2,,,,,,,,,,,Требуется ручная проверка,0,
1037,"ООО КБ ""Майма""",2012,93975.0,94849.0,126.0,319.0,58501.0,89028.0,,52546.0,6115.0,,,85837.0,27176.0,86483.0,,26.0,,1452.0,7218.0,13.0,,5524.0,197.0,22641.0,3171.0,,211.0,,,,,,,,,,,,,7218.0,,,,13.0,,,,,,,,,,,,,,211.0,,,,,,,,,,196.66,326.41,326.86,28.63,0.0,0.0,0.23,0.0,,,,,,,,,,,,,,,3,2012-07-01,2012-Q3,,,,,,,,,,,Требуется ручная проверка,0,
1037,"ООО КБ ""Майма""",2012,93975.0,94849.0,126.0,319.0,64099.0,46031.0,43430.0,52581.0,5463.0,,,83865.0,25821.0,86491.0,,34.0,,1366.0,11929.0,13.0,,14538.0,1410.0,36899.0,4321.0,,1792.0,,,,,,,,,,,,,11929.0,,,,13.0,,,,,,,,,,,,,,1792.0,,,,,,,,,,124.78,185.59,187.06,28.4,0.0,0.0,0.48,0.0,,,,,,,,,,,,,,,4,2012-10-01,2012-Q4,,0409135,,,,,,,,,Требуется ручная проверка,0,
1037,"ООО КБ ""Майма""",2013,93975.0,94849.0,126.0,319.0,57434.0,46955.0,43430.0,75434.0,5207.0,,,106584.0,25943.0,86493.0,,36.0,,2219.0,17210.0,13.0,,23327.0,1818.0,57117.0,5161.0,,1968.0,,,,,,,,,,,,,17210.0,,,,13.0,,,,,,,,,,,,,,1968.0,,,,,,,,,,125.22,262.53,277.32,37.8,29.7,0.0,0.34,0.0,,,,,,,,,,,,,,,1,2013-01-01,2013-Q1,,,,,,,,,,,Требуется ручная проверка,0,
1037,"ООО КБ ""Майма""",2013,93975.0,94926.0,203.0,319.0,72027.0,105569.0,,59515.0,9752.0,,,90860.0,21593.0,86485.0,,28.0,,1427.0,3975.0,1492.0,,4085.0,8.0,14846.0,3943.0,,525.0,,,,,,,,,,,,,3975.0,,,,,,,,,,,,,,,,,,525.0,,,,,,,,,,90.62,262.65,262.9,34.4,6.32,0.0,0.33,0.0,,,,,,,,,172703.0,,,,,,2,2013-04-01,2013-Q2,,0409135,,,,,,,,,Требуется ручная проверка,0,
1037,"ООО КБ ""Майма""",2013,93975.0,96822.0,203.0,2120.0,43434.0,118733.0,,63036.0,9952.0,,,103464.0,30476.0,86479.0,,22.0,,1854.0,7869.0,,,6772.0,46.0,23956.0,5086.0,,1471.0,,,,,,,,,,,,,7869.0,,,,,,,,,,,,,,,,,,1471.0,,,,,,,,,,66.87,261.77,262.77,32.7,5.07,0.0,0.25,0.0,,,,,,,,,164702.0,,,,,,3,2013-07-01,2013-Q3,,0409135,,,,,,,,,Требуется ручная проверка,0,
1037,"ООО КБ ""Майма""",2013,93975.0,96822.0,203.0,2120.0,12062.0,146481.0,,58168.0,8523.0,0.0,,96455.0,29764.0,95489.0,,32.0,,1474.0,11422.0,,,9339.0,167.0,37396.0,8241.0,,4920.0,,,,,,,,,,,,,11411.0,11.0,,,,,,,,,,,,,,,,,4920.0,,,,,,,,,,67.42,333.33,338.03,30.88,10.63,0.0,0.17,0.0,,,,,,,,,141462.0,,,,,,4,2013-10-01,2013-Q4,,0409135,,,,,,,,,Требуется ручная проверка,0,
1037,"ООО КБ ""Майма""",2014,93975.0,96822.0,203.0,2120.0,14920.0,80194.0,,48267.0,8401.0,39114.0,,83387.0,26719.0,95479.0,,22.0,,989.0,15192.0,,,15409.0,2772.0,54077.0,12967.0,,1954.0,,,,,,,,,,,,,14602.0,590.0,,,,,,,,,,,,,,,,,1954.0,,,,,,,,,,62.08,1004.3,1360.72,18.09,25.23,0.0,0.63,0.0,,,,,,,,,102710.0,,,,,,1,2014-01-01,2014-Q1,,,,,,,,,,,Требуется ручная проверка,0,
1037,"ООО КБ ""Майма""",2014,93975.0,96822.0,203.0,2120.0,12445.0,85486.0,,39247.0,8298.0,42247.0,,73679.0,26134.0,95475.0,,18.0,,336.0,3178.0,0.0,0.0,6235.0,5538.0,21742.0,672.0,0.0,3212.0,,,,74270.0,74270.0,,,,,,,0.0,2497.0,681.0,0.0,0.0,0.0,,,,,,,,,,,,,,3212.0,,,,,28.71,28.71,52.4,,,,1001.32,1018.16,14.08,31.04,0.0,0.86,0.0,,,,,,,,,100893.0,,,,,164554.0,2,2014-04-01,2014-Q2,,,,,,,,,,,Требуется ручная проверка,0,
1037,"ООО КБ ""Майма""",2014,93975.0,,,367.0,,,,,,,,,,,,,,,6060.0,,,16276.0,9008.0,42946.0,3519.0,6.0,3281.0,,,,74398.0,74398.0,,,,,,,,4716.0,1344.0,,,,,,,,,,,,,,,,,3275.0,,,,,40.08,40.08,73.16,,,,1009.41,199.34,7.08,29.24,0.0,0.85,0.0,,,,,,,,,107623.0,,,,,164811.0,3,2014-07-01,2014-Q3,,,,,,,,,,,Требуется ручная проверка,0,
1037,"ООО КБ ""Майма""",2014,93975.0,95110.0,244.0,367.0,12602.0,82660.0,,24398.0,15034.0,59119.0,,62037.0,22605.0,95459.0,,2.0,0.0,422.0,9103.0,1.0,,24577.0,15579.0,71228.0,7383.0,20.0,1673.0,,,,75631.0,75631.0,,,,,,,,6833.0,2250.0,,,,,,,,,,,,,,,,,1653.0,,,,,40.33,40.33,73.55,,,,1628.48,1626.89,4.93,30.95,0.0,1.17,0.0,,,,,,,,,107675.0,,,,,167732.0,4,2014-10-01,2014-Q4,,,,,,,,,,,Требуется ручная проверка,0,
1037,"ООО КБ ""Майма""",2015,93975.0,95110.0,244.0,367.0,12585.0,116874.0,,22500.0,18730.0,66333.0,,61045.0,19815.0,95457.0,,,10.0,314.0,12209.0,1.0,,56079.0,49468.0,146462.0,9381.0,33.0,9392.0,,,,76561.0,76561.0,,,,,,,,8450.0,3739.0,,,,,,,,,,,,,,,,,9425.0,,,,,46.41,46.41,87.86,,,,3109.3,3047.75,4.61,15.0,0.0,0.83,0.0,,,,,,,,,113956.0,,,,,179790.0,1,2015-01-01,2015-Q1,,,,,,,,,,,Требуется ручная проверка,0,
1037,"ООО РНКО ""Майма""",2015,93975.0,95110.0,244.0,367.0,14495.0,90177.0,,18815.0,20944.0,42526.0,,57301.0,17542.0,95457.0,,,10.0,222.0,2254.0,1492.0,,15975.0,13863.0,41134.0,879.0,118.0,6160.0,,,,68116.0,68116.0,,,,,,,195.0,1232.0,827.0,,,,,,,,,,,,,,,,,6042.0,,,,,45.25,45.25,85.28,,,,1425.0,1412.85,0.0,0.0,0.0,0.0,0.0,,,,,,,,,98282.0,,,,,164988.0,2,2015-04-01,2015-Q2,,,,,,,,,,,Требуется ручная проверка,0,
1037,"ООО РНКО ""Майма""",2015,93975.0,104359.0,272.0,9127.0,14715.0,0.0,,16935.0,17694.0,33767.0,,49762.0,15133.0,95457.0,,,10.0,118.0,4055.0,0.0,0.0,26434.0,18903.0,63401.0,4239.0,224.0,3517.0,0.0,0.0,,68116.0,68116.0,,,,,,,195.0,2335.0,1525.0,0.0,0.0,0.0,,,,,,,,,,,,,,3293.0,,,,,,,75.71,,,,,,,,,0.0,0.0,1145.94,,0.0,0.0,0.0,,,,,,,,,167630.0,3,2015-07-01,2015-Q3,,,,,,,,,,,Требуется ручная проверка,0,
1037,"ООО РНКО ""Майма""",2015,93975.0,,0.0,9127.0,,,,,,,,,,,,,,,5913.0,0.0,0.0,32885.0,27238.0,110143.0,5660.0,249.0,30571.0,0.0,0.0,,68116.0,68116.0,,,,,,,195.0,3480.0,2238.0,0.0,0.0,0.0,,,,,,,,,,,,,,30322.0,,,,,,,77.25,,,,,,,,,0.0,0.0,1779.59,,0.0,0.0,0.0,,,,,,,,,136329.0,4,2015-10-01,2015-Q4,,,,,,,,,,,Требуется ручная проверка,0,
1037,"ООО РНКО ""Майма""",2016,93975.0,105456.0,1369.0,9127.0,19901.0,,,3608.0,25017.0,33284.0,,44916.0,16291.0,95467.0,,10.0,23427.0,468.0,7690.0,0.0,0.0,35505.0,27621.0,129858.0,6994.0,258.0,34655.0,0.0,0.0,,68116.0,68116.0,,,,,,,195.0,4309.0,3186.0,0.0,0.0,0.0,,,,,,,,,,,,,,34397.0,,,,,,,116.36,,,,,,,,,0.0,0.0,505.32,,0.0,0.0,0.0,,,,,,,,,137716.0,1,2016-01-01,2016-Q1,,,,,,,,,,,Требуется ручная проверка,0,
1037,"ООО РНКО ""Майма""",2016,93975.0,105314.0,1227.0,9127.0,13928.0,,,3111.0,26264.0,14454.0,,42705.0,13330.0,95461.0,,4.0,23430.0,768.0,,,,,,,,,,0.0,0.0,,59671.0,59671.0,,,,,,,,,,,,,,,,,,,,,,,,,,,,,,,,,104.65,,,,,,,,,0.0,0.0,1406.78,,0.0,0.0,0.0,,,,,,,,,124534.0,2,2016-04-01,2016-Q2,,,,,,,,,,,Требуется ручная проверка,0,
1043,"ЗАО ""ПРОМСБЕРБАНК""",2009,320000.0,883683.0,284320.0,262363.0,309253.0,320020.0,82553.0,895617.0,55441.0,319204.0,,4083751.0,3132652.0,3583202.0,362502.0,3220700.0,1957.0,30024.0,457145.0,281608.0,54.0,213980.0,6561.0,2287314.0,790506.0,21898.0,75533.0,,,,,,,,,,,,1167.0,432200.0,14757.0,2807.0,25975.0,0.0,,,,,,,,,,,,,,97431.0,,,,,,,,,,,,,,,,,,,,,,,,,,,,,,,,4,2009-10-01,2009-Q4,,,,,,,,,,,Требуется ручная проверка,0,
1043,"ЗАО ""ПРОМСБЕРБАНК""",2010,320000.0,883683.0,284320.0,262363.0,341620.0,94816.0,213456.0,679787.0,65609.0,421436.0,,3839509.0,3094113.0,3674811.0,298495.0,3376316.0,1614.0,41222.0,619987.0,383121.0,56.0,290760.0,8110.0,3189249.0,1189141.0,34180.0,69600.0,,,,,,,,,,,,1349.0,576837.0,22821.0,2825.0,33461.0,0.0,,,,,,,,,,,,,,103780.0,,,,,,,,,,,,,,,,,,,,,,,,,,,,,,,,1,2010-01-01,2010-Q1,,,,,,,,,,,Требуется ручная проверка,0,
1043,"ЗАО ""ПРОМСБЕРБАНК""",2010,320000.0,883683.0,284320.0,262363.0,359310.0,177239.0,81663.0,496655.0,49206.0,613847.0,,3745308.0,3199447.0,4086978.0,342682.0,3744296.0,1356.0,43248.0,159850.0,103549.0,0.0,55318.0,339.0,672804.0,275747.0,9856.0,8745.0,,,,,,,,,,,,345.0,134131.0,12065.0,6.0,7638.0,0.0,,,,,,,,,,,,,,18601.0,,,,,,,,,,,,,,,,,,,,,,,,,,,,,,,,2,2010-04-01,2010-Q2,,,,,,,,,,,Требуется ручная проверка,0,
1043,"ЗАО ""Промсбербанк""",2010,320000.0,1104848.0,505485.0,262363.0,355401.0,63539.0,86711.0,444930.0,44053.0,715666.0,,3822794.0,3333811.0,4218292.0,316994.0,3901298.0,1269.0,43432.0,318552.0,207032.0,0.0,129238.0,1924.0,1462732.0,588610.0,8041.0,20198.0,,,,,,,,,,,,530.0,265175.0,26197.0,15.0,14921.0,0.0,,,,,,,,,,,,,,28239.0,,,,,,,,,,,,,,,,,,,,,,,,,,,,,,,,3,2010-07-01,2010-Q3,,,,,,,,,,,Требуется ручная проверка,0,
1043,"ЗАО ""Промсбербанк""",2010,320000.0,1129721.0,505485.0,287236.0,317304.0,136247.0,181704.0,436284.0,46286.0,967809.0,,4023199.0,3540629.0,4927095.0,356508.0,4570587.0,700.0,49079.0,487169.0,323310.0,68.0,205220.0,2561.0,2092703.0,827734.0,6589.0,42381.0,,,,,,,,,,,,710.0,398135.0,43931.0,17.0,21702.0,0.0,,,,,,,,,,,,,,48970.0,,,,,,,,,,,,,,,,,,,,,,,,,,,,,,,,4,2010-10-01,2010-Q4,,,,,,,,,,,Требуется ручная проверка,0,
1043,"ЗАО ""Промсбербанк""",2011,,,,,,,,,,,,,,,,,,,672259.0,436852.0,93.0,286732.0,3531.0,2847156.0,1106508.0,11782.0,38721.0,,,,,,,,,,,,886.0,537680.0,64147.0,432.0,28904.0,0.0,,,,,,,,,,,,,,50503.0,,,,,,,,,,,,,,,,,,,,,,,,,,,,,,,,1,2011-01-01,2011-Q1,,,,,,,,,,,Требуется ручная проверка,0,
1043,"ЗАО ""Промсбербанк""",2011,320000.0,1129721.0,505485.0,287236.0,360930.0,72902.0,69620.0,533177.0,45784.0,1221458.0,,4840252.0,4261291.0,5125316.0,377928.0,4747388.0,481.0,54335.0,174012.0,104926.0,70.0,65701.0,644.0,495786.0,107992.0,3156.0,8491.0,,,,,,,,,,,,200.0,141035.0,23749.0,278.0,6809.0,0.0,,,,,,,,,,,,,,11647.0,,,,,,,,,,14.8,22.13,62.66,110.02,389.09,0.0,1.71,2.22,,,,,,,,,,,,,,,2,2011-04-01,2011-Q2,,,,,,,,,,,Требуется ручная проверка,0,
1043,"ЗАО ""Промсбербанк""",2011,,,,,,,,,,,,,,,,,,,353609.0,205976.0,73.0,148295.0,1666.0,1164910.0,363638.0,6585.0,19422.0,,,,,,,,,,,,389.0,290728.0,45575.0,1012.0,14581.0,0.0,,,,,,,,,,,,,,26007.0,,,,,,,,,,14.07,27.66,71.05,101.35,407.21,0.0,2.21,2.25,,,,,,,,,,,,,,,3,2011-07-01,2011-Q3,,,,,,,,,,,Требуется ручная проверка,0,
1043,"ЗАО ""Промсбербанк""",2011,320000.0,1140264.0,505485.0,297779.0,349915.0,173342.0,181603.0,577208.0,32653.0,1158419.0,,4833405.0,4223544.0,4960426.0,596874.0,4363552.0,396.0,88032.0,536518.0,290459.0,113.0,237987.0,2991.0,1814416.0,505314.0,11427.0,39648.0,,,,,,,,,,,,585.0,434727.0,69281.0,1673.0,23245.0,0.0,,,,,,,,,,,,,,51075.0,,,,,,,,,,14.02,25.92,57.2,108.82,392.58,0.0,2.16,2.68,,,,,,,,,,,,,,,4,2011-10-01,2011-Q4,,,,,,,,,,,Требуется ручная проверка,0,
1043,"ЗАО ""Промсбербанк""",2012,,,,,,,,,,,,,,,,,,,710670.0,359895.0,179.0,332615.0,5627.0,2597340.0,764586.0,8222.0,51632.0,,,,,,,,,,,,753.0,577551.0,87048.0,2933.0,33255.0,0.0,,,,,,,,,,,,,,59854.0,,,,,,,,,,13.89,40.48,64.74,114.38,396.65,0.0,2.5,2.66,,,,,,,,,,,,,,,1,2012-01-01,2012-Q1,,,,,,,,,,,Требуется ручная проверка,0,
1043,"ЗАО ""Промсбербанк""",2012,320000.0,1142206.0,507427.0,297779.0,333598.0,99465.0,36629.0,616755.0,27504.0,909034.0,,5283868.0,4639609.0,4893380.0,834261.0,4059119.0,367.0,88659.0,173755.0,67358.0,0.0,78068.0,1622.0,585021.0,146857.0,1215.0,36261.0,,,,,,,,,,,,159.0,146807.0,17084.0,1186.0,13292.0,0.0,,,,,,,,,,,,,,37476.0,,,,,,,,,,13.86,30.13,54.28,109.64,386.34,0.0,2.43,2.61,,,,,,,,,,,,,,,2,2012-04-01,2012-Q2,,,,,,,,,,,Требуется ручная проверка,0,
1043,"ЗАО ""Промсбербанк""",2012,320000.0,1188916.0,508917.0,342999.0,401425.0,123803.0,182403.0,599708.0,27806.0,713912.0,,5311148.0,4683634.0,4245538.0,715982.0,3529556.0,448.0,81211.0,340977.0,126538.0,0.0,171794.0,5053.0,1283272.0,324754.0,23778.0,33192.0,,,,,,,,,,,,302.0,296543.0,31260.0,2888.0,24816.0,0.0,,,,,,,,,,,,,,56970.0,,,,,,,,,,15.01,37.23,61.62,106.93,343.85,0.0,2.41,0.0,,,,,,,,,,,,,,,3,2012-07-01,2012-Q3,,,,,,,,,,,Требуется ручная проверка,0,
1043,"ЗАО ""Промсбербанк""",2012,320000.0,1188916.0,508917.0,342999.0,349084.0,132762.0,308244.0,623701.0,33220.0,677059.0,,5129047.0,4472126.0,4403212.0,775399.0,3627813.0,656.0,81020.0,509009.0,191789.0,97.0,265138.0,8538.0,2018301.0,576282.0,20452.0,44007.0,,,,,,,,,,,,449.0,446906.0,43634.0,2888.0,37551.0,0.0,,,,,,,,,,,,,,64459.0,,,,,,,,,,13.87,61.79,91.03,89.55,352.71,0.0,2.32,0.0,,,,,,,,,,,,,,,4,2012-10-01,2012-Q4,,0409135,,,,,,,,,Требуется ручная проверка,0,
1043,"ЗАО ""Промсбербанк""",2013,320000.0,1188916.0,508917.0,342999.0,342719.0,181624.0,156023.0,582523.0,40880.0,2125323.0,,4977353.0,4353950.0,5907726.0,1004942.0,4902784.0,597.0,100826.0,699804.0,301121.0,97.0,362534.0,9783.0,2663160.0,780856.0,23129.0,51869.0,,,,,,,,,,,,576.0,589763.0,79291.0,3186.0,57554.0,0.0,,,,,,,,,,,,,,74998.0,,,,,,,,,,11.7,42.72,94.47,73.02,473.99,0.0,1.87,0.0,,,,,,,,,,,,,,,1,2013-01-01,2013-Q1,,,,,,,,,,,Требуется ручная проверка,0,
1043,"ЗАО ""Промсбербанк""",2013,320000.0,1206449.0,526450.0,342999.0,346774.0,156653.0,524492.0,537183.0,41246.0,2136929.0,,4879130.0,4300701.0,5941008.0,820273.0,5120735.0,422.0,104148.0,182518.0,105723.0,0.0,77955.0,687.0,501452.0,122403.0,3777.0,5423.0,,,,,,,,,,,,108.0,138581.0,40090.0,271.0,12571.0,0.0,,,,,,,,,,,,,,9200.0,,,,,,,,,,11.48,33.71,83.42,81.88,472.0,0.0,2.08,0.0,,,,,,,,,960883.0,,,,,,2,2013-04-01,2013-Q2,,0409135,,,,,,,,,Требуется ручная проверка,0,
1043,"ЗАО ""Промсбербанк""",2013,320000.0,1261564.0,526450.0,398114.0,347403.0,188000.0,597156.0,644806.0,44884.0,1505167.0,,5254748.0,4565058.0,6114302.0,820518.0,5293784.0,377.0,102976.0,352853.0,219026.0,0.0,179129.0,14891.0,1346169.0,431537.0,5979.0,8860.0,,,,,,,,,,,,146.0,296189.0,51378.0,1811.0,25657.0,0.0,,,,,,,,,,,,,,14839.0,,,,,,,,,,11.3,25.04,51.58,62.41,367.95,0.0,1.89,0.0,,,,,,,,,735297.0,,,,,,3,2013-07-01,2013-Q3,,0409135,,,,,,,,,Требуется ручная проверка,0,
1043,"ЗАО ""Промсбербанк""",2013,320000.0,1258589.0,523475.0,398114.0,265365.0,522896.0,593033.0,670864.0,63794.0,2063145.0,,4657776.0,3923118.0,6064955.0,855271.0,5209684.0,288.0,110591.0,514851.0,332187.0,49.0,294226.0,43869.0,2157253.0,769176.0,10735.0,11360.0,,,,,,,,,,,,198.0,446004.0,61266.0,1853.0,41444.0,0.0,,,,,,,,,,,,,,22095.0,,,,,,,,,,11.28,60.46,71.98,51.94,336.43,0.0,2.2,0.0,,,,,,,,,1695109.0,,,,,,4,2013-10-01,2013-Q4,,0409135,,,,,,,,,Требуется ручная проверка,0,
1043,"ЗАО ""Промсбербанк""",2014,320000.0,1258589.0,503011.0,418578.0,463471.0,203011.0,49399.0,574901.0,77871.0,467082.0,,6121072.0,5468300.0,5422024.0,750631.0,4671393.0,394.0,103313.0,722508.0,436558.0,49.0,398670.0,59212.0,2971272.0,1205514.0,5076.0,92511.0,,,,,,,,,,,,220.0,636245.0,68694.0,2129.0,58519.0,65.0,,,,,,,,,,,,,,97587.0,,,,,,,,,,16.43,22.7,51.42,41.47,358.53,0.0,1.71,0.0,,,,,,,,,577598.0,,,,,,1,2014-01-01,2014-Q1,,,,,,,,,,,Требуется ручная проверка,0,
1043,"ЗАО ""Промсбербанк""",2014,320000.0,1258590.0,502785.0,418805.0,250469.0,173149.0,121850.0,545008.0,74356.0,313704.0,,6786746.0,6167382.0,5112047.0,956115.0,4155932.0,476.0,66713.0,238269.0,106283.0,0.0,142343.0,89796.0,630635.0,99298.0,134.0,10617.0,0.0,0.0,,257480.0,257480.0,,,,,,,13.0,228204.0,6070.0,0.0,15662.0,4390.0,,,,,,,,,,,,,,10751.0,,,,,8.32,8.32,16.11,,,,23.72,66.46,27.77,341.82,0.0,1.44,0.0,,,,,,,,,520336.0,,,,,1551909.0,2,2014-04-01,2014-Q2,,,,,,,,,,,Требуется ручная проверка,0,
1043,"ЗАО ""Промсбербанк""",2014,275000.0,,0.0,418805.0,,,,,,,,,,,,,,,468348.0,228416.0,0.0,367607.0,195155.0,1379952.0,195117.0,11059.0,18870.0,0.0,0.0,,256720.0,256720.0,,,,,,,14.0,447998.0,12046.0,1670.0,27132.0,5496.0,,,,,,,,,,,,,,7811.0,,,,,7.81,7.81,15.19,,,,69.3,77.55,26.18,358.5,0.0,2.22,0.0,,,,,,,,,1069605.0,,,,,1454425.0,3,2014-07-01,2014-Q3,,,,,,,,,,,Требуется ручная проверка,0,
1043,"ЗАО ""Промсбербанк""",2014,320000.0,1401679.0,602797.0,418805.0,284568.0,189539.0,207939.0,409463.0,47146.0,329682.0,,6490085.0,6033476.0,6036209.0,497588.0,5538621.0,212.0,66721.0,707761.0,364104.0,1.0,522632.0,314262.0,2669397.0,405149.0,10587.0,50029.0,0.0,0.0,,255960.0,255960.0,,,,,,,15.0,675691.0,18301.0,3035.0,36931.0,5496.0,,,,,,,,,,,,,,60616.0,,,,,7.47,7.47,15.18,,,,66.69,89.03,38.29,349.67,0.0,2.89,0.0,,,,,,,,,881756.0,,,,,1394330.0,4,2014-10-01,2014-Q4,,,,,,,,,,,Требуется ручная проверка,0,
1043,"ЗАО ""Промсбербанк""",2015,320000.0,1401679.0,602797.0,418805.0,318086.0,77303.0,8171.0,547504.0,1174247.0,225928.0,,6750091.0,5028340.0,5721895.0,493088.0,5228807.0,178.0,216166.0,963715.0,488382.0,1.0,766379.0,455499.0,4952675.0,1915156.0,15117.0,102810.0,0.0,0.0,,254550.0,254550.0,,,,,,,16.0,921866.0,23439.0,3035.0,46263.0,5529.0,,,,,,,,,,,,,,87693.0,,,,,8.64,8.64,15.86,,,,68.2,90.02,51.04,323.78,0.0,2.15,0.0,,,,,,,,,1149490.0,,,,,1531481.0,1,2015-01-01,2015-Q1,,,,,,,,,,,Требуется ручная проверка,0,
1046,"ООО КБ ""ГЕФЕСТ""",2007,,6999.0,29.0,,11332.0,20367.0,3000.0,11261.0,645.0,,,28536.0,16630.0,10276.0,5000.0,5276.0,,1084.0,4884.0,0.0,0.0,0.0,252.0,11219.0,1.0,0.0,1526.0,,,,,,,,,,,,,,,,,,,,,,,,,,,,,,,,,,,,,,,,,,,,,,,,,,,,,,,,,,,,,,,1,2007-01-01,2007-Q1,,,,,,,,,,,Требуется ручная проверка,0,
1046,"ООО КБ ""ГЕФЕСТ""",2007,0.0,7069.0,29.0,,15017.0,24629.0,2000.0,11771.0,615.0,,,30507.0,18121.0,9617.0,5000.0,4617.0,,1145.0,1365.0,0.0,0.0,0.0,84.0,2948.0,0.0,0.0,452.0,,,,,,,,,,,,,,,,,,,,,,,,,,,,,,,,,,,,,,,,,,,,,,,,,,,,,,,,,,,,,,,2,2007-04-01,2007-Q2,,,,,,,,,,,Требуется ручная проверка,0,
1046,"ООО КБ ""ГЕФЕСТ""",2007,6300.0,9125.0,29.0,,9526.0,58077.0,,13181.0,581.0,,,32285.0,18523.0,7912.0,2000.0,5912.0,,1452.0,2881.0,0.0,0.0,0.0,117.0,6429.0,2.0,0.0,1026.0,,,,,,,,,,,,,,,,,,,,,,,,,,,,,,,,,,,,,,,,,,,,,,,,,,,,,,,,,,,,,,,3,2007-07-01,2007-Q3,,,,,,,,,,,Требуется ручная проверка,0,
1046,"ООО КБ ""ГЕФЕСТ""",2007,6300.0,9170.0,29.0,,12370.0,55807.0,,14720.0,535.0,,,33798.0,18543.0,9777.0,2000.0,7777.0,,2110.0,4456.0,0.0,0.0,0.0,150.0,9992.0,4.0,0.0,1687.0,,,,,,,,,,,,,,,,,,,,,,,,,,,,,,,,,,,,,,,,,,,,,,,,,,,,,,,,,,,,,,,4,2007-10-01,2007-Q4,,,,,,,,,,,Требуется ручная проверка,0,
1046,"ООО КБ ""ГЕФЕСТ""",2008,6300.0,9237.0,29.0,,15463.0,51159.0,,18179.0,495.0,,,33814.0,15140.0,9126.0,2000.0,7126.0,,1536.0,5893.0,0.0,0.0,0.0,184.0,14413.0,5.0,0.0,1849.0,,,,,,,,,,,,,,,,,,,,,,,,,,,,,,,,,,,,,,,,,,,,,,,,,,,,,,,,,,,,,,,1,2008-01-01,2008-Q1,,,,,,,,,,,Требуется ручная проверка,0,
1046,"ООО КБ ""ГЕФЕСТ""",2008,6300.0,9772.0,11.0,2484.0,17649.0,51911.0,0.0,15314.0,330.0,,,40095.0,24451.0,5826.0,,5826.0,,1920.0,1818.0,90.0,0.0,2467.0,0.0,3873.0,378.0,0.0,801.0,,,,,,,,,,,,133.0,1685.0,0.0,0.0,90.0,0.0,,,,,,,,,,,,,,,,,,,,,,,,,,,,,,,,,,,,,,,,,,,,,,2,2008-04-01,2008-Q2,,,,,,,,,,,Требуется ручная проверка,0,
1046,"ООО КБ ""ГЕФЕСТ""",2008,6300.0,9734.0,11.0,2446.0,12696.0,37051.0,,15687.0,294.0,,,41846.0,25865.0,7079.0,,7079.0,,2046.0,3795.0,172.0,0.0,5367.0,0.0,8428.0,813.0,0.0,1574.0,,,,,,,,,,,,295.0,3500.0,0.0,0.0,172.0,0.0,,,,,,,,,,,,,,,,,,,,,,,,,,,,,,,,,,,,,,,,,,,,,,3,2008-07-01,2008-Q3,,,,,,,,,,,Требуется ручная проверка,0,
1046,"ООО КБ ""ГЕФЕСТ""",2008,6300.0,9734.0,11.0,2446.0,13068.0,46445.0,,16638.0,468.0,,,40278.0,23172.0,7378.0,,7378.0,,2443.0,5924.0,264.0,0.0,8469.0,0.0,13040.0,1510.0,0.0,2890.0,,,,,,,,,,,,624.0,5300.0,0.0,0.0,264.0,0.0,,,,,,,,,,,,,,,,,,,,,,,,,,,,,,,,,,,,,,,,,,,,,,4,2008-10-01,2008-Q4,,,,,,,,,,,Требуется ручная проверка,0,
1046,"ООО КБ ""ГЕФЕСТ""",2009,6300.0,9734.0,11.0,2446.0,13499.0,37888.0,,16623.0,270.0,,,33902.0,17009.0,5491.0,,5491.0,,160.0,7890.0,381.0,0.0,11665.0,0.0,17415.0,2220.0,0.0,4407.0,,,,,,,,,,,,950.0,6940.0,0.0,0.0,381.0,0.0,,,,,,,,,,,,,,,,,,,,,,,,,,,,,,,,,,,,,,,,,,,,,,1,2009-01-01,2009-Q1,,,,,,,,,,,Требуется ручная проверка,0,
1046,"ООО КБ ""ГЕФЕСТ""",2009,6300.0,9734.0,11.0,2446.0,10819.0,39661.0,,16595.0,277.0,,,38309.0,21437.0,5539.0,,5539.0,,150.0,2057.0,155.0,0.0,2389.0,0.0,4071.0,357.0,137.0,732.0,,,,,,,,,,,,364.0,1693.0,0.0,0.0,155.0,0.0,,,,,,,,,,,,,,869.0,,,,,,,,,,,,,,,,,,,,,,,,,,,,,,,,2,2009-04-01,2009-Q2,,,,,,,,,,,Требуется ручная проверка,0,
1046,"ООО КБ ""ГЕФЕСТ""",2009,7000.0,11306.0,11.0,3142.0,12734.0,36629.0,,13094.0,313.0,,,33330.0,19923.0,6328.0,,6328.0,,143.0,4225.0,335.0,0.0,5045.0,0.0,8587.0,750.0,299.0,1433.0,,,,,,,,,,,,903.0,3322.0,0.0,0.0,335.0,0.0,,,,,,,,,,,,,,1732.0,,,,,,,,,,,,,,,,,,,,,,,,,,,,,,,,3,2009-07-01,2009-Q3,,,,,,,,,,,Требуется ручная проверка,0,
1046,"ООО КБ ""ГЕФЕСТ""",2009,7000.0,11306.0,11.0,3142.0,16988.0,37164.0,,11469.0,320.0,,,25666.0,13877.0,6103.0,,6103.0,,666.0,6371.0,516.0,0.0,7829.0,0.0,13270.0,1223.0,537.0,2153.0,,,,,,,,,,,,1689.0,4682.0,0.0,0.0,516.0,0.0,,,,,,,,,,,,,,2690.0,,,,,,,,,,,,,,,,,,,,,,,,,,,,,,,,4,2009-10-01,2009-Q4,,,,,,,,,,,Требуется ручная проверка,0,
1046,"ООО КБ ""ГЕФЕСТ""",2010,7000.0,11306.0,11.0,3142.0,12817.0,30322.0,,9775.0,316.0,,,19707.0,9616.0,9120.0,,9120.0,,927.0,8275.0,717.0,0.0,10890.0,0.0,19136.0,1693.0,721.0,1724.0,,,,,,,,,,,,2571.0,5704.0,0.0,0.0,717.0,0.0,,,,,,,,,,,,,,2445.0,,,,,,,,,,,,,,,,,,,,,,,,,,,,,,,,1,2010-01-01,2010-Q1,,,,,,,,,,,Требуется ручная проверка,0,
1046,"ООО КБ ""ГЕФЕСТ""",2010,87000.0,91306.0,11.0,3142.0,20735.0,157504.0,,11114.0,319.0,,,25567.0,14134.0,8566.0,,8566.0,,887.0,2011.0,183.0,0.0,2375.0,0.0,7191.0,975.0,0.0,1830.0,,,,,,,,,,,,635.0,1376.0,0.0,0.0,183.0,0.0,,,,,,,,,,,,,,1830.0,,,,,,,,,,,,,,,,,,,,,,,,,,,,,,,,2,2010-04-01,2010-Q2,,,,,,,,,,,Требуется ручная проверка,0,
1046,"ООО КБ ""Гефест""",2010,87000.0,93036.0,11.0,4785.0,19467.0,91123.0,,59141.0,381.0,,,96850.0,37328.0,8083.0,,8083.0,,1026.0,6238.0,347.0,0.0,5612.0,0.0,15501.0,2258.0,0.0,1340.0,,,,,,,,,,,,941.0,5297.0,0.0,0.0,347.0,0.0,,,,,,,,,,,,,,1340.0,,,,,,,,,,,,,,,,,,,,,,,,,,,,,,,,3,2010-07-01,2010-Q3,,,,,,,,,,,Требуется ручная проверка,0,
1046,"ООО КБ ""Гефест""",2010,87000.0,93036.0,11.0,4785.0,20679.0,87845.0,,58174.0,356.0,,,93696.0,35166.0,8597.0,1239.0,7358.0,,1160.0,10764.0,517.0,0.0,9085.0,0.0,23990.0,4593.0,0.0,499.0,,,,,,,,,,,,1382.0,9382.0,0.0,0.0,2.0,0.0,,,,,,,,,,,,,,499.0,,,,,,,,,,,,,,,,,,,,,,,,,,,,,,,,4,2010-10-01,2010-Q4,,,,,,,,,,,Требуется ручная проверка,0,
1046,"ООО КБ ""Гефест""",2011,,,,,,,,,,,,,,,,,,,16465.0,696.0,0.0,13315.0,0.0,34975.0,7881.0,496.0,2779.0,,,,,,,,,,,,1996.0,14469.0,0.0,0.0,10.0,0.0,,,,,,,,,,,,,,3275.0,,,,,,,,,,,,,,,,,,,,,,,,,,,,,,,,1,2011-01-01,2011-Q1,,,,,,,,,,,Требуется ручная проверка,0,
1046,"ООО КБ ""Гефест""",2011,130000.0,136036.0,11.0,4785.0,31120.0,76614.0,,71865.0,451.0,,,199481.0,127165.0,10259.0,1239.0,9020.0,,1885.0,6486.0,271.0,,3464.0,,9987.0,4367.0,551.0,4331.0,,,,,,,,,,,,542.0,5944.0,,93.0,8.0,,,,,,,,,,,,,,,4882.0,,,,,,,,,,105.36,87.46,129.95,28.81,59.77,0.14,0.98,0.0,,,,,,,,,,,,,,,2,2011-04-01,2011-Q2,,,,,,,,,,,Требуется ручная проверка,0,
1046,"ООО КБ ""Гефест""",2011,,,,,,,,,,,,,,,,,,,12462.0,445.0,,7498.0,,22332.0,8307.0,1367.0,6012.0,,,,,,,,,,,,1048.0,11414.0,,93.0,15.0,,,,,,,,,,,,,,,7379.0,,,,,,,,,,80.67,69.56,97.82,33.88,78.93,0.24,0.76,0.0,,,,,,,,,,,,,,,3,2011-07-01,2011-Q3,,,,,,,,,,,Требуется ручная проверка,0,
1046,"ООО КБ ""Гефест""",2011,180000.0,188488.0,11.0,7115.0,25166.0,113294.0,0.0,49522.0,197.0,,,165243.0,115524.0,9973.0,,9973.0,,2621.0,19605.0,605.0,,12221.0,,34654.0,12113.0,2143.0,9455.0,,,,,,,,,,,,1826.0,17779.0,,93.0,17.0,,,,,,,,,,,,,,,11598.0,,,,,,,,,,74.14,68.78,117.72,26.49,89.27,0.18,0.62,0.0,,,,,,,,,,,,,,,4,2011-10-01,2011-Q4,,,,,,,,,,,Требуется ручная проверка,0,
1046,"ООО КБ ""Гефест""",2012,,,,,,,,,,,,,,,,,,,27978.0,759.0,,16968.0,11.0,49291.0,17323.0,2972.0,13730.0,,,,,,,,,,,,2378.0,25600.0,,93.0,17.0,,,,,,,,,,,,,,,16702.0,,,,,,,,,,68.53,57.48,104.41,33.87,88.35,1.86,0.59,0.0,,,,,,,,,,,,,,,1,2012-01-01,2012-Q1,,,,,,,,,,,Требуется ручная проверка,0,
1046,"ООО КБ ""Гефест""",2012,180000.0,188488.0,11.0,7115.0,18764.0,159841.0,143000.0,48181.0,413.0,,,205893.0,157299.0,8905.0,,8905.0,,2938.0,9911.0,145.0,,3589.0,55.0,11257.0,2602.0,816.0,5256.0,,,,,,,,,,,,0.0,9911.0,,,145.0,,,,,,,,,,,,,,,6072.0,,,,,,,,,,74.84,68.49,124.07,32.71,76.15,0.81,0.47,0.0,,,,,,,,,,,,,,,2,2012-04-01,2012-Q2,,,,,,,,,,,Требуется ручная проверка,0,
1046,"ООО КБ ""Гефест""",2012,180000.0,201598.0,11.0,19569.0,14716.0,95094.0,105000.0,27027.0,951.0,,,213466.0,185488.0,9016.0,,9016.0,,2930.0,19690.0,293.0,,8304.0,547.0,33258.0,10982.0,1556.0,7741.0,,,,,,,,,,,,36.0,19654.0,,,293.0,,,,,,,,,,,,,,,9297.0,,,,,,,,,,71.4,54.54,110.31,19.64,80.49,0.87,0.38,0.0,,,,,,,,,,,,,,,3,2012-07-01,2012-Q3,,,,,,,,,,,Требуется ручная проверка,0,
1046,"ООО КБ ""Гефест""",2012,180000.0,201598.0,11.0,19569.0,13006.0,61888.0,150000.0,20307.0,516.0,,,225442.0,204619.0,8587.0,,8587.0,,2556.0,30486.0,438.0,,12439.0,641.0,54409.0,22368.0,2872.0,14285.0,,,,,,,,,,,,71.0,30415.0,,,438.0,,,,,,,,,,,,,,,17157.0,,,,,,,,,,58.22,48.7,82.21,32.48,117.36,0.84,0.32,0.0,,,,,,,,,,,,,,,4,2012-10-01,2012-Q4,,0409135,,,,,,,,,Требуется ручная проверка,0,
1046,"ООО КБ ""Гефест""",2013,180000.0,201598.0,11.0,19569.0,13448.0,55856.0,165000.0,19776.0,4370.0,,,243572.0,219426.0,9183.0,1000.0,8183.0,,3005.0,41774.0,622.0,,16340.0,703.0,76745.0,32464.0,4025.0,18350.0,,,,,,,,,,,,113.0,41661.0,,,50.0,,,,,,,,,,,,,,,22375.0,,,,,,,,,,66.23,73.26,124.4,16.79,100.35,5.37,0.26,0.0,,,,,,,,,,,,,,,1,2013-01-01,2013-Q1,,,,,,,,,,,Требуется ручная проверка,0,
1046,"ООО КБ ""Гефест""",2013,235000.0,256598.0,11.0,19569.0,25274.0,53808.0,210000.0,17546.0,19188.0,,,219718.0,182984.0,8202.0,1000.0,7202.0,,3123.0,8276.0,154.0,,3220.0,51.0,38624.0,9435.0,,17047.0,,,,,,,,,,,,95.0,8181.0,,,39.0,,,,,,,,,,,,,,,17047.0,,,,,,,,,,92.51,147.71,152.43,5.5,63.53,1.05,0.17,0.0,,,,,,,,,266185.0,,,,,,2,2013-04-01,2013-Q2,,0409135,,,,,,,,,Требуется ручная проверка,0,
1046,"ООО КБ ""Гефест""",2013,235000.0,266720.0,11.0,29185.0,27682.0,44820.0,125000.0,16032.0,40696.0,,,372328.0,315600.0,7391.0,,7391.0,,2899.0,19528.0,354.0,,7235.0,121.0,101463.0,54688.0,,18306.0,,,,,,,,,,,,97.0,19431.0,,,121.0,,,,,,,,,,,,,,,18306.0,,,,,,,,,,72.06,65.91,115.55,40.17,83.7,0.94,0.21,0.0,,,,,,,,,169135.0,,,,,,3,2013-07-01,2013-Q3,,0409135,,,,,,,,,Требуется ручная проверка,0,
1046,"ООО КБ ""Гефест""",2013,235000.0,266720.0,11.0,29185.0,24299.0,52785.0,170000.0,28008.0,33508.0,,,302130.0,240614.0,7967.0,,7967.0,,7430.0,30781.0,484.0,,11882.0,186.0,122832.0,67596.0,,10513.0,,,,,,,,,,,,118.0,30663.0,,,121.0,,,,,,,,,,,,,,,10513.0,,,,,,,,,,65.65,55.57,109.19,42.79,83.2,1.96,0.19,0.0,,,,,,,,,135026.0,,,,,,4,2013-10-01,2013-Q4,,0409135,,,,,,,,,Требуется ручная проверка,0,
1046,"ООО КБ ""Гефест""",2014,235000.0,266720.0,11.0,29185.0,18432.0,91898.0,215000.0,26076.0,44377.0,,,327221.0,256768.0,7272.0,,7272.0,,3202.0,42608.0,621.0,,16059.0,287.0,144260.0,83035.0,,10.0,,,,,,,,,,,,121.0,42422.0,,,121.0,,,,,,,,,,,,,,,10.0,,,,,,,,,,77.87,60.51,120.71,31.8,71.54,2.25,0.13,0.0,,,,,,,,,177687.0,,,,,,1,2014-01-01,2014-Q1,,,,,,,,,,,Требуется ручная проверка,0,
1046,"ООО КБ ""Гефест""",2014,235000.0,266720.0,11.0,29185.0,17561.0,175610.0,160000.0,15769.0,55386.0,,,281125.0,209970.0,21623.0,0.0,7623.0,,3010.0,10564.0,352.0,,3650.0,196.0,21028.0,11302.0,714.0,6022.0,,,,14000.0,14000.0,,,,,,,19.0,9782.0,,,21.0,,,,,,,,,,,,,,,6736.0,,,,,66.87,66.87,71.51,,,,87.02,128.13,21.72,73.0,0.8,0.14,0.0,,,,,,,,,206229.0,,,,,284691.0,2,2014-04-01,2014-Q2,,,,,,,,,,,Требуется ручная проверка,0,
1046,"ООО КБ ""Гефест""",2014,235000.0,,,28694.0,,,,,,,,,,,,,,,24758.0,773.0,,8001.0,265.0,71925.0,60496.0,1171.0,23818.0,,,,14000.0,14000.0,,,,,,,74.0,23921.0,,,110.0,,,,,,,,,,,,,,,24989.0,,,,,47.23,47.23,53.7,,,,59.78,91.87,24.62,84.55,0.72,0.06,0.0,,,,,,,,,215091.0,,,,,302695.0,3,2014-07-01,2014-Q3,,,,,,,,,,,Требуется ручная проверка,0,
1046,"ООО КБ ""Гефест""",2014,235000.0,266231.0,13.0,28694.0,29463.0,100615.0,140000.0,9636.0,3955.0,,,364721.0,351130.0,20358.0,0.0,6358.0,,3107.0,41060.0,1207.0,,12166.0,446.0,101529.0,78987.0,7250.0,35109.0,,,,14000.0,14000.0,,,,,,,92.0,40205.0,,,226.0,,,,,,,,,,,,,,,42359.0,,,,,49.6,49.6,58.52,,,,68.58,93.87,20.81,71.69,0.71,0.05,0.0,,,,,,,,,186361.0,,,,,314119.0,4,2014-10-01,2014-Q4,,,,,,,,,,,Требуется ручная проверка,0,
1046,"ООО КБ ""Гефест""",2015,235000.0,266229.0,11.0,28694.0,14965.0,67668.0,160000.0,9549.0,4601.0,,,363474.0,349324.0,19465.0,0.0,5465.0,,2933.0,57667.0,1463.0,,20318.0,3632.0,160929.0,102900.0,8088.0,39379.0,,,,14000.0,14000.0,,,,,,,131.0,56773.0,,,226.0,,,,,,,,,,,,,,,47467.0,,,,,47.77,47.77,55.3,,,,74.15,82.34,23.13,78.14,0.12,0.35,0.0,,,,,,,,,158709.0,,,,,317215.0,1,2015-01-01,2015-Q1,,,,,,,,,,,Требуется ручная проверка,0,
1046,"ООО КБ ""Гефест""",2015,235000.0,282539.0,16321.0,28694.0,22707.0,51843.0,80000.0,9696.0,7943.0,,,389340.0,371701.0,15696.0,,1696.0,,2433.0,16839.0,470.0,,6766.0,2413.0,33858.0,7774.0,418.0,1764.0,,,,14000.0,14000.0,,,,,,,4.0,16835.0,,,235.0,,,,,,,,,,,,,,,2182.0,,,,,47.77,47.77,58.47,,,,57.49,79.56,30.92,69.49,0.0,0.01,0.0,,,,,,,,,124041.0,,,,,331532.0,2,2015-04-01,2015-Q2,,,,,,,,,,,Требуется ручная проверка,0,
1046,"ООО КБ ""Гефест""",2015,235000.0,323923.0,19583.0,64910.0,31927.0,49637.0,110000.0,8372.0,24177.0,,,388662.0,356113.0,15141.0,0.0,1141.0,,2086.0,33648.0,833.0,,10177.0,2439.0,81853.0,21232.0,359.0,19911.0,,,,14000.0,14000.0,,,,,,,17.0,33631.0,,,375.0,,,,,,,,,,,,,,,19552.0,,,,,55.16,55.16,61.6,,,,77.9,96.27,27.75,61.67,0.0,0.11,0.0,,,,,,,,,155657.0,,,,,349894.0,3,2015-07-01,2015-Q3,,,,,,,,,,,Требуется ручная проверка,0,
1046,"ООО КБ ""Гефест""",2015,235000.0,,,64910.0,,,,,,,,,,,,,,,49591.0,1057.0,,13905.0,2440.0,125413.0,40198.0,4888.0,16646.0,,,,14000.0,14000.0,,,,,,,24.0,49567.0,,,375.0,,,,,,,,,,,,,,,21534.0,,,,,53.48,53.48,59.21,,,,89.67,89.6,41.35,73.52,0.0,0.09,0.0,,,,,,,,,215155.0,,,,,346663.0,4,2015-10-01,2015-Q4,,,,,,,,,,,Требуется ручная проверка,0,
1046,"ООО КБ ""Гефест""",2016,235000.0,323923.0,19583.0,64910.0,94613.0,46299.0,55000.0,6364.0,44359.0,,,418723.0,368000.0,23464.0,0.0,9464.0,0.0,1538.0,63954.0,1363.0,,17904.0,2535.0,168993.0,53743.0,4496.0,7269.0,,,,14000.0,14000.0,,,,,,,26.0,63928.0,,,390.0,,,,,,,,,,,,,,,11765.0,,,,,57.08,57.08,61.55,,,,105.91,99.81,33.09,54.18,0.0,0.08,0.0,,,,,,,,,217816.0,,,,,338219.0,1,2016-01-01,2016-Q1,,,,,,,,,,,Требуется ручная проверка,0,
1046,"ООО КБ ""Гефест""",2016,235000.0,323923.0,19583.0,64910.0,78438.0,60736.0,65000.0,4056.0,47614.0,,,391044.0,339374.0,32401.0,,18401.0,2.0,1619.0,11854.0,628.0,0.0,300.0,0.0,13759.0,315.0,0.0,9072.0,,,,13300.0,13300.0,,,,,,,61.0,11793.0,0.0,0.0,88.0,0.0,,,,,,,,,,,,,,9072.0,,,0.0,9072.0,56.25,56.25,61.35,,,,110.46,109.67,26.57,50.68,0.0,0.07,0.0,,,,,,,,,177980.0,,,,,327926.0,2,2016-04-01,2016-Q2,,,,,,,,,,,Требуется ручная проверка,0,
1046,"ООО КБ ""Гефест""",2016,235000.0,,,71378.0,,,,,,,,,,,,,,,25050.0,1341.0,,500.0,0.0,25774.0,614.0,239.0,3440.0,,,,12600.0,12600.0,,,,,,,64.0,24986.0,0.0,0.0,88.0,0.0,,,,,,,,,,,,,,3201.0,,,0.0,3440.0,55.93,55.93,58.85,,,,121.13,117.56,22.71,54.15,0.0,0.08,0.0,,,,,,,,,228557.0,,,,,332965.0,3,2016-07-01,2016-Q3,,,,,,,,,,,Требуется ручная проверка,0,
1046,"ООО КБ ""Гефест""",2016,235000.0,330731.0,19583.0,71378.0,41071.0,50097.0,70000.0,28611.0,58926.0,,,390816.0,303279.0,38834.0,,24834.0,2.0,1228.0,36864.0,2133.0,0.0,1178.0,0.0,37339.0,1868.0,86.0,6572.0,,,,11900.0,11900.0,,,,,,,69.0,36471.0,0.0,0.0,88.0,0.0,,,,,,,,,,,,,,6658.0,,,0.0,6572.0,53.75,53.75,57.55,,,,87.15,113.79,20.0,59.14,0.0,0.0,0.0,,,,,,,,,171414.0,,,,,342041.0,4,2016-10-01,2016-Q4,,,,,,,,,,,Требуется ручная проверка,0,
1046,"ООО КБ ""Гефест""",2017,235000.0,330731.0,19583.0,71378.0,49170.0,41728.0,46000.0,32017.0,64386.0,,,426672.0,330269.0,42077.0,,28077.0,2.0,1477.0,49797.0,2966.0,,1880.0,0.0,52267.0,2188.0,436.0,9881.0,,,,11200.0,11200.0,,,,,,,71.0,48142.0,,0.0,88.0,0.0,,,,,,,,,,,,,,9445.0,,,1461.0,8420.0,54.9,54.9,59.1,,,,83.05,115.86,19.3,59.66,0.0,0.1,0.0,,,,,,,,,123846.0,,,,,343290.0,1,2017-01-01,2017-Q1,,,,,,,,,,,Требуется ручная проверка,0,
1046,"ООО КБ ""Гефест""",2017,235000.0,329270.0,18122.0,71378.0,68213.0,52335.0,25000.0,27605.0,68790.0,,,417861.0,321466.0,34710.0,,20710.0,2.0,1403.0,14653.0,639.0,,600.0,0.0,13180.0,766.0,273.0,2354.0,,,,10500.0,10500.0,,,,,,,1294.0,13359.0,,0.0,432.0,,,,,,,,,,,,,,,2627.0,,,,2354.0,54.337,54.337,58.93,,,,79.316,111.937,15.188,65.849,0.0,0.084,0.0,,,,,,,,,125491.0,,,,,345783.0,2,2017-04-01,2017-Q2,,,,,,,,,,,Требуется ручная проверка,0,
1046,"ООО КБ ""Гефест""",2017,235000.0,339399.0,17831.0,81277.0,73070.0,55696.0,17000.0,26812.0,68372.0,,,450210.0,355026.0,46690.0,,32690.0,2.0,1364.0,28397.0,1453.0,,1200.0,0.0,23728.0,1144.0,958.0,8573.0,,,,9800.0,9800.0,,,,,,,2328.0,26069.0,,0.0,1037.0,,,,,,,,,,,,,,,7615.0,,,,8573.0,54.928,54.928,58.596,,,,90.588,123.132,9.803,54.21,0.0,0.066,0.0,,,,,,,,,175701.0,,,,,351338.0,3,2017-07-01,2017-Q3,,,,,,,,,,,Требуется ручная проверка,0,
1046,"ООО КБ ""Гефест""",2017,235000.0,339399.0,17831.0,81277.0,6695.0,139093.0,,43443.0,72430.0,,,442750.0,326877.0,42901.0,,28901.0,2.0,1656.0,41343.0,2241.0,,1883.0,,86007.0,48604.0,962.0,8254.0,,,,9100.0,9100.0,,,,,,,1.0,37660.0,,,1613.0,,,,,,,,,,,,,,,7292.0,,,,8254.0,60.716,60.716,64.402,,,,81.803,138.897,10.049,49.177,0.0,0.06,0.0,,,,,,,,,154485.0,,,,,350279.0,4,2017-10-01,2017-Q4,,,,,,,,,,,Требуется ручная проверка,0,
1046,"ООО КБ ""Гефест""",2018,235000.0,339399.0,17831.0,81277.0,49127.0,88577.0,,48756.0,98118.0,,,394510.0,247636.0,41040.0,,27040.0,2.0,1603.0,51894.0,2976.0,,2923.0,,100754.0,50030.0,1357.0,16761.0,,,,8400.0,8400.0,,,,,,,1.0,46654.0,,,2136.0,,,,,,,,,,,,,,,15404.0,,,245.0,16516.0,60.618,60.618,62.818,,,,106.319,143.541,7.015,37.702,0.0,0.05,0.0,,,,,,,,,158803.0,,,,,324833.0,1,2018-01-01,2018-Q1,,,,,,,,,,,Требуется ручная проверка,0,
1046,"ООО КБ ""Гефест""",2018,235000.0,339644.0,18076.0,81277.0,43086.0,119928.0,0.0,65553.0,88213.0,,,474439.0,320673.0,42143.0,,28143.0,2.0,1358.0,10441.0,696.0,,809.0,,12878.0,45.0,846.0,6037.0,,,,7700.0,7700.0,,,,,,,764.0,9677.0,,,489.0,,,,,,,,,,,,,,,6883.0,,,,6037.0,50.978,50.978,53.884,38.676,,,44.455,111.346,7.532,52.755,0.0,0.028,0.0,,,,,,,,,197100.0,,,,,331636.0,2,2018-04-01,2018-Q2,,,,,,,,,,,Требуется ручная проверка,0,
1046,"ООО КБ ""Гефест""",2018,235000.0,324753.0,18126.0,66336.0,34444.0,45988.0,97850.0,60096.0,40073.0,,,335963.0,235794.0,84959.0,40000.0,30959.0,4.0,3358.0,26090.0,2276.0,,840.0,,42330.0,161.0,6103.0,7143.0,,,,7000.0,7000.0,,,,,,,4117.0,21973.0,,,858.0,,,,,,,,,,,,,,,13246.0,,,,7143.0,61.885,61.885,65.169,52.242,,,99.117,141.528,4.78,26.095,0.0,0.017,0.0,,,,,,,,,211634.0,,,,,332100.0,3,2018-07-01,2018-Q3,,,,,,,,,,,Требуется ручная проверка,0,
1046,"ООО КБ ""Гефест""",2018,235000.0,324753.0,18126.0,66336.0,11411.0,35464.0,80000.0,30681.0,73060.0,,,373509.0,269768.0,43346.0,,29346.0,2.0,1821.0,36686.0,3202.0,,1115.0,,56960.0,18534.0,1959.0,14697.0,,,,6300.0,6300.0,,,,,,,6920.0,29766.0,,,1112.0,,,,,,,,,,,,,,,16656.0,,,,14697.0,62.037,62.037,66.638,56.472,,,107.03,158.656,3.798,20.843,0.0,0.0,0.0,,,,,,,,,199740.0,,,,,338841.0,4,2018-10-01,2018-Q4,,,,,,,,,,,Требуется ручная проверка,0,
1046,"ООО КБ ""Гефест""",2019,235000.0,324753.0,18126.0,66336.0,24062.0,36708.0,130000.0,32984.0,122702.0,,,289513.0,133827.0,44346.0,,30346.0,2.0,1571.0,46567.0,3912.0,,1580.0,,101812.0,48239.0,4920.0,25875.0,,,,5600.0,5600.0,,,,,,,9673.0,36894.0,,,1112.0,,,,,,,,,,,,,,,30795.0,,,14840.0,11035.0,,57.206,63.019,,,,,137.851,,,,,,,,,,,,,,,,,,,337392.0,1,2019-01-01,2019-Q1,,,,,,,,,,,Требуется ручная проверка,0,
1046,"ООО КБ ""Гефест""",2019,235000.0,306945.0,318.0,66336.0,9621.0,27092.0,70000.0,14990.0,158118.0,,,366743.0,193635.0,43902.0,,29902.0,2.0,439.0,27020.0,912.0,1.0,47.0,,13368.0,615.0,862.0,22946.0,,,,4900.0,4900.0,,,,,,,2615.0,24405.0,,,226.0,,,,,,,,,,,,,,,23808.0,,,,22946.0,,59.623,65.648,,,,,163.049,,,,,,,,,,,,,,,,,,,337278.0,2,2019-04-01,2019-Q2,,,,,,,,,,,Требуется ручная проверка,0,
1046,"ООО КБ ""Гефест""",2019,235000.0,330458.0,318.0,88673.0,33412.0,23553.0,47000.0,17865.0,158672.0,,,408192.0,231655.0,27453.0,,13453.0,2.0,259.0,37256.0,359.0,1.0,177.0,,57257.0,1614.0,7005.0,105999.0,,,,4200.0,4200.0,,,,,,,5435.0,31821.0,,359.0,226.0,,,,,,,,,,,,,,,98994.0,,,,105999.0,,70.207,71.187,,,,,157.999,,,,,,,,,,,,,,,,,,,307002.0,3,2019-07-01,2019-Q3,,,,,,,,,,,Требуется ручная проверка,0,
1046,"ООО КБ ""Гефест""",2019,235000.0,330458.0,318.0,88673.0,32683.0,20911.0,35000.0,22076.0,159822.0,,,454231.0,272333.0,25550.0,,11550.0,2.0,295.0,48096.0,470.0,2.0,734.0,,71041.0,2548.0,17006.0,8854.0,,,,3500.0,3500.0,,,,,,,3.0,39692.0,,470.0,226.0,,,,,,,,,,,,,,,8152.0,,,,8854.0,,64.01,64.724,,,,,144.048,,,,,,,,,,,,,,,,,,,320731.0,4,2019-10-01,2019-Q4,,,,,,,,,,,Требуется ручная проверка,0,
1046,"ООО КБ ""Гефест""",2020,235000.0,330458.0,318.0,88673.0,14965.0,20330.0,20000.0,17334.0,156309.0,,,460743.0,287100.0,27157.0,,13157.0,2.0,280.0,58881.0,821.0,2.0,1255.0,,83426.0,24048.0,1749.0,16774.0,,,,2800.0,2800.0,,,,,,,3.0,48005.0,,821.0,226.0,,,,,,,,,,,,,,,15025.0,,,,16774.0,,61.84,65.154,,,,,130.448,,,,,,,,,,,,,,,,,,,347153.0,1,2020-01-01,2020-Q1,,,,,,,,,,,Требуется ручная проверка,0,
1046,"ООО КБ ""Гефест""",2020,235000.0,330468.0,328.0,88673.0,9303.0,17433.0,15000.0,19462.0,159061.0,,,470258.0,291735.0,36211.0,,22211.0,2.0,260.0,11002.0,54.0,,447.0,,11314.0,585.0,499.0,3035.0,,,,2100.0,2100.0,,,,,,,2143.0,8859.0,,54.0,303.0,,,,,,,,,,,,,,,2536.0,,,,3035.0,,58.053,60.468,,,,,131.26,,,,,,,,,,,,,,,,,,,343221.0,2,2020-04-01,2020-Q2,,,,,,,,,,,Требуется ручная проверка,0,
1046,"ООО КБ ""Гефест""",2020,235000.0,330470.0,330.0,88673.0,9112.0,13546.0,23000.0,17735.0,161518.0,,,461435.0,282182.0,39172.0,,25172.0,2.0,270.0,21954.0,147.0,,824.0,,22590.0,1273.0,41.0,793.0,,,,1400.0,1400.0,,,,,,,4349.0,17605.0,,147.0,714.0,,,,,,,,,,,,,,,752.0,,,,793.0,,58.218,61.019,,,,,148.119,,,,,,,,,,,,,,,,,,,345440.0,3,2020-07-01,2020-Q3,,,,,,,,,,,Требуется ручная проверка,0,
1046,"ООО КБ ""Гефест""",2020,235000.0,330470.0,330.0,88673.0,22242.0,15300.0,66000.0,15453.0,169366.0,,,434001.0,249182.0,55568.0,,41568.0,2.0,375.0,32728.0,226.0,,1145.0,,34584.0,2012.0,1213.0,4000.0,,,,700.0,700.0,,,,,,,6560.0,26168.0,,226.0,1326.0,,,,,,,,,,,,,,,5213.0,,,,4000.0,,62.404,64.077,,,,,159.601,,,,,,,,,,,,,,,,,,,346918.0,4,2020-10-01,2020-Q4,,,,,,,,,,,Требуется ручная проверка,0,
1046,"ООО КБ ""Гефест""",2021,235000.0,335688.0,330.0,93311.0,32687.0,15511.0,77000.0,13900.0,182096.0,,,452416.0,256420.0,55136.0,0.0,41136.0,2.0,401.0,43009.0,269.0,,1427.0,,47182.0,5388.0,1008.0,17272.0,,,,,,,,,,,,8772.0,34237.0,,269.0,10.0,,,,,,,,,,,,,,,18280.0,,,29.0,17243.0,,60.844,61.764,,,,,147.386,,,,,,,,,,,,,,,,,,,336541.0,1,2021-01-01,2021-Q1,,,,,,,,,,,Требуется ручная проверка,0,
1046,"ООО КБ ""Гефест""",2021,235000.0,335653.0,295.0,93311.0,10021.0,12542.0,45000.0,15185.0,185173.0,,,438711.0,238353.0,44165.0,,44165.0,2.0,412.0,10058.0,96.0,,156.0,,11354.0,630.0,490.0,1994.0,,,,,,,,,,,,2417.0,7641.0,,96.0,41.0,,,,,,,,,,,,,,,1504.0,,,,1994.0,,60.291,61.478,,,,,135.755,,,,,,,,,,,,,,,,,,,338068.0,2,2021-04-01,2021-Q2,,,,,,,,,,,Требуется ручная проверка,0,
1046,"ООО КБ ""Гефест""",2021,235000.0,349501.0,295.0,106467.0,18158.0,9682.0,28000.0,13713.0,187877.0,,,504286.0,302696.0,48302.0,2500.0,45802.0,2.0,381.0,21626.0,270.0,,456.0,,22355.0,1260.0,267.0,2031.0,,,,,,,,,,,,4789.0,16837.0,,270.0,55.0,,,,,,,,,,,,,,,2298.0,,,,2031.0,,58.022,58.504,,,,,116.122,,,,,,,,,,,,,,,,,,,338887.0,3,2021-07-01,2021-Q3,,,,,,,,,,,Требуется ручная проверка,0,
1046,"ООО КБ ""Гефест""",2021,235000.0,349501.0,295.0,106467.0,36745.0,8775.0,56000.0,12213.0,190086.0,,,524721.0,322422.0,59164.0,14000.0,45164.0,2.0,426.0,34634.0,323.0,,854.0,,34987.0,2729.0,496.0,4795.0,0.0,0.0,,0.0,0.0,,,,,,,7925.0,26709.0,,323.0,152.0,,,,,,,,,,,,,,,4299.0,,,,4795.0,,60.485,61.174,,,,,151.911,,,,,,,,,,,,,,,,,,,339928.0,4,2021-10-01,2021-Q4,,,,,,,,,,,Требуется ручная проверка,0,
1049,"ООО ""ХАКАССКИЙ МУНИЦИПАЛЬНЫЙ БАНК""",2007,,118447.0,45343.0,,38150.0,47343.0,10000.0,299402.0,18447.0,10978.0,,743655.0,425806.0,525359.0,56100.0,464017.0,7.0,13484.0,95378.0,1592.0,0.0,1381.0,3501.0,184995.0,10.0,,19617.0,,,,,,,,,,,,,,,,,,,,,,,,,,,,,,,,,,,,,,,,,,,,,,,,,,,,,,,,,,,,,,,1,2007-01-01,2007-Q1,,,,,,,,,,,Требуется ручная проверка,0,
1049,"ООО ""ХАКАССКИЙ МУНИЦИПАЛЬНЫЙ БАНК""",2007,84625.0,138547.0,45343.0,,47467.0,21912.0,24000.0,334377.0,7289.0,10844.0,,782551.0,440885.0,623581.0,68600.0,551570.0,,16002.0,33460.0,753.0,0.0,459.0,1676.0,54267.0,3.0,,7274.0,,,,,,,,,,,,,,,,,,,,,,,,,,,,,,,,,,,,,,,,,,,,,,,,,,,,,,,,,,,,,,,2,2007-04-01,2007-Q2,,,,,,,,,,,Требуется ручная проверка,0,
1049,"ООО ""ХАКАССКИЙ МУНИЦИПАЛЬНЫЙ БАНК""",2007,84625.0,148974.0,45343.0,,55660.0,46740.0,60000.0,443388.0,7769.0,10884.0,,946053.0,494896.0,748665.0,75800.0,668871.0,,17001.0,70395.0,1941.0,0.0,541.0,3153.0,157392.0,22.0,,12817.0,,,,,,,,,,,,,,,,,,,,,,,,,,,,,,,,,,,,,,,,,,,,,,,,,,,,,,,,,,,,,,,3,2007-07-01,2007-Q3,,,,,,,,,,,Требуется ручная проверка,0,
1049,"ООО ""ХАКАССКИЙ МУНИЦИПАЛЬНЫЙ БАНК""",2007,88625.0,152974.0,45343.0,,57771.0,54722.0,30000.0,574360.0,7252.0,10913.0,,1190448.0,608836.0,867943.0,125700.0,738743.0,,24291.0,113946.0,4952.0,0.0,984.0,4952.0,267921.0,24.0,,24679.0,,,,,,,,,,,,,,,,,,,,,,,,,,,,,,,,,,,,,,,,,,,,,,,,,,,,,,,,,,,,,,,4,2007-10-01,2007-Q4,,,,,,,,,,,Требуется ручная проверка,0,
1049,"ООО ""ХАКАССКИЙ МУНИЦИПАЛЬНЫЙ БАНК""",2008,100625.0,164974.0,45343.0,,46265.0,14973.0,0.0,627381.0,10824.0,10030.0,,1325675.0,687470.0,920012.0,121900.0,793732.0,14.0,17103.0,161540.0,8118.0,0.0,1126.0,7273.0,386861.0,25.0,0.0,35121.0,,,,,,,,,,,,,,,,,,,,,,,,,,,,,,,,,,,,,,,,,,,,,,,,,,,,,,,,,,,,,,,1,2008-01-01,2008-Q1,,,,,,,,,,,Требуется ручная проверка,0,
1049,"ООО ""ХАКАССКИЙ МУНИЦИПАЛЬНЫЙ БАНК""",2008,100625.0,164974.0,45343.0,131.0,52308.0,33662.0,25000.0,598587.0,13554.0,10151.0,,1304511.0,692370.0,1026128.0,130300.0,890796.0,290.0,26150.0,48707.0,27603.0,0.0,11091.0,9.0,91200.0,31150.0,0.0,2850.0,,,,,,,,,,,,114.0,48400.0,178.0,1028.0,3144.0,90.0,,,,,,,,,,,,,,,,,,,,,,,,,,,,,,,,,,,,,,,,,,,,,,2,2008-04-01,2008-Q2,,,,,,,,,,,Требуется ручная проверка,0,
1049,"ООО ""ХАКАССКИЙ МУНИЦИПАЛЬНЫЙ БАНК""",2008,121535.0,194549.0,45343.0,131.0,53638.0,31663.0,0.0,658549.0,14923.0,10202.0,,1490060.0,816588.0,1046068.0,92900.0,948446.0,89.0,26994.0,102321.0,56680.0,0.0,26955.0,32.0,214267.0,86442.0,0.0,11978.0,,,,,,,,,,,,209.0,101744.0,353.0,3291.0,5626.0,336.0,,,,,,,,,,,,,,,,,,,,,,,,,,,,,,,,,,,,,,,,,,,,,,3,2008-07-01,2008-Q3,,,,,,,,,,,Требуется ручная проверка,0,
1049,"ООО ""ХАКАССКИЙ МУНИЦИПАЛЬНЫЙ БАНК""",2008,121535.0,194549.0,45343.0,131.0,73017.0,38469.0,5000.0,742974.0,20440.0,10428.0,,1647998.0,884584.0,1160388.0,127600.0,1028288.0,133.0,30860.0,163408.0,88618.0,0.0,45608.0,146.0,362314.0,162065.0,0.0,24922.0,,,,,,,,,,,,362.0,162498.0,533.0,4996.0,8792.0,427.0,,,,,,,,,,,,,,,,,,,,,,,,,,,,,,,,,,,,,,,,,,,,,,4,2008-10-01,2008-Q4,,,,,,,,,,,Требуется ручная проверка,0,
1049,"ООО ""ХАКАССКИЙ МУНИЦИПАЛЬНЫЙ БАНК""",2009,166875.0,194549.0,3.0,131.0,76526.0,76948.0,,750909.0,14554.0,10151.0,,1582672.0,817209.0,1199560.0,123100.0,1072678.0,124.0,2451.0,224940.0,120766.0,0.0,65036.0,1018.0,510743.0,229429.0,0.0,37028.0,,,,,,,,,,,,361.0,223772.0,697.0,6047.0,11862.0,518.0,,,,,,,,,,,,,,,,,,,,,,,,,,,,,,,,,,,,,,,,,,,,,,1,2009-01-01,2009-Q1,,,,,,,,,,,Требуется ручная проверка,0,
1049,"ООО ""ХАКАССКИЙ МУНИЦИПАЛЬНЫЙ БАНК""",2009,166875.0,303817.0,109271.0,131.0,114240.0,96645.0,0.0,665267.0,19172.0,11308.0,,1544092.0,859653.0,1228504.0,124691.0,1100164.0,,2534.0,62515.0,35216.0,0.0,13795.0,152.0,145108.0,49751.0,1868.0,3050.0,,,,,,,,,,,,481.0,61243.0,160.0,224.0,3310.0,89.0,,,,,,,,,,,,,,4918.0,,,,,,,,,,,,,,,,,,,,,,,,,,,,,,,,2,2009-04-01,2009-Q2,,,,,,,,,,,Требуется ручная проверка,0,
1049,"ООО ""ХАКАССКИЙ МУНИЦИПАЛЬНЫЙ БАНК""",2009,226875.0,383162.0,109271.0,19476.0,93813.0,41609.0,37000.0,614077.0,19819.0,10810.0,,1514864.0,880968.0,1178100.0,86262.0,1088537.0,25.0,2473.0,127541.0,70392.0,0.0,29351.0,248.0,309578.0,130525.0,4649.0,9392.0,,,,,,,,,,,,1977.0,124489.0,323.0,224.0,5932.0,164.0,,,,,,,,,,,,,,14041.0,,,,,,,,,,,,,,,,,,,,,,,,,,,,,,,,3,2009-07-01,2009-Q3,,,,,,,,,,,Требуется ручная проверка,0,
1049,"ООО ""ХАКАССКИЙ МУНИЦИПАЛЬНЫЙ БАНК""",2009,236875.0,393162.0,109271.0,19456.0,105271.0,32961.0,30000.0,627936.0,22612.0,10514.0,,1532515.0,881967.0,1258972.0,85982.0,1170231.0,19.0,10463.0,199039.0,107876.0,0.0,47204.0,754.0,476608.0,196931.0,9194.0,19115.0,,,,,,,,,,,,1.0,192941.0,483.0,224.0,8549.0,164.0,,,,,,,,,,,,,,28309.0,,,,,,,,,,,,,,,,,,,,,,,,,,,,,,,,4,2009-10-01,2009-Q4,,,,,,,,,,,Требуется ручная проверка,0,
1049,"ООО ""ХАКАССКИЙ МУНИЦИПАЛЬНЫЙ БАНК""",2010,241875.0,398162.0,109271.0,19456.0,129442.0,82357.0,15150.0,620482.0,23380.0,9948.0,,1687209.0,1043347.0,1351841.0,91932.0,1257488.0,117.0,14678.0,275042.0,148682.0,0.0,65790.0,900.0,647761.0,261910.0,14226.0,27076.0,,,,,,,,,,,,6.0,265595.0,638.0,224.0,11292.0,164.0,,,,,,,,,,,,,,41302.0,,,,,,,,,,,,,,,,,,,,,,,,,,,,,,,,1,2010-01-01,2010-Q1,,,,,,,,,,,Требуется ручная проверка,0,
1049,"ООО ""ХАКАССКИЙ МУНИЦИПАЛЬНЫЙ БАНК""",2010,241875.0,398162.0,109271.0,19456.0,121468.0,53371.0,0.0,606952.0,25969.0,9610.0,,1637703.0,1004782.0,1538483.0,130793.0,1405720.0,69.0,16591.0,74554.0,44918.0,0.0,14804.0,105.0,150465.0,51190.0,440.0,2119.0,,,,,,,,,,,,107.0,69234.0,153.0,1450.0,3317.0,0.0,,,,,,,,,,,,,,2559.0,,,,,,,,,,,,,,,,,,,,,,,,,,,,,,,,2,2010-04-01,2010-Q2,,,,,,,,,,,Требуется ручная проверка,0,
1049,"ООО ""Хакасский муниципальный банк""",2010,265775.0,422078.0,109271.0,19472.0,158970.0,55218.0,18050.0,689334.0,37472.0,14042.0,,1815761.0,1088955.0,1594311.0,119325.0,1473238.0,61.0,16113.0,153320.0,90950.0,0.0,30670.0,317.0,305621.0,102319.0,1908.0,5204.0,,,,,,,,,,,,916.0,143788.0,349.0,3403.0,6565.0,0.0,,,,,,,,,,,,,,7112.0,,,,,,,,,,,,,,,,,,,,,,,,,,,,,,,,3,2010-07-01,2010-Q3,,,,,,,,,,,Требуется ручная проверка,0,
1049,"ООО ""Хакасский муниципальный банк""",2010,265775.0,422078.0,109271.0,19472.0,162815.0,46220.0,143066.0,860470.0,41076.0,64993.0,,1885422.0,983876.0,1729679.0,141309.0,1586820.0,238.0,18569.0,238146.0,136183.0,0.0,48441.0,495.0,486439.0,171396.0,3247.0,4961.0,,,,,,,,,,,,2132.0,224300.0,604.0,3424.0,10403.0,0.0,,,,,,,,,,,,,,8208.0,,,,,,,,,,,,,,,,,,,,,,,,,,,,,,,,4,2010-10-01,2010-Q4,,,,,,,,,,,Требуется ручная проверка,0,
1049,"ООО ""Хакасский муниципальный банк""",2011,,,,,,,,,,,,,,,,,,,328963.0,178542.0,0.0,69181.0,755.0,703401.0,276968.0,5316.0,16333.0,,,,,,,,,,,,2902.0,312202.0,859.0,3424.0,14490.0,0.0,,,,,,,,,,,,,,21649.0,,,,,,,,,,,,,,,,,,,,,,,,,,,,,,,,1,2011-01-01,2011-Q1,,,,,,,,,,,Требуется ручная проверка,0,
1049,"ООО ""Хакасский муниципальный банк""",2011,285775.0,442078.0,109271.0,19472.0,147318.0,58455.0,2894.0,993455.0,37404.0,124873.0,,2122986.0,1092127.0,1716456.0,111755.0,1603466.0,230.0,20165.0,90522.0,40408.0,0.0,15928.0,170.0,214355.0,103637.0,2041.0,4227.0,,,,,,,,,,,,592.0,86814.0,249.0,0.0,4335.0,0.0,,,,,,,,,,,,,,6268.0,,,,,,,,,,17.4,40.09,84.4,88.0,126.38,2.6,1.82,0.0,,,,,,,,,,,,,,,2,2011-04-01,2011-Q2,,,,,,,,,,,Требуется ручная проверка,0,
1049,"ООО ""Хакасский муниципальный банк""",2011,,,,,,,,,,,,,,,,,,,195161.0,78417.0,0.0,35634.0,401.0,423977.0,187625.0,4608.0,10928.0,,,,,,,,,,,,1574.0,188392.0,501.0,0.0,7723.0,0.0,,,,,,,,,,,,,,15536.0,,,,,,,,,,16.37,53.4,64.25,92.2,112.29,4.67,1.65,0.0,,,,,,,,,,,,,,,3,2011-07-01,2011-Q3,,,,,,,,,,,Требуется ручная проверка,0,
1049,"ООО ""Хакасский муниципальный банк""",2011,292775.0,462941.0,109271.0,33335.0,172213.0,49556.0,2886.0,1398172.0,47424.0,13645.0,,2619230.0,1173634.0,1803343.0,156142.0,1646234.0,59.0,33487.0,304314.0,114665.0,0.0,56954.0,879.0,666846.0,300126.0,7887.0,22656.0,,,,,,,,,,,,2913.0,294824.0,746.0,0.0,11349.0,0.0,,,,,,,,,,,,,,30543.0,,,,,,,,,,15.2,45.75,60.46,87.04,120.42,4.33,1.79,0.0,,,,,,,,,,,,,,,4,2011-10-01,2011-Q4,,,,,,,,,,,Требуется ручная проверка,0,
1049,"ООО ""Хакасский муниципальный банк""",2012,,,,,,,,,,,,,,,,,,,417527.0,150114.0,0.0,81067.0,1451.0,944874.0,447542.0,12973.0,40605.0,,,,,,,,,,,,4302.0,405806.0,911.0,0.0,15366.0,0.0,,,,,,,,,,,,,,53578.0,,,,,,,,,,14.77,45.89,63.55,67.99,140.55,16.8,1.68,0.0,,,,,,,,,,,,,,,1,2012-01-01,2012-Q1,,,,,,,,,,,Требуется ручная проверка,0,
1049,"ООО ""Хакасский муниципальный банк""",2012,305775.0,479474.0,112804.0,33335.0,159024.0,65168.0,2895.0,1503450.0,53983.0,7967.0,,2971552.0,1414119.0,2129875.0,252673.0,1876609.0,1473.0,36621.0,114162.0,39079.0,0.0,18390.0,143.0,269020.0,139383.0,4917.0,11994.0,,,,,,,,,,,,1334.0,111454.0,131.0,0.0,4909.0,0.0,,,,,,,,,,,,,,16911.0,,,,,,,,,,14.82,30.12,71.66,67.4,151.54,22.46,1.39,0.0,,,,,,,,,,,,,,,2,2012-04-01,2012-Q2,,,,,,,,,,,Требуется ручная проверка,0,
1049,"ООО ""Хакасский муниципальный банк""",2012,305775.0,517700.0,112804.0,71561.0,177485.0,114262.0,811.0,1692461.0,76427.0,18189.0,,3100945.0,1332057.0,2186145.0,220823.0,1964836.0,331.0,37722.0,240044.0,79251.0,0.0,39554.0,877.0,640404.0,361385.0,9282.0,25722.0,,,,,,,,,,,,2986.0,234526.0,376.0,9.0,9681.0,0.0,,,,,,,,,,,,,,35004.0,,,,,,,,,,14.58,48.83,66.71,71.11,129.21,3.69,1.51,0.0,,,,,,,,,,,,,,,3,2012-07-01,2012-Q3,,,,,,,,,,,Требуется ручная проверка,0,
1049,"ООО ""Хакасский муниципальный банк""",2012,305775.0,517700.0,112804.0,71561.0,189315.0,99484.0,70807.0,1837273.0,83875.0,15052.0,,3274792.0,1353644.0,2233758.0,222654.0,2010808.0,314.0,40315.0,370392.0,120499.0,0.0,61287.0,1542.0,979731.0,545187.0,12909.0,36986.0,,,,,,,,,,,,4442.0,362010.0,642.0,9.0,14876.0,0.0,,,,,,,,,,,,,,49895.0,,,,,,,,,,13.89,51.36,73.61,70.62,98.74,4.82,1.44,0.0,,,,,,,,,,,,,,,4,2012-10-01,2012-Q4,,0409135,,,,,,,,,Требуется ручная проверка,0,
1049,"ООО ""Хакасский муниципальный банк""",2013,325775.0,537700.0,112804.0,71561.0,209057.0,25860.0,,1918581.0,120532.0,15167.0,,3627552.0,1588439.0,2316317.0,224441.0,2091703.0,87.0,40618.0,505914.0,164262.0,0.0,85400.0,1737.0,1325219.0,727925.0,18619.0,45641.0,,,,,,,,,,,,5979.0,495512.0,898.0,104.0,19609.0,0.0,,,,,,,,,,,,,,64260.0,,,,,,,,,,13.86,57.36,69.57,74.19,112.29,3.64,1.39,0.0,,,,,,,,,,,,,,,1,2013-01-01,2013-Q1,,,,,,,,,,,Требуется ручная проверка,0,
1049,"ООО ""Хакасский муниципальный банк""",2013,355775.0,567700.0,112804.0,71561.0,198865.0,79016.0,0.0,1886386.0,155445.0,15050.0,,3493996.0,1452165.0,2499444.0,251881.0,2247415.0,357.0,43176.0,135248.0,50291.0,0.0,25810.0,129.0,297481.0,140777.0,4922.0,13214.0,,,,,,,,,,,,2974.0,131043.0,247.0,0.0,6083.0,0.0,,,,,,,,,,,,,,18136.0,,,,,,,,,,14.89,73.06,90.59,70.9,104.94,3.15,1.61,0.0,,,,,,,,,709436.0,,,,,,2,2013-04-01,2013-Q2,,0409135,,,,,,,,,Требуется ручная проверка,0,
1049,"ООО ""Хакасский муниципальный банк""",2013,355775.0,615135.0,77181.0,152169.0,177876.0,16577.0,233000.0,1976133.0,180691.0,15236.0,,3538103.0,1381279.0,2575553.0,225990.0,2349439.0,842.0,46678.0,278048.0,102533.0,0.0,55635.0,386.0,635935.0,303953.0,9859.0,24889.0,,,,,,,,,,,,5735.0,268685.0,497.0,0.0,11602.0,0.0,,,,,,,,,,,,,,34748.0,,,,,,,,,,14.65,62.05,88.22,70.26,104.3,13.2,1.71,0.0,,,,,,,,,692117.0,,,,,,3,2013-07-01,2013-Q3,,0409135,,,,,,,,,Требуется ручная проверка,0,
1049,"ООО ""Хакасский муниципальный банк""",2013,355775.0,615135.0,77181.0,152169.0,191223.0,112762.0,239290.0,2102422.0,167356.0,15001.0,,3672456.0,1402678.0,2669848.0,187633.0,2482110.0,489.0,47933.0,434571.0,157414.0,0.0,85618.0,741.0,1041029.0,523139.0,15976.0,38110.0,,,,,,,,,,,,8668.0,421038.0,748.0,0.0,16304.0,0.0,,,,,,,,,,,,,,54086.0,,,,,,,,,,14.16,56.55,76.08,68.5,100.15,10.37,1.71,0.0,,,,,,,,,653916.0,,,,,,4,2013-10-01,2013-Q4,,0409135,,,,,,,,,Требуется ручная проверка,0,
1049,"ООО ""Хакасский муниципальный банк""",2014,355775.0,615135.0,77181.0,152169.0,191809.0,68954.0,60000.0,2219027.0,139988.0,15214.0,,3896120.0,1537105.0,2770401.0,185238.0,2585134.0,75.0,49914.0,592246.0,215050.0,0.0,118000.0,913.0,1509529.0,804393.0,22975.0,55171.0,,,,,,,,,,,,11483.0,574732.0,1003.0,0.0,21116.0,0.0,,,,,,,,,,,,,,78146.0,,,,,,,,,,13.42,50.0,64.9,69.79,117.32,15.71,1.27,0.0,,,,,,,,,667195.0,,,,,,1,2014-01-01,2014-Q1,,,,,,,,,,,Требуется ручная проверка,0,
1049,"ООО ""Хакасский муниципальный банк""",2014,355775.0,612685.0,77181.0,152169.0,197703.0,108905.0,,2254655.0,145021.0,15105.0,,3965624.0,1565948.0,2943124.0,530538.0,2412565.0,1283.0,40347.0,157643.0,58638.0,0.0,29386.0,916.0,408842.0,215947.0,5675.0,15927.0,0.0,0.0,,345000.0,345000.0,,,,,,,3501.0,150311.0,240.0,0.0,7380.0,0.0,,,,,,,,,,,,,,21602.0,,,,,10.68,10.68,20.51,,,,60.02,76.08,64.86,32.45,10.02,1.32,0.0,,,,,,,,,692889.0,,,,,1013482.0,2,2014-04-01,2014-Q2,,,,,,,,,,,Требуется ручная проверка,0,
1049,"ООО ""Хакасский муниципальный банк""",2014,285910.0,,0.0,193889.0,,,,,,,,,,,,,,,324923.0,118201.0,0.0,57492.0,1090.0,911473.0,524452.0,11407.0,39257.0,0.0,0.0,,345000.0,345000.0,,,,,,,5888.0,312106.0,487.0,0.0,18468.0,0.0,,,,,,,,,,,,,,50664.0,,,,,9.28,9.28,17.9,,,,36.19,60.71,76.79,62.64,22.88,1.77,0.0,,,,,,,,,440067.0,,,,,1006588.0,3,2014-07-01,2014-Q3,,,,,,,,,,,Требуется ручная проверка,0,
1049,"ООО ""Хакасский муниципальный банк""",2014,355775.0,696254.0,106590.0,193889.0,287932.0,76504.0,,2530040.0,159768.0,15355.0,,4426139.0,1736331.0,3152078.0,430038.0,2722036.0,568.0,38009.0,501884.0,182048.0,0.0,87555.0,1646.0,1434572.0,821091.0,18223.0,48729.0,0.0,0.0,,345000.0,345000.0,,,,,,,7076.0,483543.0,737.0,0.0,29188.0,0.0,,,,,,,,,,,,,,66952.0,,,,,9.86,9.86,18.76,,,,70.34,70.9,78.03,51.23,9.89,2.32,0.0,,,,,,,,,846511.0,,,,,1016064.0,4,2014-10-01,2014-Q4,,,,,,,,,,,Требуется ручная проверка,0,
1049,"ООО ""Хакасский муниципальный банк""",2015,355775.0,696254.0,106590.0,193889.0,339290.0,64249.0,0.0,2514289.0,168151.0,15683.0,,4678704.0,1996264.0,3163134.0,430531.0,2732602.0,59.0,38707.0,683970.0,240601.0,0.0,140532.0,7406.0,2105900.0,1131216.0,10393.0,70369.0,0.0,0.0,,345000.0,345000.0,,,,,,,7784.0,661251.0,986.0,25.0,39959.0,0.0,,,,,,,,,,,,,,80762.0,,,,,9.66,9.66,18.74,,,,42.75,77.77,77.12,59.81,10.29,2.05,0.0,,,,,,,,,485138.0,,,,,1036139.0,1,2015-01-01,2015-Q1,,,,,,,,,,,Требуется ручная проверка,0,
1049,"ООО ""Хакасский муниципальный банк""",2015,355775.0,707180.0,117516.0,193889.0,299344.0,137360.0,,2282665.0,189662.0,15923.0,,4308570.0,1836243.0,3205298.0,526431.0,2678866.0,10593.0,42342.0,188436.0,79155.0,0.0,36658.0,574.0,472566.0,185612.0,7470.0,12060.0,0.0,0.0,,345000.0,345000.0,,,,,,,866.0,162370.0,242.0,1392.0,15064.0,0.0,,,,,,,,,,,,,,19530.0,,,,,11.05,11.05,20.52,,,,320.17,261.74,46.98,39.51,7.43,1.91,0.0,,,,,,,,,1200581.0,,,,,1048179.0,2,2015-04-01,2015-Q2,,,,,,,,,,,Требуется ручная проверка,0,
1049,"ООО ""Хакасский муниципальный банк""",2015,355775.0,766240.0,112967.0,257498.0,279051.0,103166.0,,2190782.0,208060.0,15679.0,,4182137.0,1783295.0,3166375.0,424254.0,2742120.0,168.0,39618.0,383399.0,157277.0,0.0,72619.0,1171.0,1073324.0,506078.0,1341.0,21269.0,0.0,0.0,,345000.0,345000.0,,,,,,,1084.0,326475.0,470.0,4360.0,26347.0,0.0,,,,,,,,,,,,,,19928.0,,,,,11.05,11.05,20.3,,,,236.63,207.83,41.98,34.06,9.31,1.9,0.0,,,,,,,,,1644738.0,,,,,1062413.0,3,2015-07-01,2015-Q3,,,,,,,,,,,Требуется ручная проверка,0,
1049,"ООО ""Хакасский муниципальный банк""",2015,285910.0,,0.0,257498.0,,,,,,,,,,,,,,,580456.0,234892.0,0.0,109467.0,2125.0,1694613.0,849512.0,10807.0,33538.0,0.0,0.0,,345000.0,345000.0,,,,,,,1104.0,500738.0,758.0,7193.0,37152.0,0.0,,,,,,,,,,,,,,44345.0,,,,,11.19,11.19,20.36,,,,241.33,195.38,43.37,33.1,7.11,2.04,0.0,,,,,,,,,1388329.0,,,,,1073970.0,4,2015-10-01,2015-Q4,,,,,,,,,,,Требуется ручная проверка,0,
1049,"ООО ""Хакасский муниципальный банк""",2016,355775.0,766240.0,112967.0,257498.0,275779.0,126445.0,,2075396.0,224266.0,19076.0,,4644668.0,2345006.0,3421953.0,429850.0,2992100.0,492.0,27306.0,783920.0,317844.0,0.0,150043.0,3212.0,2349805.0,1218646.0,13240.0,60077.0,0.0,0.0,,345000.0,345000.0,,,,,,,1120.0,682371.0,1339.0,10307.0,47682.0,0.0,,,,,,,,,,,,,,73317.0,,,,,10.93,10.93,20.03,,,,106.07,245.22,40.4,46.12,13.18,1.77,0.0,,,,,,,,,522309.0,,,,,1099834.0,1,2016-01-01,2016-Q1,,,,,,,,,,,Требуется ручная проверка,0,
1049,"ООО ""Хакасский муниципальный банк""",2016,355775.0,775536.0,122263.0,257498.0,333410.0,184001.0,,1909355.0,238431.0,20514.0,,4354304.0,2206518.0,3662652.0,411350.0,3251299.0,389.0,30837.0,205363.0,87974.0,0.0,1282.0,152.0,319094.0,85411.0,5177.0,15238.0,0.0,0.0,,345000.0,345000.0,,,,,,,10.0,169581.0,462.0,3226.0,10410.0,0.0,,,,,,,,,,,,,,20415.0,,,0.0,,10.86,10.86,20.84,,,,369.85,358.39,35.38,36.94,12.08,1.86,0.0,,,,,,,,,1959329.0,,,,,1115334.0,2,2016-04-01,2016-Q2,,,,,,,,,,,Требуется ручная проверка,0,
1049,"ООО ""Хакасский муниципальный банк""",2016,285910.0,,0.0,313431.0,,,,,,,,,,,,,,,418993.0,173246.0,0.0,3159.0,247.0,588075.0,164056.0,4442.0,0.0,0.0,0.0,,327750.0,327750.0,,,,,,,14.0,345170.0,949.0,6764.0,20206.0,0.0,,,,,,,,,,,,,,29049.0,,,0.0,33491.0,11.21,11.21,19.7,,,,337.83,343.55,35.4,66.05,14.46,2.06,0.0,,,,,,,,,2041398.0,,,,,1112370.0,3,2016-07-01,2016-Q3,,,,,,,,,,,Требуется ручная проверка,0,
1049,"ООО ""Хакасский муниципальный банк""",2016,355775.0,831469.0,122263.0,313431.0,265036.0,107843.0,2756.0,2031259.0,228690.0,19601.0,,4489621.0,2229672.0,3669337.0,391164.0,3278170.0,169.0,31901.0,638739.0,256476.0,0.0,5093.0,451.0,870604.0,275281.0,3591.0,50144.0,0.0,0.0,,310500.0,310500.0,,,,,,,20.0,526358.0,1411.0,10501.0,29887.0,0.0,,,,,,,,,,,,,,53735.0,,,0.0,50144.0,11.08,11.08,19.51,,,,180.99,301.0,33.97,61.06,14.29,2.22,0.0,,,,,,,,,1120191.0,,,,,1106846.0,4,2016-10-01,2016-Q4,,,,,,,,,,,Требуется ручная проверка,0,
1049,"ООО ""Хакасский муниципальный банк""",2017,355775.0,831469.0,122263.0,313431.0,240852.0,225804.0,2682.0,2043115.0,236812.0,19567.0,,4735654.0,2455727.0,3764139.0,398864.0,3365272.0,168.0,38090.0,861175.0,426.0,0.0,6987.0,484.0,1183186.0,371750.0,26825.0,0.0,0.0,0.0,,293250.0,293250.0,,,,,,,27.0,716990.0,1874.0,426.0,39603.0,0.0,,,,,,,,,,,,,,93342.0,,,6316.0,64708.0,11.05,11.05,19.46,,,,152.64,454.32,32.97,58.18,11.25,2.18,0.0,,,,,,,,,620809.0,,,,,1103211.0,1,2017-01-01,2017-Q1,,,,,,,,,,,Требуется ручная проверка,0,
1049,"ООО ""Хакасский муниципальный банк""",2017,355775.0,829447.0,120241.0,313431.0,271097.0,126202.0,1002634.0,1995649.0,281361.0,19432.0,,4697282.0,2420272.0,4093570.0,468950.0,3624617.0,140.0,39760.0,215956.0,55.0,0.0,1948.0,0.0,326287.0,150583.0,5121.0,17402.0,0.0,0.0,,276000.0,276000.0,,,,,,,1.0,191108.0,446.0,55.0,11195.0,0.0,,,,,,,,,,,,,,22523.0,,,0.0,17402.0,11.762,11.762,19.259,,,,319.89,762.338,32.922,78.404,15.114,2.223,0.0,,,,,,,,,853320.0,,,,,1150393.0,2,2017-04-01,2017-Q2,,,,,,,,,,,Требуется ручная проверка,0,
1049,"ООО ""Хакасский муниципальный банк""",2017,355775.0,967344.0,190262.0,381307.0,256396.0,129512.0,604913.0,2113396.0,292421.0,19201.0,,4993474.0,2587657.0,4055564.0,405457.0,3650106.0,166.0,39286.0,436104.0,208.0,0.0,3539.0,11.0,690329.0,308156.0,12524.0,27652.0,0.0,0.0,,258750.0,258750.0,,,,,,,2.0,390480.0,874.0,208.0,21199.0,0.0,,,,,,,,,,,,,,40176.0,,,0.0,27562.0,11.267,11.267,18.36,,,,291.367,515.424,33.619,73.591,14.302,2.29,0.0,,,,,,,,,1109992.0,,,,,1143996.0,3,2017-07-01,2017-Q3,,,,,,,,,,,Требуется ручная проверка,0,
1049,"ООО ""Хакасский муниципальный банк""",2017,355775.0,967344.0,190262.0,381307.0,238603.0,148495.0,804872.0,2243408.0,218414.0,22241.0,,5055977.0,2594155.0,4188762.0,440807.0,3747954.0,60.0,40808.0,665079.0,312.0,0.0,5125.0,18.0,1028233.0,445560.0,15254.0,66326.0,0.0,0.0,,241500.0,241500.0,,,,,,,3.0,595667.0,1359.0,312.0,31060.0,0.0,,,,,,,,,,,,,,81580.0,,,0.0,66326.0,11.556,11.556,19.187,,,,211.683,387.245,32.59,67.284,10.159,2.232,0.0,,,,,,,,,962685.0,,,,,1165821.0,4,2017-10-01,2017-Q4,,,,,,,,,,,Требуется ручная проверка,0,
1049,"ООО ""Хакасский муниципальный банк""",2018,355775.0,967344.0,190262.0,381307.0,243963.0,333672.0,404921.0,2181748.0,260701.0,22366.0,,5074878.0,2632429.0,4341832.0,433807.0,3908025.0,22.0,42048.0,886579.0,427.0,0.0,7482.0,168.0,1357124.0,573536.0,28739.0,87519.0,0.0,0.0,,224250.0,224250.0,,,,,,,4.0,788014.0,1877.0,427.0,41166.0,0.0,,,,,,,,,,,,,,116258.0,,,17226.0,98006.0,11.654,11.654,19.392,,,,141.878,404.195,29.779,67.601,10.359,2.167,0.0,,,,,,,,,630026.0,,,,,1169055.0,1,2018-01-01,2018-Q1,,,,,,,,,,,Требуется ручная проверка,0,
1049,"ООО ""Хакасский муниципальный банк""",2018,355775.0,979928.0,202846.0,381307.0,255845.0,146647.0,404880.0,2094650.0,253006.0,22268.0,,4991759.0,2644103.0,4511450.0,419497.0,4091953.0,38.0,43882.0,209535.0,83.0,0.0,1953.0,74.0,381437.0,179331.0,9728.0,20511.0,0.0,0.0,,207000.0,207000.0,,,,,,,32919.0,176199.0,417.0,83.0,9656.0,0.0,,,,,,,,,,,,,,30239.0,,,0.0,20511.0,12.951,12.951,19.302,10.669,,,220.047,501.785,32.772,82.562,10.54,2.131,0.0,,,,,,,,,951601.0,,,,,1170663.0,2,2018-04-01,2018-Q2,,,,,,,,,,,Требуется ручная проверка,0,
1049,"ООО ""Хакасский муниципальный банк""",2018,355775.0,1063565.0,202846.0,464944.0,254456.0,139419.0,704712.0,2073985.0,233912.0,121931.0,,5210859.0,2902962.0,4510511.0,457607.0,4052904.0,404.0,43251.0,417949.0,145.0,0.0,4019.0,0.0,717770.0,340073.0,14937.0,42528.0,0.0,0.0,,189750.0,189750.0,,,,,,,57361.0,358699.0,1889.0,145.0,19477.0,0.0,,,,,,,,,,,,,,57465.0,,,0.0,42528.0,12.431,12.431,18.663,10.259,,,269.016,534.428,33.981,95.479,9.858,2.038,0.0,,,,,,,,,1120615.0,,,,,1172855.0,3,2018-07-01,2018-Q3,,,,,,,,,,,Требуется ручная проверка,0,
1049,"ООО ""Хакасский муниципальный банк""",2018,355775.0,1063565.0,202846.0,464944.0,271435.0,226137.0,405766.0,2140813.0,246617.0,124742.0,,5485028.0,3097598.0,4475350.0,473550.0,4001800.0,8.0,46101.0,634388.0,246.0,0.0,5986.0,0.0,968908.0,420364.0,26004.0,61462.0,0.0,0.0,,172500.0,172500.0,,,,,,,1.0,546165.0,4018.0,246.0,29989.0,0.0,,,,,,,,,,,,,,87466.0,,,0.0,61462.0,11.991,11.991,17.076,9.777,,,172.483,303.452,36.833,104.433,11.686,2.262,0.0,,,,,,,,,1191906.0,,,,,1110791.0,4,2018-10-01,2018-Q4,,,,,,,,,,,Требуется ручная проверка,0,
1049,"ООО ""Хакасский муниципальный банк""",2019,355775.0,1063565.0,202846.0,464944.0,274186.0,264997.0,6298.0,2222204.0,309047.0,125300.0,,5620248.0,3088997.0,4876536.0,646750.0,4229786.0,0.0,48333.0,859083.0,355.0,0.0,8403.0,0.0,1331265.0,596732.0,35774.0,87851.0,0.0,0.0,,155250.0,155250.0,,,,,,,1.0,734614.0,6151.0,355.0,43317.0,0.0,,,,,,,,,,,,,,123625.0,,,8826.0,80492.0,11.447,11.447,17.342,9.183,,,111.817,346.954,35.564,99.644,,2.269,0.0,,,,,,,,,794897.0,,,,,1177515.0,1,2019-01-01,2019-Q1,,,,,,,,,,,Требуется ручная проверка,0,
1049,"ООО ""Хакасский муниципальный банк""",2019,355775.0,1054735.0,194016.0,464944.0,281192.0,183760.0,106257.0,2191380.0,409955.0,123615.0,,5763092.0,3161757.0,4930370.0,753950.0,4176420.0,33.0,51504.0,252732.0,193.0,0.0,1375.0,1089.0,281872.0,112041.0,3767.0,94253.0,0.0,0.0,,138000.0,138000.0,,,,,,,35983.0,214648.0,2101.0,193.0,14291.0,0.0,,,,,,,,,,,,,,98020.0,,,19438.0,671.0,12.431,12.431,15.492,10.212,,,167.2,328.258,35.172,129.902,,2.379,0.0,,,,,,,,,1358816.0,,,,,1063322.0,2,2019-04-01,2019-Q2,,,,,,,,,,,Требуется ручная проверка,0,
1049,"ООО ""Хакасский муниципальный банк""",2019,355775.0,1026553.0,80108.0,550670.0,280777.0,183413.0,906252.0,2303994.0,442260.0,123054.0,,6349273.0,3603019.0,4832719.0,729608.0,4103111.0,39.0,47987.0,472467.0,408.0,0.0,4020.0,2754.0,613882.0,261680.0,19379.0,126907.0,0.0,0.0,,258750.0,258750.0,,,,,,,54658.0,413552.0,4257.0,408.0,28784.0,0.0,,,,,,,,,,,,,,146286.0,,,19438.0,31983.0,11.366,11.366,16.498,10.349,,,237.25,400.46,37.031,117.914,,2.236,0.0,,,,,,0.0,,,1326879.0,,,,,1218557.0,3,2019-07-01,2019-Q3,,,,,,,,,,,Требуется ручная проверка,0,
1049,"ООО ""Хакасский муниципальный банк""",2019,355775.0,1026553.0,80108.0,550670.0,322055.0,223212.0,605900.0,2372927.0,440359.0,121712.0,,6365044.0,3551758.0,4851722.0,794088.0,4057634.0,69.0,46057.0,688738.0,1266.0,0.0,6422.0,4385.0,983974.0,445918.0,46940.0,137411.0,0.0,0.0,,241500.0,241500.0,,,,,,,1.0,610658.0,6443.0,1266.0,44121.0,0.0,,,,,,,,,,,,,,184351.0,,,42310.0,61471.0,11.143,11.143,16.531,10.198,,,203.823,328.6,38.403,109.558,,2.275,0.0,,,,,,0.0,,,1230415.0,,,,,1246516.0,4,2019-10-01,2019-Q4,,,,,,,,,,,Требуется ручная проверка,0,
1049,"ООО ""Хакасский муниципальный банк""",2020,355775.0,1026553.0,80108.0,550670.0,308599.0,224272.0,506022.0,2315253.0,453013.0,123511.0,,6456516.0,3688250.0,4954936.0,729188.0,4225748.0,36.0,47417.0,903128.0,5536.0,0.0,13068.0,6528.0,1373701.0,650330.0,48281.0,251224.0,0.0,0.0,,224250.0,224250.0,,,,,,,1.0,802099.0,8629.0,5536.0,59031.0,0.0,,,,,,,,,,,,,,299505.0,,,75082.0,207454.0,11.336,11.336,16.803,10.264,,,156.404,425.907,41.186,108.584,,2.137,0.0,,,,,,0.0,,,781454.0,,,,,1247402.0,1,2020-01-01,2020-Q1,,,,,,,,,,,Требуется ручная проверка,0,
1049,"ООО ""Хакасский муниципальный банк""",2020,355775.0,1065157.0,118712.0,550670.0,320151.0,236680.0,605890.0,2363478.0,435552.0,122603.0,,6604523.0,3805493.0,4939170.0,657088.0,4282082.0,37.0,48240.0,205399.0,495.0,0.0,6089.0,0.0,453687.0,232586.0,4687.0,18829.0,0.0,0.0,,207000.0,207000.0,,,,,,,20648.0,182586.0,2165.0,495.0,13189.0,0.0,,,,,,,,,,,,,,23516.0,,,0.0,18829.0,12.513,12.513,17.072,11.367,,,197.139,414.409,40.032,112.526,,,0.0,,,,,,0.0,,,1485274.0,,,,,1293523.0,2,2020-04-01,2020-Q2,,,,,,,,,,,Требуется ручная проверка,0,
1049,"ООО ""Хакасский муниципальный банк""",2020,355775.0,1290275.0,118712.0,775788.0,293561.0,234037.0,807279.0,2279836.0,423478.0,125913.0,,6323579.0,3620265.0,4753752.0,582138.0,4171614.0,31.0,48122.0,401904.0,973.0,0.0,13749.0,1612.0,821200.0,424197.0,16879.0,50886.0,0.0,0.0,,189750.0,189750.0,,,,,,,39351.0,358218.0,4335.0,973.0,25375.0,0.0,,,,,,,,,,,,,,67765.0,,,489.0,48932.0,12.839,12.839,17.71,10.693,,,120.836,262.849,40.888,105.485,,,0.0,,,,,,0.0,,,1617425.0,,,,,1311110.0,3,2020-07-01,2020-Q3,,,,,,,,,,,Требуется ручная проверка,0,
1049,"ООО ""Хакасский муниципальный банк""",2020,455775.0,1389298.0,115780.0,777743.0,322647.0,229578.0,757851.0,2205577.0,419653.0,124695.0,,6166175.0,3540945.0,4695395.0,574138.0,4121257.0,19.0,50136.0,593402.0,1389.0,0.0,22523.0,640.0,1296331.0,699569.0,36202.0,78541.0,0.0,0.0,,172500.0,172500.0,,,,,,,59846.0,527049.0,6507.0,1389.0,36985.0,0.0,,,,,,,,,,,,,,114743.0,,,489.0,76587.0,14.595,14.595,19.88,12.062,,,147.548,253.041,40.325,97.356,,,0.0,,,,,,0.0,,,1498382.0,,,,,1436226.0,4,2020-10-01,2020-Q4,,,,,,,,,,,Требуется ручная проверка,0,
1049,"ООО ""Хакасский муниципальный банк""",2021,455775.0,1389298.0,115780.0,777743.0,319507.0,170401.0,408048.0,2191145.0,420917.0,123937.0,,6494553.0,3882491.0,4538027.0,586038.0,3951989.0,37.0,47501.0,775270.0,2642.0,0.0,33530.0,153.0,1706579.0,926362.0,39771.0,119258.0,0.0,0.0,,155250.0,155250.0,,,,,,,75265.0,691330.0,8441.0,2642.0,48365.0,0.0,,,,,,,,,,,,,,159029.0,,,7576.0,117562.0,14.941,14.941,20.997,12.102,,,57.396,267.727,42.646,78.199,,,0.0,,,,,,0.0,,,632740.0,,,,,1481141.0,1,2021-01-01,2021-Q1,,,,,,,,,,,Требуется ручная проверка,0,
1049,"ООО ""Хакасский муниципальный банк""",2021,455775.0,1389608.0,116090.0,777743.0,324163.0,214438.0,408138.0,2139952.0,393437.0,122729.0,,6649600.0,4116211.0,4494310.0,608308.0,3886002.0,,48991.0,180246.0,192.0,0.0,13044.0,0.0,362547.0,184754.0,1020.0,27644.0,0.0,0.0,,138000.0,138000.0,,,,,,,15590.0,162513.0,2143.0,192.0,11174.0,0.0,,,,,,,,,,,,,,28664.0,,,0.0,27644.0,16.449,16.449,20.117,14.352,,,131.097,232.857,41.419,96.124,,,0.0,,,,,,0.0,,,1179947.0,,,,,1486165.0,2,2021-04-01,2021-Q2,,,,,,,,,,,Требуется ручная проверка,0,
1049,"ООО ""Хакасский муниципальный банк""",2021,455775.0,1478327.0,92501.0,890051.0,320917.0,183444.0,357701.0,2189073.0,392914.0,129909.0,,6479818.0,3897831.0,4442982.0,649200.0,3793782.0,464.0,47347.0,362574.0,790.0,0.0,28214.0,0.0,788435.0,405321.0,12495.0,59920.0,0.0,0.0,,120750.0,120750.0,,,,,,,31095.0,327048.0,4431.0,790.0,22745.0,0.0,,,,,,,,,,,,,,72415.0,,,23590.0,36330.0,17.291,17.291,21.042,14.69,,,237.23,427.729,38.109,93.578,,,0.0,,,,,,0.0,,,1056302.0,,,,,1476061.0,3,2021-07-01,2021-Q3,,,,,,,,,,,Требуется ручная проверка,0,
1049,"ООО ""Хакасский муниципальный банк""",2021,455775.0,1473609.0,87783.0,890051.0,307132.0,155490.0,507854.0,2144355.0,387066.0,127911.0,,6263582.0,3732161.0,4349044.0,673049.0,3675995.0,386.0,45886.0,583119.0,1090.0,0.0,6890.0,0.0,1465324.0,859811.0,22842.0,94700.0,0.0,0.0,,103500.0,103500.0,,,,,,,55027.0,521356.0,6736.0,1090.0,34665.0,0.0,,,,,,,,,,,,,,117542.0,,,4718.0,75828.0,17.816,17.816,21.908,14.418,,,229.057,358.523,37.63,79.416,,,,,,,,,,,,1138351.0,,,,,1494118.0,4,2021-10-01,2021-Q4,,,,,,,,,,,Требуется ручная проверка,0,
1050,"ООО ""ОСКОЛБАНК""",2007,0.0,198106.0,1742.0,,17413.0,100465.0,315026.0,16879.0,14764.0,,,398421.0,366778.0,417756.0,254400.0,163356.0,,11102.0,20425.0,0.0,0.0,0.0,4132.0,37759.0,0.0,,1916.0,,,,,,,,,,,,,,,,,,,,,,,,,,,,,,,,,,,,,,,,,,,,,,,,,,,,,,,,,,,,,,,2,2007-04-01,2007-Q2,,,,,,,,,,,Требуется ручная проверка,0,
1050,"ООО ""ОСКОЛБАНК""",2007,180000.0,196970.0,1742.0,,20114.0,106091.0,335026.0,15826.0,15503.0,,,439919.0,408590.0,424477.0,260000.0,164477.0,,12174.0,42783.0,0.0,0.0,0.0,8051.0,93075.0,0.0,,6100.0,,,,,,,,,,,,,,,,,,,,,,,,,,,,,,,,,,,,,,,,,,,,,,,,,,,,,,,,,,,,,,,3,2007-07-01,2007-Q3,,,,,,,,,,,Требуется ручная проверка,0,
1050,"ООО ""ОСКОЛБАНК""",2007,180000.0,197470.0,1742.0,,20362.0,86134.0,385026.0,16295.0,15378.0,,,464413.0,432740.0,410505.0,250000.0,160505.0,,16381.0,67098.0,0.0,0.0,0.0,11817.0,141418.0,0.0,,11399.0,,,,,,,,,,,,,,,,,,,,,,,,,,,,,,,,,,,,,,,,,,,,,,,,,,,,,,,,,,,,,,,4,2007-10-01,2007-Q4,,,,,,,,,,,Требуется ручная проверка,0,
1050,"ООО ""ОСКОЛБАНК""",2008,180000.0,197125.0,1742.0,,16811.0,78465.0,340024.0,17375.0,7874.0,,,529740.0,504491.0,369201.0,210000.0,159201.0,,11616.0,93204.0,0.0,0.0,0.0,15172.0,197000.0,0.0,,20495.0,,,,,,,,,,,,,,,,,,,,,,,,,,,,,,,,,,,,,,,,,,,,,,,,,,,,,,,,,,,,,,,1,2008-01-01,2008-Q1,,,,,,,,,,,Требуется ручная проверка,0,
1050,"ООО ""ОСКОЛБАНК""",2008,180000.0,194672.0,1731.0,2641.0,21881.0,140027.0,290274.0,16252.0,6740.0,,,532237.0,509245.0,364653.0,210000.0,154653.0,,15036.0,23439.0,13881.0,,5132.0,9.0,38654.0,14937.0,,5328.0,,,,,,,,,,,,14.0,23425.0,,,3143.0,,,,,,,,,,,,,,,,,,,,,,,,,,,,,,,,,,,,,,,,,,,,,,,2,2008-04-01,2008-Q2,,,,,,,,,,,Требуется ручная проверка,0,
1050,"ООО ""ОСКОЛБАНК""",2008,180000.0,196247.0,1731.0,2716.0,17909.0,65374.0,290024.0,17300.0,6661.0,,,606459.0,582498.0,399386.0,144500.0,254886.0,,16525.0,48303.0,28500.0,,10502.0,31.0,85731.0,33894.0,,8511.0,,,,,,,,,,,,46.0,48257.0,,14.0,5661.0,,,,,,,,,,,,,,,,,,,,,,,,,,,,,,,,,,,,,,,,,,,,,,,3,2008-07-01,2008-Q3,,,,,,,,,,,Требуется ручная проверка,0,
1050,"ООО ""ОСКОЛБАНК""",2008,180000.0,195915.0,1731.0,2384.0,19826.0,197348.0,260025.0,19845.0,8229.0,,,595374.0,567300.0,400422.0,144500.0,255922.0,,16429.0,73712.0,43178.0,,16699.0,31.0,134212.0,50566.0,,12406.0,,,,,,,,,,,,139.0,73573.0,,14.0,7247.0,,,,,,,,,,,,,,,,,,,,,,,,,,,,,,,,,,,,,,,,,,,,,,,4,2008-10-01,2008-Q4,,,,,,,,,,,Требуется ручная проверка,0,
1050,"ООО ""ОСКОЛБАНК""",2009,180000.0,195711.0,1731.0,2180.0,40064.0,176188.0,20028.0,21458.0,6703.0,,,823820.0,795659.0,495995.0,113000.0,382995.0,,1278.0,99049.0,58754.0,,21651.0,70.0,217367.0,101289.0,,14468.0,,,,,,,,,,,,202.0,98846.0,,14.0,8906.0,,,,,,,,,,,,,,,,,,,,,,,,,,,,,,,,,,,,,,,,,,,,,,,1,2009-01-01,2009-Q1,,,,,,,,,,,Требуется ручная проверка,0,
1050,"ООО ""ОСКОЛБАНК""",2009,180000.0,195424.0,1731.0,1893.0,35815.0,86714.0,40036.0,20407.0,9674.0,,,885383.0,855302.0,532326.0,113000.0,419326.0,0.0,1257.0,27528.0,15772.0,,4988.0,65.0,52703.0,14302.0,28.0,1312.0,,,,,,,,,,,,27.0,27501.0,,,1507.0,,,,,,,,,,,,,,,1340.0,,,,,,,,,,,,,,,,,,,,,,,,,,,,,,,,2,2009-04-01,2009-Q2,,,,,,,,,,,Требуется ручная проверка,0,
1050,"ООО ""ОСКОЛБАНК""",2009,180000.0,196976.0,1731.0,1893.0,37515.0,108310.0,31.0,21376.0,7104.0,,,891746.0,863266.0,535030.0,63000.0,472030.0,65.0,1239.0,55563.0,32058.0,,9567.0,212.0,105089.0,35237.0,650.0,3682.0,,,,,,,,,,,,35.0,55528.0,,,2480.0,,,,,,,,,,,,,,,4332.0,,,,,,,,,,,,,,,,,,,,,,,,,,,,,,,,3,2009-07-01,2009-Q3,,,,,,,,,,,Требуется ручная проверка,0,
1050,"ООО ""ОСКОЛБАНК""",2009,180000.0,196976.0,1731.0,1893.0,43083.0,181149.0,33.0,20775.0,11690.0,,,873884.0,841419.0,537306.0,65000.0,472306.0,187.0,5122.0,84353.0,49129.0,,14495.0,274.0,169604.0,65978.0,1388.0,6343.0,,,,,,,,,,,,43.0,84310.0,,,3439.0,,,,,,,,,,,,,,,7731.0,,,,,,,,,,,,,,,,,,,,,,,,,,,,,,,,4,2009-10-01,2009-Q4,,,,,,,,,,,Требуется ручная проверка,0,
1050,"ООО ""ОСКОЛБАНК""",2010,180000.0,196976.0,1731.0,1893.0,38979.0,155839.0,30.0,19213.0,11736.0,,,876855.0,845906.0,510496.0,39000.0,471496.0,133.0,6688.0,113567.0,66472.0,,22993.0,383.0,257483.0,114605.0,2160.0,9133.0,,,,,,,,,,,,54.0,113076.0,,,4125.0,,,,,,,,,,,,,,,11293.0,,,,,,,,,,,,,,,,,,,,,,,,,,,,,,,,1,2010-01-01,2010-Q1,,,,,,,,,,,Требуется ручная проверка,0,
1050,"ООО ""ОСКОЛБАНК""",2010,180000.0,196976.0,1731.0,1893.0,29246.0,175960.0,30.0,20149.0,11840.0,,,854035.0,822046.0,511134.0,39000.0,472134.0,189.0,6766.0,28555.0,17417.0,,4516.0,90.0,66754.0,32779.0,464.0,2375.0,,,,,,,,,,,,9.0,27848.0,,,426.0,,,,,,,,,,,,,,,2839.0,,,,,,,,,,,,,,,,,,,,,,,,,,,,,,,,2,2010-04-01,2010-Q2,,,,,,,,,,,Требуется ручная проверка,0,
1050,"ООО ""Осколбанк""",2010,180000.0,198210.0,1731.0,1893.0,45351.0,115714.0,30.0,34070.0,15022.0,,,982645.0,933553.0,601107.0,6500.0,594607.0,65.0,6753.0,58644.0,36045.0,,10492.0,224.0,121897.0,52468.0,1106.0,5162.0,,,,,,,,,,,,17.0,57929.0,,505.0,543.0,,,,,,,,,,,,,,,6268.0,,,,,,,,,,,,,,,,,,,,,,,,,,,,,,,,3,2010-07-01,2010-Q3,,,,,,,,,,,Требуется ручная проверка,0,
1050,"ООО ""Осколбанк""",2010,180000.0,198210.0,1731.0,1893.0,34512.0,109617.0,31.0,41850.0,13480.0,,,1093213.0,1037883.0,764934.0,21500.0,743434.0,79.0,6858.0,89204.0,55920.0,,17152.0,323.0,171428.0,66595.0,1991.0,8706.0,,,,,,,,,,,,22.0,88484.0,,1111.0,801.0,,,,,,,,,,,,,,,10697.0,,,,,,,,,,,,,,,,,,,,,,,,,,,,,,,,4,2010-10-01,2010-Q4,,,,,,,,,,,Требуется ручная проверка,0,
1050,"ООО ""Осколбанк""",2011,,,,,,,,,,,,,,,,,,,119240.0,76591.0,,25168.0,514.0,227734.0,88577.0,3251.0,14543.0,,,,,,,,,,,,34.0,118507.0,,1135.0,1305.0,,,,,,,,,,,,,,,17794.0,,,,,,,,,,,,,,,,,,,,,,,,,,,,,,,,1,2011-01-01,2011-Q1,,,,,,,,,,,Требуется ручная проверка,0,
1050,"ООО ""Осколбанк""",2011,180000.0,198210.0,1726.0,1898.0,38640.0,71930.0,29.0,54230.0,11624.0,,,1250329.0,1184475.0,937070.0,70300.0,866770.0,100.0,8181.0,32743.0,22402.0,,8343.0,1319.0,49794.0,11295.0,440.0,4012.0,,,,,,,,,,,,5.0,32738.0,,82.0,886.0,,,,,,,,,,,,,,,4452.0,,,,,,,,,,14.56,96.13,112.03,116.17,507.94,0.0,0.44,0.0,,,,,,,,,,,,,,,2,2011-04-01,2011-Q2,,,,,,,,,,,Требуется ручная проверка,0,
1050,"ООО ""Осколбанк""",2011,,,,,,,,,,,,,,,,,,,68433.0,46488.0,,16059.0,1384.0,108098.0,29343.0,1360.0,8626.0,,,,,,,,,,,,9.0,68424.0,,89.0,2148.0,459.0,,,,,,,,,,,,,,9986.0,,,,,,,,,,19.93,40.73,52.08,112.23,342.75,0.0,0.33,0.0,,,,,,,,,,,,,,,3,2011-07-01,2011-Q3,,,,,,,,,,,Требуется ручная проверка,0,
1050,"ООО ""Осколбанк""",2011,300000.0,320192.0,1737.0,1899.0,33577.0,97445.0,29.0,70941.0,15155.0,,,1517767.0,1431671.0,1049820.0,104710.0,945110.0,106.0,14858.0,108234.0,71684.0,,24583.0,1482.0,193633.0,69269.0,3058.0,12852.0,,,,,,,,,,,,14.0,108220.0,,253.0,3797.0,1343.0,,,,,,,,,,,,,,15910.0,,,,,,,,,,18.6,41.89,58.22,117.69,386.4,0.0,0.51,0.0,,,,,,,,,,,,,,,4,2011-10-01,2011-Q4,,,,,,,,,,,Требуется ручная проверка,0,
1050,"ООО ""Осколбанк""",2012,,,,,,,,,,,,,,,,,,,148802.0,98118.0,,33691.0,1746.0,288485.0,121431.0,4720.0,22170.0,,,,,,,,,,,,15.0,148787.0,,362.0,5684.0,2227.0,,,,,,,,,,,,,,26890.0,,,,,,,,,,17.73,77.7,75.14,116.03,413.51,0.0,0.34,0.0,,,,,,,,,,,,,,,1,2012-01-01,2012-Q1,,,,,,,,,,,Требуется ручная проверка,0,
1050,"ООО ""Осколбанк""",2012,300000.0,320192.0,1735.0,1901.0,27699.0,29454.0,59.0,65865.0,5532.0,,,1696320.0,1624923.0,1171887.0,129559.0,1042328.0,68.0,17048.0,42997.0,28406.0,,7403.0,202.0,58804.0,9558.0,477.0,4550.0,,,,,,,,,,,,1.0,42996.0,,628.0,2710.0,875.0,,,,,,,,,,,,,,5027.0,,,,,,,,,,16.94,27.2,53.23,117.75,425.5,0.0,0.45,0.0,,,,,,,,,,,,,,,2,2012-04-01,2012-Q2,,,,,,,,,,,Требуется ручная проверка,0,
1050,"ООО ""Осколбанк""",2012,300000.0,322192.0,1735.0,1901.0,30844.0,37220.0,66.0,65726.0,3624.0,,,1663530.0,1594180.0,1182520.0,103817.0,1078703.0,56.0,16849.0,85545.0,57058.0,,15995.0,311.0,128168.0,23478.0,1639.0,8618.0,,,,,,,,,,,,1.0,85544.0,,1310.0,4691.0,1750.0,,,,,,,,,,,,,,10257.0,,,,,,,,,,17.49,66.0,64.7,115.14,396.65,0.0,1.13,0.0,,,,,,,,,,,,,,,3,2012-07-01,2012-Q3,,,,,,,,,,,Требуется ручная проверка,0,
1050,"ООО ""Осколбанк""",2012,300000.0,322192.0,1735.0,1901.0,38413.0,133243.0,66.0,68362.0,3622.0,,,1623856.0,1551872.0,1265272.0,77187.0,1188085.0,45.0,17367.0,128313.0,87842.0,,27422.0,507.0,197361.0,32397.0,2491.0,12263.0,,,,,,,,,,,,1.0,128107.0,,1613.0,6593.0,2634.0,,,,,,,,,,,,,,14754.0,,,,,,,,,,17.43,91.69,125.61,97.97,371.64,0.0,1.0,0.0,,,,,,,,,,,,,,,4,2012-10-01,2012-Q4,,0409135,,,,,,,,,Требуется ручная проверка,0,
1050,"ООО ""Осколбанк""",2013,300000.0,322192.0,1735.0,1901.0,46726.0,108894.0,63.0,68690.0,3616.0,,,1549170.0,1476864.0,1257563.0,77782.0,1179781.0,48.0,18694.0,169368.0,119094.0,,39833.0,555.0,266651.0,46988.0,3513.0,16901.0,,,,,,,,,,,,1.0,167949.0,,1613.0,8128.0,3518.0,,,,,,,,,,,,,,20414.0,,,,,,,,,,19.69,77.8,148.49,99.04,323.17,0.0,1.08,0.0,,,,,,,,,,,,,,,1,2013-01-01,2013-Q1,,,,,,,,,,,Требуется ручная проверка,0,
1050,"ООО ""Осколбанк""",2013,300000.0,322192.0,1731.0,1905.0,53697.0,32243.0,40062.0,63146.0,3614.0,,,1436201.0,1369441.0,1212470.0,49867.0,1162603.0,68.0,18710.0,39691.0,31086.0,,9256.0,41.0,63238.0,12989.0,190.0,1008.0,,,,,,,,,,,,2546.0,37145.0,,,1076.0,865.0,,,,,,,,,,,,,,1198.0,,,,,,,,,,17.61,33.45,133.64,85.37,377.79,0.0,1.06,0.0,,,,,,,,,77735.0,,,,,,2,2013-04-01,2013-Q2,,0409135,,,,,,,,,Требуется ручная проверка,0,
1050,"ООО ""Осколбанк""",2013,300000.0,323707.0,1731.0,1905.0,35899.0,206661.0,40063.0,61765.0,3606.0,,,1396241.0,1330870.0,1177360.0,19700.0,1157660.0,18.0,18849.0,79337.0,61788.0,,18857.0,118.0,127357.0,27507.0,616.0,2929.0,,,,,,,,,,,,3.0,75543.0,,,1636.0,1740.0,,,,,,,,,,,,,,3545.0,,,,,,,,,,17.03,72.71,127.99,58.79,358.61,0.0,0.64,0.0,,,,,,,,,163637.0,,,,,,3,2013-07-01,2013-Q3,,0409135,,,,,,,,,Требуется ручная проверка,0,
1050,"ООО ""Осколбанк""",2013,400000.0,423707.0,1731.0,1905.0,42083.0,83707.0,40067.0,70031.0,3610.0,,,1310344.0,1236703.0,1141471.0,20000.0,1121471.0,33.0,18412.0,116075.0,90108.0,,30052.0,158.0,193671.0,45857.0,1514.0,4500.0,,,,,,,,,,,,47.0,110642.0,,,2167.0,2624.0,,,,,,,,,,,,,,6014.0,,,,,,,,,,18.56,132.55,238.37,77.84,312.77,0.0,0.54,0.0,,,,,,,,,245027.0,,,,,,4,2013-10-01,2013-Q4,,0409135,,,,,,,,,Требуется ручная проверка,0,
1050,"ООО ""Осколбанк""",2014,400000.0,423707.0,1731.0,1905.0,39907.0,199242.0,66.0,68509.0,3604.0,,,1346931.0,1274818.0,1130314.0,7500.0,1122814.0,15.0,17243.0,152683.0,117920.0,,35186.0,236.0,264334.0,76123.0,1908.0,7136.0,,,,,,,,,,,,132.0,145339.0,,,2455.0,3509.0,,,,,,,,,,,,,,9044.0,,,,,,,,,,22.93,103.66,203.38,81.11,236.33,0.0,0.62,0.0,,,,,,,,,187722.0,,,,,,1,2014-01-01,2014-Q1,,,,,,,,,,,Требуется ручная проверка,0,
1050,"ООО ""Осколбанк""",2014,400000.0,423707.0,1731.0,1905.0,36120.0,179217.0,72.0,61177.0,3594.0,,,1368002.0,1303231.0,1100556.0,,1100556.0,33.0,42275.0,35938.0,26265.0,,4137.0,41.0,53970.0,14063.0,238.0,2129.0,,,,,,,,,,,,73.0,35256.0,,,22.0,865.0,,,,,,,,,,,,,,2367.0,,,,,22.29,22.29,22.36,,,,180.95,195.9,95.26,236.11,0.0,0.54,0.0,,,,,,,,,260827.0,,,,,423977.0,2,2014-04-01,2014-Q2,,,,,,,,,,,Требуется ручная проверка,0,
1050,"ООО ""Осколбанк""",2014,400000.0,,,1905.0,,,,,,,,,,,,,,,71584.0,53209.0,,8687.0,135.0,134348.0,53050.0,492.0,2423.0,,,,,,,,,,,,350.0,70625.0,,,22.0,1629.0,,,,,,,,,,,,,,2915.0,,,,,21.62,21.62,21.7,,,,139.46,118.56,100.55,245.71,0.0,0.47,0.0,,,,,,,,,238710.0,,,,,424233.0,3,2014-07-01,2014-Q3,,,,,,,,,,,Требуется ручная проверка,0,
1050,"ООО ""Осколбанк""",2014,400000.0,423976.0,1731.0,1905.0,33307.0,58682.0,221.0,63410.0,20101.0,,,1619253.0,1535742.0,1178756.0,,1178756.0,8.0,12870.0,110652.0,80071.0,,13825.0,200.0,212799.0,87006.0,1079.0,4290.0,,,,,,,,,,,,989.0,109054.0,,,22.0,2443.0,,,,,,,,,,,,,,5369.0,,,,,19.28,19.28,19.46,,,,80.29,92.69,98.35,296.49,0.0,0.42,0.0,,,,,,,,,171649.0,,,,,426388.0,4,2014-10-01,2014-Q4,,,,,,,,,,,Требуется ручная проверка,0,
1050,"ООО ""Осколбанк""",2015,400000.0,423976.0,1731.0,1905.0,30728.0,41501.0,278.0,66924.0,29770.0,,,1712157.0,1615463.0,1206991.0,0.0,1206991.0,24.0,13188.0,151850.0,107083.0,,20266.0,958.0,284557.0,105128.0,2180.0,8716.0,,,,,,,,,,,,1466.0,149775.0,,,51.0,3434.0,,,,,,,,,,,,,,10896.0,,,,,19.4,19.4,19.78,,,,40.59,56.34,104.67,308.85,0.0,0.61,0.0,,,,,,,,,58927.0,,,,,430858.0,1,2015-01-01,2015-Q1,,,,,,,,,,,Требуется ручная проверка,0,
1050,"ООО ""Осколбанк""",2015,400000.0,423976.0,1731.0,1905.0,26839.0,38720.0,333.0,58578.0,58101.0,,,1730316.0,1613637.0,1261765.0,12100.0,1249665.0,21.0,13483.0,41422.0,27570.0,,5268.0,172.0,64595.0,10294.0,206.0,1601.0,,,,,,,,,,,,27.0,41395.0,,,200.0,947.0,,,,,,,,,,,,,,1807.0,,,,,18.55,18.55,18.61,,,,49.84,65.16,98.61,342.73,0.0,0.6,0.0,,,,,,,,,69952.0,,,,,413428.0,2,2015-04-01,2015-Q2,,,,,,,,,,,Требуется ручная проверка,0,
1050,"ООО ""Осколбанк""",2015,400000.0,424323.0,1731.0,1905.0,17636.0,31991.0,285.0,57924.0,67822.0,,,1771016.0,1645270.0,1281214.0,18750.0,1262464.0,14.0,14682.0,84765.0,56169.0,,10080.0,424.0,162567.0,50720.0,,451.0,,,,,,,,,,,,30.0,84735.0,,105.0,611.0,1893.0,,,,,,,,,,,,,,451.0,,,,,18.56,18.56,18.62,,,,63.96,75.2,103.31,347.13,0.0,0.64,0.0,,,,,,,,,143684.0,,,,,422642.0,3,2015-07-01,2015-Q3,,,,,,,,,,,Требуется ручная проверка,0,
1050,"ООО ""Осколбанк""",2015,400000.0,,,1905.0,,,,,,,,,,,,,,,129038.0,85465.0,,15360.0,526.0,233071.0,66313.0,87.0,2865.0,,,,,,,,,,,,48.0,128990.0,,105.0,660.0,2428.0,,,,,,,,,,,,,,2952.0,,,,,19.18,19.18,19.28,,,,91.76,100.7,106.11,327.07,0.0,0.58,0.0,,,,,,,,,140957.0,,,,,425071.0,4,2015-10-01,2015-Q4,,,,,,,,,,,Требуется ручная проверка,0,
1050,"ООО ""Осколбанк""",2016,400000.0,424323.0,1731.0,1905.0,38877.0,48942.0,349.0,61516.0,82421.0,,,1776838.0,1632901.0,1321441.0,1300.0,1320141.0,79.0,9579.0,175054.0,115080.0,,21086.0,632.0,314795.0,92395.0,817.0,7610.0,,,,,,,,,,,,109.0,174945.0,,105.0,694.0,2829.0,,,,,,,,,,,,,,8427.0,,,,,18.77,18.77,19.52,,,,77.98,81.27,113.48,319.65,0.0,0.64,0.0,,,,,,,,,154584.0,,,,,442266.0,1,2016-01-01,2016-Q1,,,,,,,,,,,Требуется ручная проверка,0,
1050,"ООО ""Осколбанк""",2016,400000.0,439459.0,16867.0,1905.0,43198.0,113456.0,182.0,64297.0,83316.0,,,1748594.0,1600981.0,1364386.0,300.0,1364086.0,78.0,9814.0,44426.0,29783.0,0.0,1957.0,0.0,35055.0,2826.0,513.0,3272.0,,,,,,,,,,,,2.0,44424.0,0.0,0.0,22.0,0.0,,,,,,,,,,,,,,3785.0,,,0.0,,18.54,18.54,19.01,,,,103.54,105.97,109.13,325.3,0.0,0.59,0.0,,,,,,,,,228260.0,,,,,434387.0,2,2016-04-01,2016-Q2,,,,,,,,,,,Требуется ручная проверка,0,
1050,"ООО ""Осколбанк""",2016,400000.0,,,35.0,,,,,,,,,,,,,,,88691.0,60769.0,0.0,6926.0,0.0,65288.0,6199.0,160.0,1911.0,,,,,,,,,,,,2.0,88689.0,0.0,0.0,239.0,0.0,,,,,,,,,,,,,,2071.0,,,6.0,1917.0,18.64,18.64,19.06,,,,130.25,75.49,97.34,339.53,0.0,0.55,0.0,,,,,,,,,223596.0,,,,,433058.0,3,2016-07-01,2016-Q3,,,,,,,,,,,Требуется ручная проверка,0,
1050,"ООО ""Осколбанк""",2016,400000.0,437884.0,16854.0,35.0,38323.0,197093.0,154.0,67014.0,81014.0,,,1721139.0,1573111.0,1403157.0,5200.0,1397957.0,95.0,10179.0,134372.0,92765.0,0.0,10559.0,0.0,94603.0,10041.0,959.0,3130.0,,,,,,,,,,,,6.0,134060.0,0.0,0.0,338.0,0.0,,,,,,,,,,,,,,4089.0,,,12.0,3142.0,18.78,18.78,19.25,,,,101.94,81.94,88.15,332.69,0.0,0.78,0.0,,,,,,,,,223183.0,,,,,434214.0,4,2016-10-01,2016-Q4,,,,,,,,,,,Требуется ручная проверка,0,
1050,"ООО ""Осколбанк""",2017,400000.0,478378.0,57348.0,35.0,23211.0,158094.0,147.0,76340.0,156542.0,,,1725917.0,1493035.0,1209347.0,1050.0,1208297.0,107.0,11580.0,179810.0,121184.0,0.0,13023.0,0.0,125399.0,12390.0,31.0,7425.0,,,,,,,,,,,,17.0,178284.0,0.0,0.0,349.0,0.0,,,,,,,,,,,,,,7394.0,,,19.0,7444.0,20.28,20.28,21.27,,,,77.51,86.44,77.45,292.21,0.0,0.71,0.0,,,,,,,,,166445.0,,,,,443858.0,1,2017-01-01,2017-Q1,,,,,,,,,,,Требуется ручная проверка,0,
1050,"ООО ""Осколбанк""",2017,400000.0,443421.0,22391.0,35.0,24063.0,156043.0,139.0,65220.0,132864.0,,,1579065.0,1380981.0,1147660.0,1050.0,1146610.0,95.0,10604.0,42668.0,26147.0,0.0,2035.0,0.0,22997.0,4034.0,223.0,4165.0,,,,,,,,,,,,637.0,42031.0,0.0,0.0,17.0,0.0,,,,,,,,,,,,,,4388.0,,,0.0,4165.0,20.677,20.677,21.548,,,,53.836,64.735,68.737,291.956,0.0,0.679,0.0,,,,,,,,,113535.0,,,,,441350.0,2,2017-04-01,2017-Q2,,,,,,,,,,,Требуется ручная проверка,0,
1050,"ООО ""Осколбанк""",2017,400000.0,480718.0,59471.0,35.0,25157.0,143915.0,214.0,66443.0,155215.0,,,1593469.0,1371811.0,1113728.0,600.0,1113128.0,122.0,9871.0,82584.0,51504.0,0.0,7007.0,0.0,55581.0,12828.0,1219.0,4165.0,,,,,,,,,,,,935.0,81649.0,0.0,0.0,25.0,0.0,,,,,,,,,,,,,,5384.0,,,6.0,4171.0,20.344,20.344,20.802,,,,78.105,60.32,74.916,306.083,0.0,0.645,0.0,,,,,,,,,185515.0,,,,,423094.0,3,2017-07-01,2017-Q3,,,,,,,,,,,Требуется ручная проверка,0,
1050,"ООО ""Осколбанк""",2017,400000.0,450272.0,29025.0,35.0,31207.0,237425.0,558.0,68645.0,230963.0,,,1670134.0,1370526.0,1219561.0,100100.0,1119461.0,135.0,10194.0,123953.0,77105.0,0.0,14337.0,0.0,134692.0,58467.0,162.0,4165.0,,,,,,,,,,,,12.0,122038.0,0.0,0.0,554.0,0.0,,,,,,,,,,,,,,4327.0,,,12.0,4177.0,21.104,21.104,22.669,,,,93.156,95.006,79.998,277.406,0.0,1.147,0.0,,,,,,,,,354789.0,,,,,454957.0,4,2017-10-01,2017-Q4,,,,,,,,,,,Требуется ручная проверка,0,
1050,"ООО ""Осколбанк""",2018,400000.0,496007.0,74760.0,35.0,30270.0,219504.0,741.0,58522.0,211684.0,,,1582593.0,1312387.0,1138865.0,100.0,1138765.0,208.0,10726.0,166395.0,102577.0,0.0,17594.0,0.0,168589.0,61867.0,1303.0,9760.0,,,,,,,,,,,,23.0,161402.0,0.0,0.0,1498.0,0.0,,,,,,,,,,,,,,11063.0,,,19.0,9779.0,20.527,20.527,22.681,,,,177.855,115.21,75.109,262.092,0.0,0.856,0.0,,,,,,,,,769025.0,,,,,423482.0,1,2018-01-01,2018-Q1,,,,,,,,,,,Требуется ручная проверка,0,
1050,"ООО ""Осколбанк""",2018,400000.0,443757.0,22510.0,35.0,24931.0,158818.0,750.0,66086.0,241662.0,,,1599473.0,1291725.0,1433283.0,300100.0,1133183.0,215.0,13156.0,46242.0,28380.0,0.0,3259.0,0.0,25123.0,3358.0,892.0,3631.0,,,,,,,,,,,,23.0,35792.0,0.0,0.0,4144.0,0.0,,,,,,,,,,,,,,4523.0,,,0.0,3631.0,21.414,21.414,22.168,17.169,,,97.046,95.839,87.338,280.341,0.0,0.88,0.0,,,,,,,,,813401.0,,,,,437298.0,2,2018-04-01,2018-Q2,,,,,,,,,,,Требуется ручная проверка,0,
1050,"ООО ""Осколбанк""",2018,400000.0,444117.0,22504.0,35.0,38223.0,160465.0,785.0,63963.0,239084.0,,,1660706.0,1357659.0,1476910.0,300000.0,1176910.0,217.0,15998.0,96338.0,57599.0,0.0,6399.0,0.0,60167.0,7894.0,1372.0,6939.0,,,,,,,,,,,,57.0,73547.0,0.0,0.0,8875.0,0.0,,,,,,,,,,,,,,8311.0,,,6.0,6945.0,21.499,21.499,22.462,17.922,,,173.354,107.914,90.724,280.705,0.0,0.785,0.0,,,,,,,,,706225.0,,,,,440177.0,3,2018-07-01,2018-Q3,,,,,,,,,,,Требуется ручная проверка,0,
1050,"ООО ""Осколбанк""",2018,400000.0,444111.0,22498.0,35.0,36695.0,110302.0,788.0,59971.0,254126.0,,,1768949.0,1454852.0,1394615.0,250000.0,1144615.0,168.0,13505.0,143235.0,85203.0,0.0,9923.0,0.0,94083.0,13869.0,2161.0,9352.0,,,,,,,,,,,,115.0,112423.0,0.0,0.0,12335.0,0.0,,,,,,,,,,,,,,11513.0,,,12.0,9364.0,20.717,20.717,21.833,19.141,,,165.04,97.969,106.401,271.94,0.0,1.033,0.0,,,,,,,,,506298.0,,,,,443085.0,4,2018-10-01,2018-Q4,,,,,,,,,,,Требуется ручная проверка,0,
1050,"ООО ""Осколбанк""",2019,400000.0,444104.0,22491.0,35.0,44091.0,123427.0,852.0,58593.0,249974.0,,,1691884.0,1383317.0,1330261.0,128000.0,1202261.0,198.0,11620.0,185348.0,110910.0,0.0,13698.0,0.0,136544.0,28289.0,2876.0,17997.0,,,,,,,,,,,,134.0,148715.0,0.0,0.0,14295.0,0.0,,,,,,,,,,,,,,20873.0,,,19.0,18016.0,17.966,20.36,21.937,0.0,,,,136.043,0.0,0.0,,0.0,0.0,,,,,,,,,,,,,,448534.0,1,2019-01-01,2019-Q1,,,,,,,,,,,Требуется ручная проверка,0,
1050,"ООО ""Осколбанк""",2019,400000.0,444098.0,22485.0,35.0,37491.0,12314.0,869.0,54542.0,276945.0,,,1732014.0,1400527.0,1204914.0,,1204914.0,115.0,2343.0,45783.0,24774.0,0.0,2295.0,0.0,29282.0,5398.0,4551.0,23908.0,,,,,,,,,,,,31.0,40081.0,0.0,0.0,658.0,0.0,,,,,,,,,,,,,,23908.0,,,0.0,23908.0,,19.373,20.193,,,,,87.081,,,,,,,,,,,,,,315197.0,,,,,430370.0,2,2019-04-01,2019-Q2,,,,,,,,,,,Требуется ручная проверка,0,
1050,"ООО ""Осколбанк""",2019,400000.0,444244.0,22479.0,35.0,33765.0,7979.0,877.0,58173.0,283751.0,,,1892434.0,1550510.0,1225495.0,,1225495.0,116.0,2339.0,88098.0,49222.0,0.0,5171.0,0.0,60332.0,10591.0,3943.0,22615.0,,,,,,,,,,,,31.0,78725.0,0.0,0.0,658.0,0.0,,,,,,,,,,,,,,26558.0,,,6.0,22621.0,,20.097,20.774,,,,,72.477,,,,,,,,,,,,,,371453.0,,,,,433347.0,3,2019-07-01,2019-Q3,,,,,,,,,,,Требуется ручная проверка,0,
1050,"ООО ""Осколбанк""",2019,400000.0,444238.0,22473.0,35.0,38654.0,11762.0,870.0,57607.0,268582.0,,,1913002.0,1586813.0,1383709.0,150000.0,1233709.0,121.0,2591.0,133253.0,74782.0,0.0,7228.0,0.0,95614.0,14911.0,4207.0,32865.0,,,,,,,,,,,,31.0,117247.0,0.0,0.0,1675.0,0.0,,,,,,,,,,,,,,37072.0,,,12.0,32877.0,,18.673,19.116,,,,,84.903,,,,,,,,,,,,,,488256.0,,,,,416552.0,4,2019-10-01,2019-Q4,,,,,,,,,,,Требуется ручная проверка,0,
1052,"""МТИ-БАНК"" (ЗАО)",2010,123000.0,175346.0,3577.0,,33116.0,122041.0,95000.0,11826.0,1790.0,3410.0,,72559.0,58631.0,103774.0,,102438.0,,3586.0,8806.0,1972.0,0.0,23654.0,11723.0,79768.0,25276.0,835.0,285.0,,,,,,,,,,,,805.0,4565.0,214.0,0.0,6.0,0.0,,,,,,,,,,,,,,1120.0,,,,,,,,,,,,,,,,,,,,,,,,,,,,,,,,2,2010-04-01,2010-Q2,,,,,,,,,,,Требуется ручная проверка,0,
1052,"""МТИ-Банк"" (ЗАО)",2011,,,,,,,,,,,,,,,,,,,41196.0,7863.0,0.0,108961.0,55851.0,579925.0,339947.0,2300.0,7533.0,,,,,,,,,,,,3460.0,26396.0,583.0,6.0,397.0,0.0,,,,,,,,,,,,,,9833.0,,,,,,,,,,,,,,,,,,,,,,,,,,,,,,,,1,2011-01-01,2011-Q1,,,,,,,,,,,Требуется ручная проверка,0,
1052,"""МТИ-Банк"" (ЗАО)",2011,123000.0,196685.0,3000.0,,15942.0,156835.0,120000.0,55142.0,,,,170225.0,114970.0,146574.0,,146574.0,,4420.0,13169.0,1787.0,0.0,27028.0,12611.0,165202.0,116386.0,992.0,5401.0,,,,,,,,,,,,944.0,10290.0,46.0,0.0,1787.0,0.0,,,,,,,,,,,,,,6393.0,,,,,,,,,,42.7,66.38,81.0,32.75,186.59,0.0,0.05,0.0,,,,,,,,,,,,,,,2,2011-04-01,2011-Q2,,,,,,,,,,,Требуется ручная проверка,0,
1052,"""МТИ-Банк"" (ЗАО)",2011,,,,,,,,,,,,,,,,,,,26592.0,2960.0,0.0,54814.0,25868.0,336444.0,237862.0,2409.0,8150.0,,,,,,,,,,,,1655.0,21415.0,46.0,37.0,2923.0,0.0,,,,,,,,,,,,,,10559.0,,,,,,,,,,44.6,81.88,91.03,41.67,160.74,0.0,0.02,0.0,,,,,,,,,,,,,,,3,2011-07-01,2011-Q3,,,,,,,,,,,Требуется ручная проверка,0,
1052,"""МТИ-Банк"" (ЗАО)",2011,123000.0,204452.0,3000.0,7767.0,21760.0,95001.0,135000.0,55604.0,,,,191203.0,135599.0,76593.0,,76593.0,2.0,5642.0,38678.0,4210.0,0.0,100208.0,53605.0,513778.0,343909.0,2893.0,14623.0,,,,,,,,,,,,2447.0,31529.0,46.0,41.0,4169.0,0.0,,,,,,,,,,,,,,17516.0,,,,,,,,,,45.34,103.43,101.74,31.14,133.14,0.0,0.0,0.0,,,,,,,,,,,,,,,4,2011-10-01,2011-Q4,,,,,,,,,,,Требуется ручная проверка,0,
1052,"""МТИ-Банк"" (ЗАО)",2012,,,,,,,,,,,,,,,,,,,54041.0,5606.0,0.0,158476.0,89747.0,727742.0,471114.0,5330.0,24039.0,,,,,,,,,,,,3271.0,44853.0,46.0,46.0,5540.0,0.0,,,,,,,,,,,,,,29369.0,,,,,,,,,,36.36,62.99,129.76,21.21,141.49,0.0,0.0,0.0,,,,,,,,,,,,,,,1,2012-01-01,2012-Q1,,,,,,,,,,,Требуется ручная проверка,0,
1052,"""МТИ-Банк"" (ЗАО)",2012,183000.0,267452.0,6000.0,7767.0,17105.0,163487.0,195000.0,107549.0,,,,250362.0,142813.0,90102.0,,90102.0,,7944.0,16217.0,1420.0,0.0,56753.0,26399.0,195619.0,123630.0,1641.0,17120.0,,,,,,,,,,,,834.0,13696.0,1687.0,5.0,1407.0,0.0,,,,,,,,,,,,,,18761.0,,,,,,,,,,47.9,100.12,100.95,24.98,103.99,0.0,0.0,0.0,,,,,,,,,,,,,,,2,2012-04-01,2012-Q2,,,,,,,,,,,Требуется ручная проверка,0,
1052,"""МТИ-Банк"" (ЗАО)",2012,183000.0,290740.0,6000.0,31055.0,10636.0,268958.0,310000.0,111152.0,365.0,,,292606.0,181089.0,71403.0,,69144.0,,5236.0,33012.0,2570.0,0.0,130185.0,74748.0,536493.0,357619.0,7518.0,22839.0,,,,,,,,,,,,1713.0,28521.0,2778.0,18.0,2538.0,0.0,,,,,,,,,,,,,,30357.0,,,,,,,,,,55.1,118.12,121.47,34.06,80.94,0.0,0.1,0.0,,,,,,,,,,,,,,,3,2012-07-01,2012-Q3,,,,,,,,,,,Требуется ручная проверка,0,
1052,"""МТИ-Банк"" (ЗАО)",2012,183000.0,290740.0,6000.0,31055.0,20223.0,152727.0,325000.0,128150.0,,,,276071.0,147921.0,76177.0,,71133.0,,5827.0,49641.0,3716.0,0.0,187873.0,106396.0,745095.0,482278.0,8839.0,34816.0,,,,,,,,,,,,2634.0,44229.0,2778.0,26.0,3655.0,0.0,,,,,,,,,,,,,,43655.0,,,,,,,,,,51.95,128.3,130.92,29.79,87.6,0.0,0.08,0.0,,,,,,,,,,,,,,,4,2012-10-01,2012-Q4,,0409135,,,,,,,,,Требуется ручная проверка,0,
1052,"""МТИ-Банк"" (ЗАО)",2013,183000.0,290740.0,6000.0,31055.0,17275.0,73739.0,310000.0,90217.0,2061.0,,,293650.0,201372.0,99683.0,,96366.0,,5956.0,67227.0,5098.0,0.0,220017.0,118729.0,963672.0,634447.0,11762.0,30901.0,,,,,,,,,,,,3586.0,60863.0,2778.0,31.0,5013.0,0.0,,,,,,,,,,,,,,42663.0,,,,,,,,,,49.38,90.55,130.08,30.47,82.08,0.0,0.07,0.0,,,,,,,,,,,,,,,1,2013-01-01,2013-Q1,,,,,,,,,,,Требуется ручная проверка,0,
1052,"""МТИ-Банк"" (ЗАО)",2013,214055.0,290740.0,6000.0,,16864.0,75873.0,375000.0,96954.0,,,,248359.0,151405.0,91666.0,,84212.0,,6955.0,16491.0,1297.0,0.0,25926.0,8877.0,115186.0,62299.0,54.0,57.0,,,,,,,,,,,,1344.0,14469.0,678.0,20.0,1241.0,0.0,,,,,,,,,,,,,,111.0,,,,,,,,,,41.46,101.39,103.04,38.76,142.99,0.0,0.06,0.0,,,,,,,,,380415.0,,,,,,2,2013-04-01,2013-Q2,,0409135,,,,,,,,,Требуется ручная проверка,0,
1052,"""МТИ-Банк"" (ЗАО)",2013,214055.0,324178.0,6000.0,33438.0,32405.0,92541.0,196000.0,131123.0,1069.0,,,260808.0,128616.0,77760.0,,68873.0,,5543.0,34306.0,2378.0,0.0,58296.0,25908.0,245603.0,117938.0,110.0,622.0,,,,,,,,,,,,2780.0,28059.0,3467.0,82.0,2114.0,106.0,,,,,,,,,,,,,,732.0,,,,,,,,,,43.48,104.3,104.82,45.36,126.73,0.0,0.3,0.0,,,,,,,,,317775.0,,,,,,3,2013-07-01,2013-Q3,,0409135,,,,,,,,,Требуется ручная проверка,0,
1052,"""МТИ-Банк"" (ЗАО)",2013,214055.0,324178.0,6000.0,33438.0,32231.0,84160.0,100000.0,157071.0,684.0,,,385303.0,227548.0,78710.0,,67351.0,,5622.0,53855.0,4236.0,0.0,81393.0,35747.0,376648.0,171726.0,62.0,1447.0,,,,,,,,,,,,4259.0,44402.0,5194.0,137.0,3000.0,971.0,,,,,,,,,,,,,,1509.0,,,,,,,,,,36.62,83.22,84.86,58.77,171.35,1.98,2.69,0.0,,,,,,,,,255886.0,,,,,,4,2013-10-01,2013-Q4,,0409135,,,,,,,,,Требуется ручная проверка,0,
1052,"""МТИ-Банк"" (ЗАО)",2014,247492.0,324177.0,6000.0,,20820.0,56041.0,289000.0,180540.0,0.0,,,383382.0,202842.0,71115.0,,60802.0,62.0,16346.0,76098.0,5992.0,0.0,102597.0,39357.0,491901.0,221010.0,498.0,79.0,,,,,,,,,,,,5806.0,63751.0,6541.0,205.0,3919.0,1688.0,,,,,,,,,,,,,,577.0,,,,,,,,,,33.65,56.37,83.15,75.81,154.49,1.45,1.91,0.0,,,,,,,,,296789.0,,,,,,1,2014-01-01,2014-Q1,,,,,,,,,,,Требуется ручная проверка,0,
1052,"""МТИ-Банк"" (ЗАО)",2014,247492.0,324177.0,6000.0,,77658.0,48489.0,0.0,181265.0,105.0,,,432420.0,251050.0,47515.0,,46295.0,102.0,19960.0,22735.0,1451.0,0.0,17017.0,12207.0,76434.0,16565.0,220.0,645.0,,,,,,,,,,,,1567.0,21168.0,0.0,0.0,657.0,780.0,,,,,,,,,,,,,,865.0,,,,,32.11,32.11,32.25,,,,82.25,87.71,42.14,119.72,1.28,1.53,0.0,,,,,,,,,351097.0,,,,,,2,2014-04-01,2014-Q2,,,,,,,,,,,Требуется ручная проверка,0,
1052,"""МТИ-Банк"" (ЗАО)",2014,247492.0,,0.0,350.0,,,,,,,,,,,,,,,43227.0,2949.0,0.0,36052.0,21555.0,185045.0,57877.0,1690.0,8308.0,0.0,0.0,,0.0,0.0,,,,,,,3089.0,40138.0,0.0,0.0,1306.0,1623.0,,,,,,,,,,,,,,6618.0,,,,,34.07,34.07,34.07,,,,90.26,88.71,20.03,116.3,1.13,1.55,0.0,,,,,,,,,252879.0,,,,,316996.0,3,2014-07-01,2014-Q3,,,,,,,,,,,Требуется ручная проверка,0,
1052,"""МТИ-Банк"" (ЗАО)",2014,247492.0,324527.0,6000.0,350.0,45901.0,38874.0,155000.0,132682.0,3093.0,,,330658.0,194883.0,44912.0,,43692.0,,13222.0,63765.0,4064.0,0.0,58105.0,42903.0,284285.0,88622.0,687.0,6830.0,0.0,0.0,,0.0,0.0,,,,,,,4707.0,58671.0,387.0,0.0,1909.0,2128.0,,,,,,,,,,,,,,6143.0,,,,,34.26,34.26,34.26,,,,82.88,85.28,14.65,124.42,0.93,1.25,0.0,,,,,,,,,375535.0,,,,,318708.0,4,2014-10-01,2014-Q4,,,,,,,,,,,Требуется ручная проверка,0,
1052,"""МТИ-Банк"" (ЗАО)",2015,247492.0,324527.0,6000.0,350.0,74212.0,41573.0,160000.0,127870.0,19848.0,,,336827.0,189109.0,44714.0,,43494.0,,4966.0,85713.0,4725.0,0.0,264021.0,139589.0,737565.0,138041.0,1165.0,45255.0,0.0,0.0,,0.0,0.0,,,,,,,6593.0,77658.0,1462.0,0.0,2349.0,2343.0,,,,,,,,,,,,,,46420.0,,,,,32.2,32.2,36.79,,,,43.08,95.44,16.47,106.22,0.64,0.91,0.0,,,,,,,,,409639.0,,,,,370695.0,1,2015-01-01,2015-Q1,,,,,,,,,,,Требуется ручная проверка,0,
1052,"""МТИ-Банк"" (ЗАО)",2015,247492.0,324527.0,6000.0,350.0,73009.0,53511.0,250000.0,106738.0,31922.0,,,407499.0,268839.0,42102.0,,41102.0,2201.0,10430.0,37710.0,1055.0,0.0,55842.0,46521.0,371404.0,141629.0,273.0,1119.0,0.0,0.0,,0.0,0.0,,,,,,,1588.0,27922.0,8200.0,0.0,428.0,2.0,,,,,,,,,,,,,,1392.0,,,,,32.1,32.1,35.79,,,,65.65,79.17,23.09,135.89,0.49,0.69,0.0,,,,,,,,,374454.0,,,,,361780.0,2,2015-04-01,2015-Q2,,,,,,,,,,,Требуется ручная проверка,0,
1052,"""МТИ-Банк"" (ЗАО)",2015,247492.0,360508.0,6000.0,36331.0,121332.0,60351.0,284000.0,144588.0,34830.0,,,565765.0,386347.0,46117.0,,39706.0,674.0,6738.0,74682.0,1540.0,0.0,115923.0,90286.0,650600.0,212954.0,420.0,606.0,0.0,0.0,,0.0,0.0,,,,,,,2773.0,56938.0,14971.0,0.0,854.0,2.0,,,,,,,,,,,,,,1026.0,,,,,28.52,28.52,28.61,,,,47.78,72.58,34.96,175.05,0.32,0.51,0.0,,,,,,,,,361548.0,,,,,361641.0,3,2015-07-01,2015-Q3,,,,,,,,,,,Требуется ручная проверка,0,
1052,"""МТИ-Банк"" (ЗАО)",2015,283823.0,,0.0,0.0,,,,,,,,,,,,,,,109085.0,2436.0,0.0,177818.0,138435.0,979067.0,259735.0,1749.0,1803.0,0.0,0.0,,0.0,0.0,,,,,,,4817.0,85250.0,19018.0,0.0,1417.0,2.0,,,,,,,,,,,,,,54.0,,,,,31.48,31.48,31.48,,,,83.42,95.48,33.69,112.97,0.16,0.61,0.0,,,,,,,,,610833.0,,,,,359621.0,4,2015-10-01,2015-Q4,,,,,,,,,,,Требуется ручная проверка,0,
1052,"""МТИ-Банк"" (АО)",2016,283823.0,360508.0,6000.0,,154963.0,72779.0,270000.0,197233.0,39626.0,,,522403.0,285544.0,50593.0,,49593.0,157.0,5979.0,142571.0,3414.0,0.0,229808.0,176897.0,1242473.0,340335.0,2298.0,3877.0,0.0,0.0,,0.0,0.0,,,,,,,5251.0,115576.0,21744.0,0.0,2138.0,2.0,,,,,,,,,,,,,,6175.0,,,,,30.72,30.72,31.13,,,,61.6,96.2,38.52,87.98,0.0,0.43,0.0,,,,,,,,,418135.0,,,,,365354.0,1,2016-01-01,2016-Q1,,,,,,,,,,,Требуется ручная проверка,0,
1052,"""МТИ-Банк"" (АО)",2016,283823.0,360508.0,6000.0,,117501.0,45466.0,90000.0,225105.0,43142.0,,,596407.0,328160.0,57378.0,,57378.0,20.0,5405.0,28413.0,934.0,0.0,2106.0,70.0,285330.0,5280.0,862.0,13658.0,0.0,0.0,,0.0,0.0,,,,,,,207.0,26782.0,1424.0,0.0,1.0,0.0,,,,,,,,,,,,,,12796.0,,,0.0,13658.0,32.86,32.86,33.33,,,,83.64,87.66,46.49,92.42,0.0,0.56,0.0,,,,,,,,,486825.0,,,,,350706.0,2,2016-04-01,2016-Q2,,,,,,,,,,,Требуется ручная проверка,0,
1052,"""МТИ-Банк"" (АО)",2016,283823.0,,0.0,3876.0,,,,,,,,,,,,,,,53767.0,1833.0,0.0,2793.0,3459.0,450144.0,13233.0,474.0,37227.0,0.0,0.0,,0.0,0.0,,,,,,,219.0,52123.0,1424.0,0.0,1.0,0.0,,,,,,,,,,,,,,36753.0,,,0.0,37227.0,32.34,32.34,32.34,,,,88.33,89.97,39.78,106.99,0.0,0.42,0.0,,,,,,,,,505437.0,,,,,326212.0,3,2016-07-01,2016-Q3,,,,,,,,,,,Требуется ручная проверка,0,
1052,"""МТИ-Банк"" (АО)",2016,303823.0,385384.0,7000.0,3876.0,126023.0,40999.0,80000.0,125269.0,67799.0,,,482022.0,288954.0,53181.0,,53181.0,20.0,4286.0,78179.0,2744.0,0.0,3668.0,6908.0,582910.0,30051.0,295.0,36871.0,0.0,0.0,,0.0,0.0,,,,,,,227.0,71667.0,1424.0,0.0,1.0,0.0,,,,,,,,,,,,,,37166.0,,,0.0,36871.0,35.5,35.5,35.5,,,,81.01,103.73,42.46,62.02,0.0,0.26,0.0,,,,,,,,,508126.0,,,,,347774.0,4,2016-10-01,2016-Q4,,,,,,,,,,,Требуется ручная проверка,0,
1052,"""МТИ-Банк"" (АО)",2017,303823.0,385384.0,7000.0,3876.0,117131.0,95396.0,110000.0,117752.0,72145.0,,,534460.0,344563.0,37713.0,0.0,37713.0,20.0,5898.0,106495.0,3173.0,0.0,4417.0,8776.0,745917.0,37873.0,432.0,33953.0,0.0,0.0,,0.0,0.0,,,,,,,320.0,90945.0,5430.0,0.0,14.0,0.0,,,,,,,,,,,,,,34385.0,,,0.0,33953.0,38.72,38.72,38.72,,,,110.46,110.75,45.52,67.07,6.77,0.56,0.0,,,,,,,,,445191.0,,,,,350802.0,1,2017-01-01,2017-Q1,,,,,,,,,,,Требуется ручная проверка,0,
1052,"""МТИ-Банк"" (АО)",2017,303823.0,385384.0,7000.0,3876.0,86857.0,60240.0,100000.0,109034.0,43124.0,,,447516.0,295358.0,17269.0,8900.0,8369.0,374.0,4705.0,24155.0,258.0,0.0,2671.0,0.0,123918.0,5726.0,4646.0,6744.0,0.0,0.0,,0.0,0.0,,,,,,,23.0,17531.0,1814.0,0.0,106.0,0.0,,,,,,,,,,,,,,6744.0,,,0.0,6744.0,42.095,42.095,42.879,,,,83.655,105.355,21.681,62.606,6.653,0.604,0.0,,,,,,,,,422675.0,,,,,356986.0,2,2017-04-01,2017-Q2,,,,,,,,,,,Требуется ручная проверка,0,
1052,"""МТИ-Банк"" (АО)",2017,303823.0,351126.0,7000.0,3876.0,130354.0,70482.0,25000.0,82910.0,63231.0,,,395973.0,249832.0,12979.0,4000.0,8979.0,,4414.0,44980.0,411.0,0.0,1058.0,0.0,253340.0,11009.0,2180.0,2106.0,0.0,0.0,,0.0,0.0,,,,,,,64.0,32730.0,1814.0,0.0,151.0,0.0,,,,,,,,,,,,,,74.0,,,0.0,2106.0,41.158,41.158,41.158,,,,76.146,107.306,15.476,52.308,0.0,0.771,0.0,,,,,,,,,448275.0,,,,,348117.0,3,2017-07-01,2017-Q3,,,,,,,,,,,Требуется ручная проверка,0,
1052,"""МТИ-Банк"" (АО)",2017,303823.0,351126.0,7000.0,3876.0,111284.0,45337.0,0.0,64468.0,47158.0,,,321794.0,209214.0,15388.0,,15388.0,229.0,5140.0,68666.0,615.0,0.0,1363.0,0.0,386085.0,16287.0,1026.0,1395.0,0.0,0.0,,0.0,0.0,,,,,,,126.0,48290.0,1814.0,0.0,151.0,0.0,,,,,,,,,,,,,,2421.0,,,0.0,1395.0,37.075,37.075,37.216,,,,76.913,108.03,11.509,68.02,0.0,1.3,0.0,,,,,,,,,659903.0,,,,,351618.0,4,2017-10-01,2017-Q4,,,,,,,,,,,Требуется ручная проверка,0,
1052,"""МТИ-Банк"" (АО)",2018,303823.0,351126.0,7000.0,3876.0,75738.0,99463.0,75000.0,61529.0,44519.0,,,333917.0,226524.0,21974.0,0.0,21974.0,1233.0,6128.0,91581.0,1070.0,0.0,2005.0,0.0,553254.0,40648.0,2943.0,3412.0,0.0,0.0,,0.0,0.0,,,,,,,378.0,61384.0,1814.0,0.0,356.0,0.0,,,,,,,,,,,,,,6355.0,,,0.0,3412.0,35.062,35.062,35.407,,,,111.771,126.77,16.168,57.614,7.265,1.214,0.0,,,,,,,,,1119765.0,,,,,353844.0,1,2018-01-01,2018-Q1,,,,,,,,,,,Требуется ручная проверка,0,
1052,"""МТИ-Банк"" (АО)",2018,303823.0,351126.0,7000.0,3876.0,93845.0,101667.0,,61825.0,42693.0,,,320053.0,214319.0,26013.0,,26013.0,332.0,8086.0,24251.0,648.0,0.0,950.0,0.0,131209.0,10679.0,717.0,6308.0,0.0,0.0,,0.0,0.0,,,,,,,58.0,14317.0,0.0,0.0,210.0,0.0,,,,,,,,,,,,,,7025.0,,,0.0,6308.0,38.917,38.917,39.605,32.958,,,50.949,110.282,41.213,63.217,7.125,0.827,0.0,,,,,,,,,327451.0,,,,,360769.0,2,2018-04-01,2018-Q2,,,,,,,,,,,Требуется ручная проверка,0,
1052,"""МТИ-Банк"" (АО)",2018,303823.0,347261.0,7000.0,11.0,93923.0,37734.0,0.0,56189.0,14816.0,,,368900.0,296279.0,45731.0,,45731.0,769.0,12071.0,47184.0,1440.0,0.0,1608.0,0.0,507673.0,34254.0,1455.0,15651.0,0.0,0.0,,0.0,0.0,,,,,,,83.0,29048.0,0.0,0.0,210.0,0.0,,,,,,,,,,,,,,17106.0,,,0.0,15651.0,33.064,33.064,34.556,31.547,,,58.791,99.96,50.253,60.132,7.102,0.506,0.0,,,,,,,,,414076.0,,,,,361916.0,3,2018-07-01,2018-Q3,,,,,,,,,,,Требуется ручная проверка,0,
1052,"АО ""МТИ Банк""",2018,303823.0,347261.0,7000.0,11.0,69699.0,53679.0,170000.0,45076.0,14882.0,,,486058.0,424676.0,44757.0,,44757.0,,6583.0,69697.0,2200.0,0.0,2755.0,0.0,673687.0,46908.0,215.0,17906.0,0.0,0.0,,0.0,0.0,,,,,,,97.0,47185.0,0.0,0.0,210.0,0.0,,,,,,,,,,,,,,18121.0,,,0.0,17906.0,25.125,34.436,36.239,99999999.999,,,91.394,95.553,0.0,0.0,0.0,0.0,0.0,,,,,,,,,532043.0,,,,,364498.0,4,2018-10-01,2018-Q4,,,,,,,,,,,Требуется ручная проверка,0,
1052,"АО ""МТИ Банк""",2019,303823.0,347261.0,7000.0,11.0,79323.0,46251.0,0.0,83659.0,12538.0,,,438771.0,341343.0,42124.0,,42124.0,,2197.0,91779.0,2938.0,0.0,3692.0,0.0,845705.0,69501.0,932.0,23040.0,0.0,0.0,,0.0,0.0,,,,,,,119.0,66450.0,0.0,0.0,210.0,0.0,,,,,,,,,,,,,,23972.0,,,0.0,23040.0,25.332,35.35,37.721,99999999.999,,,34.533,97.395,0.0,0.0,,0.0,0.0,,,,,,,,,188299.0,,,,,368920.0,1,2019-01-01,2019-Q1,,,,,,,,,,,Требуется ручная проверка,0,
1052,"АО ""МТИ Банк""",2019,303823.0,347261.0,7000.0,11.0,41576.0,28032.0,0.0,89101.0,14444.0,,,513380.0,407896.0,41564.0,,41564.0,,2294.0,25843.0,122.0,0.0,767.0,0.0,131409.0,30409.0,181.0,602.0,0.0,0.0,,0.0,0.0,,,,,,,15.0,20338.0,0.0,122.0,670.0,0.0,,,,,,,,,,,,,,783.0,,,0.0,602.0,,28.192,29.882,,,,,87.569,,,,,,,,,,,,,,250479.0,,,,,366333.0,2,2019-04-01,2019-Q2,,,,,,,,,,,Требуется ручная проверка,0,
1052,"АО ""МТИ Банк""",2019,324552.0,377979.0,17000.0,,37503.0,39713.0,0.0,78033.0,22647.0,,,567944.0,465443.0,27282.0,,27282.0,,2197.0,51018.0,237.0,0.0,1816.0,0.0,291266.0,78430.0,175.0,398.0,0.0,0.0,,0.0,0.0,,,,,,,59.0,41896.0,0.0,237.0,1113.0,0.0,,,,,,,,,,,,,,223.0,,,0.0,398.0,,29.242,30.011,,,,,91.067,,,,,,,,,,,,,,829253.0,,,,,376260.0,3,2019-07-01,2019-Q3,,,,,,,,,,,Требуется ручная проверка,0,
1052,"АО ""МТИ Банк""",2019,324552.0,397979.0,37000.0,,44690.0,42738.0,0.0,75451.0,69209.0,,,668459.0,522156.0,42709.0,,42709.0,,2832.0,86799.0,323.0,0.0,2192.0,0.0,490058.0,105237.0,196.0,2672.0,0.0,0.0,,0.0,0.0,,,,,,,254.0,65091.0,0.0,323.0,1553.0,0.0,,,,,,,,,,,,,,2476.0,,,0.0,2672.0,,29.982,30.788,,,,,98.029,,,,,,,,,,,,,,859564.0,,,,,376629.0,4,2019-10-01,2019-Q4,,,,,,,,,,,Требуется ручная проверка,0,
1052,"АО ""МТИ Банк""",2020,324552.0,407979.0,47000.0,,44114.0,30000.0,0.0,71945.0,193918.0,,,766909.0,499581.0,63766.0,,63766.0,,6290.0,121594.0,20255.0,0.0,2822.0,0.0,679054.0,153110.0,243.0,8718.0,0.0,0.0,,0.0,0.0,,,,,,,622.0,86479.0,0.0,20255.0,1.0,0.0,,,,,,,,,,,,,,8961.0,,,0.0,8718.0,,31.515,34.431,,,,,108.995,,,,,,,,,,,,,,319198.0,,,,,400799.0,1,2020-01-01,2020-Q1,,,,,,,,,,,Требуется ручная проверка,0,
1052,"АО ""МТИ Банк""",2020,324552.0,407979.0,47000.0,,47542.0,56758.0,0.0,62185.0,56517.0,,,513066.0,392537.0,76622.0,,48922.0,,4873.0,24971.0,76.0,0.0,1112.0,0.0,205152.0,25574.0,15163.0,36585.0,0.0,0.0,,0.0,0.0,,,,,,,321.0,17761.0,0.0,76.0,36.0,0.0,,,,,,,,,,,,,,36585.0,,,0.0,36585.0,,30.915,32.356,,,,,115.9,,,,,,,,,,,,,,464473.0,,,,,376554.0,2,2020-04-01,2020-Q2,,,,,,,,,,,Требуется ручная проверка,0,
1052,"АО ""МТИ Банк""",2020,324552.0,415820.0,47000.0,7841.0,73963.0,17491.0,0.0,54372.0,82190.0,,,482723.0,344580.0,61486.0,,38786.0,,3994.0,48454.0,121.0,0.0,2742.0,0.0,384589.0,53898.0,250.0,24903.0,0.0,0.0,,0.0,0.0,,,,,,,340.0,34180.0,0.0,121.0,93.0,0.0,,,,,,,,,,,,,,24653.0,,,0.0,24903.0,,27.845,29.904,,,,,102.414,,,,,,,,,,,,,,459033.0,,,,,385380.0,3,2020-07-01,2020-Q3,,,,,,,,,,,Требуется ручная проверка,0,
1052,"АО ""МТИ Банк""",2020,324552.0,415820.0,47000.0,7841.0,74894.0,123108.0,0.0,53856.0,26043.0,,,495500.0,414326.0,64344.0,,43144.0,,3462.0,71678.0,124.0,0.0,3534.0,0.0,594823.0,93543.0,288.0,6345.0,0.0,0.0,,0.0,0.0,,,,,,,342.0,51774.0,0.0,124.0,146.0,0.0,,,,,,,,,,,,,,6057.0,,,0.0,6345.0,,29.154,33.515,,,,,103.052,,,,,,,,,,,,,,499280.0,,,,,412681.0,4,2020-10-01,2020-Q4,,,,,,,,,,,Требуется ручная проверка,0,
1052,"АО ""МТИ Банк""",2021,324552.0,415820.0,47000.0,7841.0,82961.0,119628.0,0.0,17475.0,95825.0,,,672367.0,558016.0,59807.0,,42607.0,,5004.0,97030.0,127.0,0.0,5570.0,0.0,857473.0,160089.0,3598.0,20088.0,0.0,0.0,,0.0,0.0,,,,,,,350.0,71411.0,0.0,127.0,190.0,0.0,,,,,,,,,,,,,,23686.0,,,0.0,20088.0,,25.79,31.582,,,,,109.629,,,,,,,,,,,,,,594362.0,,,,,439771.0,1,2021-01-01,2021-Q1,,,,,,,,,,,Требуется ручная проверка,0,
1052,"АО ""МТИ Банк""",2021,324552.0,415820.0,47000.0,7841.0,85334.0,30313.0,0.0,15496.0,92735.0,,,656483.0,547455.0,58337.0,,41137.0,,6751.0,26145.0,1.0,0.0,1355.0,0.0,208445.0,64665.0,1655.0,11092.0,0.0,0.0,,0.0,0.0,,,,,,,6.0,18955.0,0.0,1.0,42.0,0.0,,,,,,,,,,,,,,12747.0,,,0.0,11092.0,,23.898,30.297,,,,,90.085,,,,,,,,,,,,,,615788.0,,,,,455460.0,2,2021-04-01,2021-Q2,,,,,,,,,,,Требуется ручная проверка,0,
1052,"АО ""МТИ Банк""",2021,324552.0,415820.0,47000.0,7841.0,100117.0,16778.0,0.0,15683.0,103386.0,,,962045.0,842404.0,124040.0,,38840.0,,5989.0,59154.0,2.0,0.0,3169.0,0.0,509776.0,139385.0,7433.0,23537.0,0.0,0.0,,0.0,0.0,,,,,,,23.0,45158.0,0.0,2.0,200.0,0.0,,,,,,,,,,,,,,30970.0,,,0.0,23537.0,,25.323,30.267,,,,,96.423,,,,,,,,,,,,,,1308385.0,,,,,473270.0,3,2021-07-01,2021-Q3,,,,,,,,,,,Требуется ручная проверка,0,
1052,"АО ""МТИ Банк""",2021,428536.0,543905.0,53239.0,25703.0,102214.0,55929.0,0.0,32241.0,142214.0,,,927777.0,752537.0,63717.0,,38867.0,,5685.0,96980.0,1376.0,0.0,4748.0,0.0,787734.0,193883.0,10820.0,89124.0,0.0,0.0,,0.0,0.0,,,,,,,29.0,72551.0,0.0,1376.0,342.0,0.0,,,,,,,,,,,,,,99944.0,,,0.0,89124.0,,27.895,32.433,,,,,99.706,,,,,,,,,,,,,,936153.0,,,,,635151.0,4,2021-10-01,2021-Q4,,,,,,,,,,,Требуется ручная проверка,0,
1053,"КБ ""ФИНАНСОВЫЙ СТАНДАРТ"" (ООО)",2009,245000.0,374403.0,,113960.0,329059.0,104264.0,84001.0,319802.0,0.0,557058.0,49874.0,1078859.0,758287.0,179467.0,99516.0,79929.0,0.0,7015.0,115090.0,29712.0,0.0,131690.0,28069.0,1296984.0,574485.0,3914.0,6794.0,,,,,,,,,,,,73.0,96683.0,14159.0,133.0,4397.0,11893.0,,,,,,,,,,,,,,10708.0,,,,,,,,,,,,,,,,,,,,,,,,,,,,,,,,4,2009-10-01,2009-Q4,,,,,,,,0,,,Нет подтверждённого события до даты первого установленного события,0,
1053,"КБ ""ФИНАНСОВЫЙ СТАНДАРТ"" (ООО)",2010,245000.0,374403.0,,113960.0,83544.0,89094.0,69530.0,270830.0,2.0,297795.0,50080.0,1202637.0,931245.0,140718.0,118105.0,22591.0,0.0,9118.0,161281.0,37390.0,0.0,153041.0,33501.0,1946220.0,995942.0,4092.0,44260.0,,,,,,,,,,,,98.0,139076.0,16900.0,1445.0,5324.0,15933.0,,,,,,,,,,,,,,40168.0,,,,,,,,,,,,,,,,,,,,,,,,,,,,,,,,1,2010-01-01,2010-Q1,,,,,,,,0,,,Нет подтверждённого события до даты первого установленного события,0,
1053,"КБ ""ФИНАНСОВЫЙ СТАНДАРТ"" (ООО)",2010,245000.0,374403.0,0.0,113960.0,73396.0,213185.0,237831.0,335930.0,431.0,153783.0,49927.0,1404522.0,1067607.0,146414.0,117195.0,29198.0,0.0,10663.0,50254.0,11757.0,0.0,18201.0,1264.0,338309.0,206434.0,203.0,8272.0,,,,,,,,,,,,25.0,46780.0,2618.0,2654.0,397.0,7875.0,,,,,,,,,,,,,,8475.0,,,,,,,,,,,,,,,,,,,,,,,,,,,,,,,,2,2010-04-01,2010-Q2,,,,,,,,0,,,Нет подтверждённого события до даты первого установленного события,0,
1053,"КБ ""Финансовый стандарт"" (ООО)",2010,245000.0,328992.0,560.0,67989.0,103529.0,158602.0,200000.0,277443.0,110.0,272855.0,,1024535.0,746760.0,143378.0,115316.0,28040.0,0.0,10452.0,95445.0,15819.0,0.0,46520.0,6460.0,839930.0,547964.0,1764.0,21812.0,,,,,,,,,,,,29.0,84239.0,7141.0,4275.0,879.0,9185.0,,,,,,,,,,,,,,23576.0,,,,,,,,,,,,,,,,,,,,,,,,,,,,,,,,3,2010-07-01,2010-Q3,,,,,,,,0,,,Нет подтверждённого события до даты первого установленного события,0,
1053,"КБ ""Финансовый стандарт"" (ООО)",2010,245000.0,329266.0,834.0,67989.0,72893.0,107438.0,455000.0,529385.0,0.0,382328.0,,1540248.0,1010863.0,307185.0,129516.0,177647.0,,25452.0,148984.0,22686.0,0.0,90813.0,27898.0,1368995.0,892753.0,4630.0,20094.0,,,,,,,,,,,,60.0,128021.0,15058.0,4932.0,1292.0,11015.0,,,,,,,,,,,,,,24724.0,,,,,,,,,,,,,,,,,,,,,,,,,,,,,,,,4,2010-10-01,2010-Q4,,,,,,,,0,,,Нет подтверждённого события до даты первого установленного события,0,
1053,"КБ ""Финансовый стандарт"" (ООО)",2011,,,,,,,,,,,,,,,,,,,210762.0,37345.0,0.0,121990.0,35467.0,1948503.0,1270539.0,3080.0,16179.0,,,,,,,,,,,,133.0,182589.0,19405.0,10052.0,2303.0,14619.0,,,,,,,,,,,,,,19259.0,,,,,,,,,,,,,,,,,,,,,,,,,,,,,,,,1,2011-01-01,2011-Q1,,,,,,,,0,,,Нет подтверждённого события до даты первого установленного события,0,
1053,"КБ ""Финансовый стандарт"" (ООО)",2011,245000.0,329109.0,677.0,67989.0,284394.0,90759.0,115434.0,943126.0,0.0,32747.0,,1774462.0,831336.0,596884.0,321900.0,274961.0,0.0,24882.0,60837.0,11248.0,0.0,40096.0,7445.0,670172.0,509431.0,197.0,6792.0,,,,,,,,,,,,513.0,58616.0,944.0,3093.0,1022.0,2096.0,,,,,,,,,,,,,,6989.0,,,,,,,,,,31.45,36.72,61.19,65.73,213.42,0.0,0.55,22.62,,,,,,,,,,,,,,,2,2011-04-01,2011-Q2,,,,,,,,0,,,Нет подтверждённого события до даты первого установленного события,0,
1053,"КБ ""Финансовый стандарт"" (ООО)",2011,,,,,,,,,,,,,,,,,,,116632.0,22052.0,0.0,101782.0,21204.0,1269979.0,937959.0,2623.0,10064.0,,,,,,,,,,,,1072.0,110036.0,3329.0,4970.0,2232.0,4154.0,,,,,,,,,,,,,,12687.0,,,,,,,,,,32.03,49.38,62.39,60.26,184.57,0.0,0.6,22.6,,,,,,,,,,,,,,,3,2011-07-01,2011-Q3,,,,,,,,0,,,Нет подтверждённого события до даты первого установленного события,0,
1053,"КБ ""Финансовый стандарт"" (ООО)",2011,245000.0,341006.0,933.0,79630.0,128491.0,80114.0,115960.0,1203494.0,2212.0,145230.0,,1790473.0,566204.0,693284.0,340974.0,352278.0,,17661.0,177625.0,36055.0,0.0,203677.0,50909.0,1924648.0,1320444.0,4244.0,10257.0,,,,,,,,,,,,2083.0,163606.0,6261.0,6520.0,3497.0,8103.0,,,,,,,,,,,,,,14501.0,,,,,,,,,,27.23,54.33,73.87,73.49,198.12,0.0,0.63,22.59,,,,,,,,,,,,,,,4,2011-10-01,2011-Q4,,,,,,,,0,,,Нет подтверждённого события до даты первого установленного события,0,
1053,"КБ ""Финансовый стандарт"" (ООО)",2012,,,,,,,,,,,,,,,,,,,249170.0,52254.0,4.0,321821.0,119292.0,2874174.0,1919067.0,5844.0,401106.0,,,,,,,,,,,,3511.0,229950.0,9846.0,9393.0,4637.0,9394.0,,,,,,,,,,,,,,406950.0,,,,,,,,,,16.92,55.82,83.27,112.77,302.12,0.0,1.26,21.84,,,,,,,,,,,,,,,1,2012-01-01,2012-Q1,,,,,,,,0,,,Нет подтверждённого события до даты первого установленного события,0,
1053,"КБ ""Финансовый стандарт"" (ООО)",2012,245000.0,340982.0,909.0,79630.0,377255.0,130169.0,121620.0,1539849.0,14885.0,754481.0,,2670375.0,1098748.0,1004636.0,412800.0,591804.0,,33879.0,100643.0,24849.0,0.0,104479.0,66358.0,684304.0,341620.0,1145.0,13630.0,,,,,,,,,,,,1402.0,84694.0,14543.0,2279.0,3011.0,2675.0,,,,,,,,,,,,,,14775.0,,,,,,,,,,23.24,38.74,67.06,79.61,137.07,0.0,0.72,13.99,,,,,,,,,,,,,,,2,2012-04-01,2012-Q2,,,,,,,,0,,,Нет подтверждённого события до даты первого установленного события,0,
1053,"КБ ""Финансовый стандарт"" (ООО)",2012,245000.0,741816.0,870.0,480503.0,518889.0,127524.0,111780.0,1740509.0,10528.0,1028492.0,,3363034.0,1595803.0,1220765.0,411550.0,671047.0,,34964.0,230718.0,59133.0,12.0,284095.0,148935.0,2040744.0,1120022.0,4001.0,12864.0,,,,,,,,,,,,2370.0,187672.0,37553.0,8029.0,6500.0,5014.0,,,,,,,,,,,,,,16865.0,,,,,,,,,,20.63,46.57,57.44,85.45,197.43,0.0,0.74,20.14,,,,,,,,,,,,,,,3,2012-07-01,2012-Q3,,,,,,,,0,,,Нет подтверждённого события до даты первого установленного события,0,
1053,"КБ ""Финансовый стандарт"" (ООО)",2012,245000.0,741824.0,878.0,480503.0,427195.0,83023.0,196773.0,1594029.0,9644.0,869935.0,,3629257.0,2017319.0,1573033.0,412150.0,1017142.0,,34778.0,366658.0,102354.0,467.0,456849.0,260772.0,3538702.0,1928818.0,5810.0,12122.0,,,,,,,,,,,,2663.0,302226.0,58642.0,15562.0,10026.0,6671.0,,,,,,,,,,,,,,17932.0,,,,,,,,,,17.75,47.95,56.23,46.68,264.12,0.0,0.99,20.13,,,,,,,,,,,,,,,4,2012-10-01,2012-Q4,,0409135,,,,,,0,,,Нет подтверждённого события до даты первого установленного события,0,
1053,"КБ ""Финансовый стандарт"" (ООО)",2013,245000.0,741480.0,534.0,480503.0,302558.0,120450.0,431716.0,1278096.0,11236.0,1507800.0,,4022500.0,2724721.0,2335233.0,419244.0,1730685.0,,43842.0,535897.0,172685.0,501.0,593786.0,346026.0,4504419.0,2346479.0,6323.0,6428.0,,,,,,,,,,,,3392.0,440964.0,88410.0,22154.0,13719.0,10207.0,,,,,,,,,,,,,,12751.0,,,,,,,,,,14.34,49.63,81.67,30.44,336.8,0.0,1.1,20.12,,,,,,,,,,,,,,,1,2013-01-01,2013-Q1,,,,,,,,0,,,Нет подтверждённого события до даты первого установленного события,0,
1053,"КБ ""Финансовый стандарт"" (ООО)",2013,245000.0,740946.0,,480503.0,262297.0,159239.0,239921.0,821418.0,13064.0,1992674.0,,4357155.0,3522594.0,3055491.0,425594.0,2441206.0,,64660.0,188020.0,89232.0,141.0,89043.0,50472.0,1287039.0,841185.0,1182.0,3104.0,,,,,,,,,,,,1027.0,146920.0,39949.0,5644.0,3647.0,2928.0,,,,,,,,,,,,,,4286.0,,,,,,,,,,12.2,37.91,80.64,20.53,396.55,0.0,1.32,23.25,,,,,,,,,928926.0,,,,,,2,2013-04-01,2013-Q2,,0409135,,,,,,0,,,Нет подтверждённого события до даты первого установленного события,0,
1053,"КБ ""Финансовый стандарт"" (ООО)",2013,245000.0,748149.0,,487706.0,453434.0,118189.0,179716.0,742613.0,5925.0,1349115.0,,4653313.0,3904449.0,3241179.0,413950.0,2799232.0,12.0,67824.0,393065.0,186152.0,174.0,212456.0,101168.0,2707415.0,1702799.0,1473.0,7138.0,,,,,,,,,,,,1565.0,317565.0,70775.0,10831.0,7218.0,4413.0,,,,,,,,,,,,,,8611.0,,,,,,,,,,12.42,41.63,89.9,17.33,385.97,0.0,1.09,23.23,,,,,,,,,857262.0,,,,,,3,2013-07-01,2013-Q3,,0409135,,,,,,0,,,Нет подтверждённого события до даты первого установленного события,0,
1053,"КБ ""Финансовый стандарт"" (ООО)",2013,245000.0,748149.0,,487706.0,284249.0,143835.0,3814.0,582003.0,4030.0,1590464.0,,5380312.0,4793504.0,3334256.0,412230.0,2892126.0,243.0,67163.0,609216.0,293200.0,592.0,380596.0,183118.0,4278743.0,2713646.0,3604.0,16089.0,,,,,,,,,,,,1756.0,501098.0,100463.0,18073.0,10798.0,6591.0,,,,,,,,,,,,,,19693.0,,,,,,,,,,12.24,46.06,69.62,30.4,386.89,0.0,1.21,23.23,,,,,,,,,1073352.0,,,,,,4,2013-10-01,2013-Q4,,0409135,,,,,,0,,,Нет подтверждённого события до даты первого установленного события,0,
1053,"КБ ""Финансовый стандарт"" (ООО)",2014,245000.0,748149.0,,487706.0,242424.0,51768.0,5835.0,422694.0,12819.0,1373827.0,,5620119.0,5184606.0,3027002.0,412230.0,2614754.0,243.0,58824.0,818614.0,387158.0,611.0,530360.0,251429.0,5424756.0,3377085.0,4964.0,9943.0,,,,,,,,,,,,1764.0,688343.0,120985.0,24672.0,14344.0,6973.0,,,,,,,,,,,,,,14907.0,,,,,,,,,,15.35,70.26,76.63,27.95,305.47,0.0,1.57,19.58,,,,,,,,,1110969.0,,,,,,1,2014-01-01,2014-Q1,,,,,,,,0,,,Нет подтверждённого события до даты первого установленного события,0,
1053,"КБ ""Финансовый стандарт"" (ООО)",2014,245000.0,748149.0,,487706.0,246320.0,159472.0,56940.0,313287.0,228539.0,849442.0,,5014843.0,4472488.0,3004188.0,412230.0,2591939.0,243.0,38474.0,164578.0,84342.0,29.0,174108.0,69771.0,1540251.0,1033000.0,1643.0,2447.0,0.0,0.0,,256000.0,256000.0,,,,,,,274.0,154987.0,9317.0,2520.0,3368.0,47.0,,,,,,,,,,,,,,4090.0,,,,,11.05,11.05,15.16,,,,42.24,71.97,74.29,373.38,0.0,1.92,18.71,,,,,,,,,387965.0,,,,,967162.0,2,2014-04-01,2014-Q2,,,,,,,,0,,,Нет подтверждённого события до даты первого установленного события,0,
1053,"КБ ""Финансовый стандарт"" (ООО)",2014,245000.0,,0.0,494009.0,,,,,,,,,,,,,,,339012.0,168553.0,29.0,334173.0,158866.0,2985994.0,2020399.0,2850.0,35784.0,0.0,0.0,,256000.0,256000.0,,,,,,,400.0,323567.0,15045.0,5906.0,7165.0,94.0,,,,,,,,,,,,,,38634.0,,,,,11.8,11.8,16.22,,,,96.16,123.41,50.99,350.01,0.0,1.75,18.13,,,,,,,,,555299.0,,,,,1000430.0,3,2014-07-01,2014-Q3,,,,,,,,0,,,Нет подтверждённого события до даты первого установленного события,0,
1053,"КБ ""Финансовый стандарт"" (ООО)",2014,245000.0,754511.0,,494068.0,358363.0,174024.0,337110.0,190718.0,194560.0,338623.0,,5539947.0,5154669.0,3485798.0,496758.0,2989036.0,244.0,37011.0,521758.0,257420.0,29.0,599895.0,235340.0,4604505.0,3009885.0,10203.0,68667.0,0.0,0.0,,256000.0,256000.0,,,,,,,1527.0,498559.0,21415.0,8601.0,11957.0,142.0,,,,,,,,,,,,,,78870.0,,,,,10.72,10.72,15.12,,,,104.38,113.13,49.97,357.86,0.0,1.44,11.09,,,,,,,,,967647.0,,,,,1049371.0,4,2014-10-01,2014-Q4,,,,,,,,0,,,Нет подтверждённого события до даты первого установленного события,0,
1053,"КБ ""Финансовый стандарт"" (ООО)",2015,245000.0,754511.0,,494068.0,464910.0,254327.0,9719.0,146578.0,254702.0,600404.0,,6165256.0,5763957.0,4399239.0,533262.0,3865973.0,244.0,44565.0,742191.0,360478.0,29.0,1443540.0,712222.0,7952857.0,4063046.0,7282.0,93894.0,0.0,0.0,,256000.0,256000.0,,,,,,,3444.0,701702.0,36488.0,11636.0,17299.0,546.0,,,,,,,,,,,,,,101176.0,,,,,8.75,8.75,12.54,,,,183.91,246.22,32.29,414.32,0.0,1.58,0.0,,,,,,,,,2019528.0,,,,,1081115.0,1,2015-01-01,2015-Q1,,,,,,,,0,,,Нет подтверждённого события до даты первого установленного события,0,
1053,"КБ ""Финансовый стандарт"" (ООО)",2015,245000.0,755326.0,815.0,494068.0,643214.0,196471.0,612138.0,293605.0,229067.0,1153434.0,,7660092.0,7137127.0,7779430.0,710474.0,7068952.0,643.0,240555.0,389555.0,301238.0,0.0,456239.0,224245.0,3447933.0,945693.0,871.0,31623.0,0.0,0.0,,320000.0,320000.0,,,,,,,3183.0,359826.0,25635.0,3405.0,9191.0,1277.0,,,,,,,,,,,,,,32494.0,,,,,7.67,7.67,10.61,,,,233.88,267.41,103.02,545.07,0.0,1.57,0.0,,,,,,,,,2394002.0,,,,,1154741.0,2,2015-04-01,2015-Q2,,,,,,,,0,,,Нет подтверждённого события до даты первого установленного события,0,
1053,"КБ ""Финансовый стандарт"" (ООО)",2015,245000.0,842931.0,161.0,582327.0,630505.0,462821.0,11433.0,484821.0,266508.0,1735823.0,,9689595.0,8937622.0,8132587.0,744216.0,7388367.0,623.0,88033.0,892487.0,668556.0,0.0,719801.0,344038.0,6085168.0,2089395.0,4955.0,241928.0,0.0,0.0,,320000.0,320000.0,,,,,,,4200.0,810092.0,75968.0,6515.0,22118.0,4508.0,,,,,,,,,,,,,,246883.0,,,,,7.23,7.23,11.86,,,,73.9,103.95,68.42,464.6,0.0,1.15,0.0,,,,,,,,,2069030.0,,,,,1382372.0,3,2015-07-01,2015-Q3,,,,,,,,0,,,Нет подтверждённого события до даты первого установленного события,0,
1053,"КБ ""Финансовый стандарт"" (ООО)",2015,256000.0,,0.0,582283.0,,,,,,,,,,,,,,,1435406.0,1033337.0,0.0,1019296.0,475384.0,9275561.0,3699284.0,4606.0,266776.0,0.0,0.0,,320000.0,320000.0,,,,,,,4234.0,1319799.0,107671.0,9050.0,32996.0,7948.0,,,,,,,,,,,,,,271382.0,,,,,6.86,6.86,11.27,,,,52.27,77.92,65.07,461.24,0.0,0.79,0.0,,,,,,,,,1701984.0,,,,,1403074.0,4,2015-10-01,2015-Q4,,,,,,,,0,,,Нет подтверждённого события до даты первого установленного события,0,
1053,"КБ ""Финансовый стандарт"" (ООО)",2016,256000.0,863024.0,9254.0,582327.0,736202.0,507515.0,13854.0,440273.0,293353.0,737617.0,,12295330.0,11559923.0,8524671.0,733466.0,7791201.0,1121.0,92931.0,2022347.0,1411946.0,0.0,1304176.0,620217.0,11888413.0,4901827.0,914.0,286001.0,0.0,120000.0,,320000.0,320000.0,,,,,,,4260.0,1883791.0,128949.0,12537.0,42835.0,11481.0,,,,,,,,,,,,,,285087.0,,,,,6.5,9.84,11.78,,,,49.67,71.57,50.09,411.47,0.0,0.6,0.0,,,,,,,,,1715152.0,,,,,1547858.0,1,2016-01-01,2016-Q1,,,,,,,,0,,,Нет подтверждённого события до даты первого установленного события,0,
1053,"КБ ""Финансовый стандарт"" (ООО)",2016,256000.0,859195.0,5425.0,582327.0,552479.0,488819.0,115966.0,477736.0,243904.0,392565.0,,12894863.0,12170665.0,8672935.0,912006.0,7760925.0,1129.0,68208.0,589835.0,46.0,0.0,1157.0,5931.0,2092497.0,232165.0,831.0,153828.0,0.0,440000.0,,440000.0,440000.0,,,,,,,31.0,572207.0,3520.0,46.0,13542.0,3044.0,,,,,,,,,,,,,,152997.0,,,4559.0,149269.0,7.07,10.39,10.39,,,,64.42,77.41,56.77,492.55,0.0,1.11,0.0,,,,,,,,,1752545.0,,,,,1360424.0,2,2016-04-01,2016-Q2,,,1,,1,,,1,2016-06-08,Первый подтверждённый критерий дефолта,Подтверждено официальным документом ЦБ,2,https://www.cbr.ru/Queries/XsltBlock/File/31947?fileId=11028
1059,"КБ ""МРБ"" (ООО)",2007,,187483.0,,,7246.0,79755.0,72219.0,5621.0,,57585.0,,444919.0,439298.0,332463.0,81788.0,250675.0,,12325.0,18867.0,2216.0,0.0,11240.0,551.0,86811.0,0.0,0.0,2878.0,,,,,,,,,,,,,,,,,,,,,,,,,,,,,,,,,,,,,,,,,,,,,,,,,,,,,,,,,,,,,,,2,2007-04-01,2007-Q2,,,,,,,,,,,Требуется ручная проверка,0,
1059,"КБ ""МРБ"" (ООО)",2007,160000.0,187851.0,,,5375.0,42597.0,81459.0,5586.0,,74573.0,,520535.0,514949.0,457724.0,127105.0,330619.0,,12012.0,39561.0,3870.0,0.0,21694.0,986.0,170229.0,0.0,0.0,7003.0,,,,,,,,,,,,,,,,,,,,,,,,,,,,,,,,,,,,,,,,,,,,,,,,,,,,,,,,,,,,,,,3,2007-07-01,2007-Q3,,,,,,,,,,,Требуется ручная проверка,0,
1059,"КБ ""МРБ"" (ООО)",2007,210000.0,237822.0,,,2609.0,39558.0,42955.0,9948.0,,52667.0,,650211.0,640263.0,482642.0,128083.0,354559.0,,20114.0,64849.0,5691.0,0.0,28089.0,6031.0,311740.0,0.0,0.0,17636.0,,,,,,,,,,,,,,,,,,,,,,,,,,,,,,,,,,,,,,,,,,,,,,,,,,,,,,,,,,,,,,,4,2007-10-01,2007-Q4,,,,,,,,,,,Требуется ручная проверка,0,
1059,"КБ ""МРБ"" (ООО)",2008,210000.0,237735.0,,,3470.0,37893.0,70000.0,9383.0,,50430.0,,739257.0,729874.0,526970.0,195461.0,331509.0,,13195.0,96127.0,7480.0,0.0,36495.0,6504.0,397865.0,0.0,0.0,42319.0,,,,,,,,,,,,,,,,,,,,,,,,,,,,,,,,,,,,,,,,,,,,,,,,,,,,,,,,,,,,,,,1,2008-01-01,2008-Q1,,,,,,,,,,,Требуется ручная проверка,0,
1059,"КБ ""МРБ"" (ООО)",2008,210000.0,237541.0,,425.0,4157.0,20171.0,71180.0,12857.0,,33392.0,,858231.0,845374.0,610321.0,257728.0,352593.0,,20973.0,34020.0,10148.0,11.0,4707.0,692.0,106644.0,27404.0,0.0,6726.0,,,,,,,,,,,,1329.0,30151.0,539.0,426.0,2331.0,146.0,,,,,,,,,,,,,,,,,,,,,,,,,,,,,,,,,,,,,,,,,,,,,,2,2008-04-01,2008-Q2,,,,,,,,,,,Требуется ручная проверка,0,
1059,"КБ ""МРБ"" (ООО)",2008,210000.0,246275.0,,9159.0,3730.0,103742.0,188987.0,14534.0,,31270.0,,882858.0,868324.0,592701.0,229901.0,362800.0,,18579.0,70830.0,22860.0,11.0,11166.0,1213.0,218447.0,59611.0,0.0,13325.0,,,,,,,,,,,,2285.0,62995.0,1077.0,2175.0,5878.0,322.0,,,,,,,,,,,,,,,,,,,,,,,,,,,,,,,,,,,,,,,,,,,,,,3,2008-07-01,2008-Q3,,,,,,,,,,,Требуется ручная проверка,0,
1059,"КБ ""МРБ"" (ООО)",2008,210000.0,245699.0,31.0,8552.0,11854.0,54494.0,126288.0,10432.0,,30368.0,,763392.0,752960.0,555031.0,143350.0,411681.0,,19995.0,106545.0,35377.0,67.0,17388.0,1616.0,402109.0,114501.0,0.0,17912.0,,,,,,,,,,,,3441.0,94951.0,1596.0,3526.0,8669.0,428.0,,,,,,,,,,,,,,,,,,,,,,,,,,,,,,,,,,,,,,,,,,,,,,4,2008-10-01,2008-Q4,,,,,,,,,,,Требуется ручная проверка,0,
1059,"КБ ""МРБ"" (ООО)",2009,210000.0,245265.0,123.0,8026.0,14936.0,139328.0,80552.0,54071.0,,8001.0,,816280.0,762209.0,521628.0,127584.0,394044.0,,1448.0,143098.0,46596.0,114.0,27958.0,2940.0,638263.0,198750.0,0.0,44170.0,,,,,,,,,,,,3763.0,127707.0,1637.0,3535.0,10823.0,1343.0,,,,,,,,,,,,,,,,,,,,,,,,,,,,,,,,,,,,,,,,,,,,,,1,2009-01-01,2009-Q1,,,,,,,,,,,Требуется ручная проверка,0,
1059,"КБ ""МРБ"" (ООО)",2009,210000.0,246922.0,32.0,9774.0,33772.0,41044.0,100714.0,53485.0,,4943.0,,845399.0,791914.0,646349.0,140197.0,506152.0,,2096.0,41361.0,13769.0,0.0,8912.0,3046.0,291042.0,17165.0,1314.0,15068.0,,,,,,,,,,,,74.0,37450.0,10.0,15.0,2523.0,1217.0,,,,,,,,,,,,,,16382.0,,,,,,,,,,,,,,,,,,,,,,,,,,,,,,,,2,2009-04-01,2009-Q2,,,,,,,,,,,Требуется ручная проверка,0,
1059,"КБ ""МРБ"" (ООО)",2009,210000.0,259593.0,24.0,14453.0,18548.0,60101.0,15620.0,48283.0,,2553.0,,899004.0,850721.0,651820.0,123093.0,528727.0,,1716.0,88037.0,27583.0,0.0,16752.0,3765.0,584634.0,107228.0,10119.0,18132.0,,,,,,,,,,,,117.0,77981.0,10.0,19.0,4994.0,2358.0,,,,,,,,,,,,,,28251.0,,,,,,,,,,,,,,,,,,,,,,,,,,,,,,,,3,2009-07-01,2009-Q3,,,,,,,,,,,Требуется ручная проверка,0,
1059,"КБ ""МРБ"" (ООО)",2009,210000.0,259569.0,,14453.0,17763.0,35148.0,105631.0,46756.0,0.0,2364.0,,904333.0,857577.0,673729.0,98529.0,575200.0,0.0,7128.0,134952.0,42212.0,1.0,33757.0,8543.0,949440.0,191720.0,7213.0,25960.0,,,,,,,,,,,,120.0,119567.0,10.0,19.0,7116.0,3393.0,,,,,,,,,,,,,,33173.0,,,,,,,,,,,,,,,,,,,,,,,,,,,,,,,,4,2009-10-01,2009-Q4,,,,,,,,,,,Требуется ручная проверка,0,
1059,"КБ ""МРБ"" (ООО)",2010,210000.0,259569.0,,14453.0,20425.0,52037.0,230596.0,46600.0,,4136.0,,826896.0,780296.0,733362.0,158150.0,575212.0,105.0,8973.0,178298.0,58554.0,41.0,73855.0,50744.0,1271045.0,240533.0,7574.0,31082.0,,,,,,,,,,,,141.0,156004.0,10.0,26.0,9593.0,4446.0,,,,,,,,,,,,,,38656.0,,,,,,,,,,,,,,,,,,,,,,,,,,,,,,,,1,2010-01-01,2010-Q1,,,,,,,,,,,Требуется ручная проверка,0,
1059,"КБ ""МРБ"" (ООО)""",2010,210000.0,259569.0,,14453.0,21756.0,43587.0,80599.0,46931.0,3170.0,3853.0,,781576.0,731475.0,898105.0,264885.0,633220.0,,12841.0,37250.0,17723.0,0.0,40646.0,30392.0,375521.0,164943.0,747.0,5020.0,,,,,,,,,,,,27.0,28106.0,6314.0,0.0,3849.0,886.0,,,,,,,,,,,,,,5767.0,,,,,,,,,,,,,,,,,,,,,,,,,,,,,,,,2,2010-04-01,2010-Q2,,,,,,,,,,,Требуется ручная проверка,0,
1059,"КБ ""МРБ"" (ООО)""",2010,210000.0,273032.0,,27916.0,34271.0,39986.0,50610.0,47555.0,9886.0,3933.0,,878841.0,821400.0,922451.0,267584.0,654867.0,,11070.0,75249.0,35100.0,0.0,47127.0,30889.0,715787.0,277493.0,1050.0,2346.0,,,,,,,,,,,,49.0,56717.0,12984.0,7.0,7682.0,1332.0,,,,,,,,,,,,,,3396.0,,,,,,,,,,,,,,,,,,,,,,,,,,,,,,,,3,2010-07-01,2010-Q3,,,,,,,,,,,Требуется ручная проверка,0,
1059,"КБ ""МРБ"" (ООО)""",2010,210000.0,273032.0,,27916.0,26296.0,60702.0,613.0,47074.0,91770.0,3630.0,,866703.0,727859.0,966465.0,265486.0,700979.0,,11271.0,110387.0,53332.0,42.0,58312.0,32048.0,879311.0,298013.0,1861.0,9814.0,,,,,,,,,,,,55.0,81549.0,21628.0,11.0,11183.0,1783.0,,,,,,,,,,,,,,11675.0,,,,,,,,,,,,,,,,,,,,,,,,,,,,,,,,4,2010-10-01,2010-Q4,,,,,,,,,,,Требуется ручная проверка,0,
1059,"КБ ""МРБ"" (ООО)""",2011,,,,,,,,,,,,,,,,,,,145483.0,71106.0,62.0,66869.0,32273.0,1089226.0,330186.0,5541.0,10707.0,,,,,,,,,,,,61.0,106875.0,29964.0,11.0,13984.0,2091.0,,,,,,,,,,,,,,16248.0,,,,,,,,,,,,,,,,,,,,,,,,,,,,,,,,1,2011-01-01,2011-Q1,,,,,,,,,,,Требуется ручная проверка,0,
1059,"КБ ""МРБ"" (ООО)""",2011,210000.0,273032.0,,27916.0,28353.0,58153.0,579.0,18512.0,88727.0,4902.0,,836138.0,728899.0,981941.0,262358.0,719583.0,,11263.0,32358.0,16307.0,0.0,10850.0,798.0,173801.0,28112.0,2174.0,1240.0,,,,,,,,,,,,5.0,22035.0,9010.0,0.0,2311.0,74.0,,,,,,,,,,,,,,3414.0,,,,,,,,,,19.67,102.53,116.99,2.43,433.38,22.11,1.33,0.0,,,,,,,,,,,,,,,2,2011-04-01,2011-Q2,,,,,,,,,,,Требуется ручная проверка,0,
1059,"КБ ""МРБ"" (ООО)""",2011,,,,,,,,,,,,,,,,,,,64601.0,29768.0,0.0,21417.0,2223.0,379635.0,73206.0,3079.0,3932.0,,,,,,,,,,,,14.0,44374.0,17965.0,11.0,3678.0,74.0,,,,,,,,,,,,,,7011.0,,,,,,,,,,20.03,113.33,114.35,15.27,401.54,22.31,1.31,0.0,,,,,,,,,,,,,,,3,2011-07-01,2011-Q3,,,,,,,,,,,Требуется ручная проверка,0,
1059,"КБ ""МРБ"" (ООО)""",2011,210000.0,278998.0,,33882.0,35274.0,38614.0,80577.0,23255.0,88613.0,5035.0,,748936.0,637068.0,795309.0,116201.0,679108.0,,16982.0,92845.0,41935.0,82.0,27669.0,2715.0,608707.0,84336.0,3336.0,2610.0,,,,,,,,,,,,21.0,65770.0,24421.0,11.0,5416.0,109.0,,,,,,,,,,,,,,5946.0,,,,,,,,,,19.23,96.0,93.97,7.19,438.99,22.39,2.76,0.0,,,,,,,,,,,,,,,4,2011-10-01,2011-Q4,,,,,,,,,,,Требуется ручная проверка,0,
1059,"КБ ""МРБ"" (ООО)""",2012,,,,,,,,,,,,,,,,,,,127590.0,53130.0,82.0,38045.0,4417.0,972295.0,207506.0,3461.0,6386.0,,,,,,,,,,,,29.0,88945.0,35962.0,16.0,7429.0,147.0,,,,,,,,,,,,,,9847.0,,,,,,,,,,23.07,56.43,66.35,1.6,312.89,21.05,1.37,0.0,,,,,,,,,,,,,,,1,2012-01-01,2012-Q1,,,,,,,,,,,Требуется ручная проверка,0,
1059,"КБ ""МРБ"" (ООО)""",2012,250000.0,318998.0,,33882.0,37845.0,14431.0,120579.0,12609.0,114524.0,1574.0,,589126.0,461993.0,416033.0,99678.0,316355.0,,10541.0,22177.0,4811.0,0.0,4320.0,21.0,160608.0,40476.0,512.0,454.0,,,,,,,,,,,,18.0,16146.0,5973.0,1.0,590.0,38.0,,,,,,,,,,,,,,58.0,,,,,,,,,,30.84,71.2,110.41,12.62,235.08,18.55,2.22,0.0,,,,,,,,,,,,,,,2,2012-04-01,2012-Q2,,,,,,,,,,,Требуется ручная проверка,0,
1059,"КБ ""МРБ"" (ООО)""",2012,250000.0,324315.0,,38315.0,10535.0,8549.0,60649.0,11165.0,213793.0,1670.0,,581190.0,356232.0,414273.0,93914.0,320359.0,,8463.0,39351.0,9356.0,0.0,8407.0,122.0,458408.0,142251.0,0.0,44057.0,,,,,,,,,,,,32.0,29151.0,10125.0,55.0,1376.0,76.0,,,,,,,,,,,,,,44057.0,,,,,,,,,,25.97,71.34,96.72,16.24,243.55,21.44,2.5,0.0,,,,,,,,,,,,,,,3,2012-07-01,2012-Q3,,,,,,,,,,,Требуется ручная проверка,0,
1059,"КБ ""МРБ"" (ООО)""",2012,250000.0,324315.0,,38315.0,21626.0,121869.0,25646.0,10963.0,201939.0,1573.0,,577451.0,364549.0,408594.0,108861.0,299733.0,,8720.0,59417.0,14010.0,61.0,12346.0,307.0,629585.0,206607.0,0.0,20331.0,,,,,,,,,,,,68.0,42245.0,17058.0,134.0,2113.0,92.0,,,,,,,,,,,,,,20331.0,,,,,,,,,,26.2,74.19,62.11,20.18,254.79,20.42,2.45,0.0,,,,,,,,,,,,,,,4,2012-10-01,2012-Q4,,0409135,,,,,,,,,Требуется ручная проверка,0,
1059,"КБ ""МРБ"" (ООО)""",2013,250000.0,324315.0,,38315.0,14905.0,8298.0,25621.0,10755.0,132511.0,1616.0,,588613.0,445347.0,321556.0,53405.0,268151.0,,7240.0,80581.0,18477.0,61.0,16136.0,732.0,826821.0,340971.0,0.0,2780.0,,,,,,,,,,,,105.0,58754.0,21673.0,700.0,2777.0,92.0,,,,,,,,,,,,,,2780.0,,,,,,,,,,29.76,60.74,116.69,17.21,212.77,18.4,2.07,0.0,,,,,,,,,,,,,,,1,2013-01-01,2013-Q1,,,,,,,,,,,Требуется ручная проверка,0,
1059,"КБ ""МРБ"" (ООО)""",2013,250000.0,324336.0,21.0,38315.0,18430.0,31038.0,50612.0,11254.0,52476.0,12629.0,,402031.0,338301.0,373573.0,133064.0,240509.0,,7447.0,20328.0,3906.0,0.0,2930.0,891.0,71788.0,13387.0,0.0,3785.0,,,,,,,,,,,,61.0,13239.0,194.0,132.0,895.0,0.0,,,,,,,,,,,,,,3785.0,,,,,,,,,,26.23,89.38,112.29,13.98,214.91,18.24,2.09,0.0,,,,,,,,,171904.0,,,,,,2,2013-04-01,2013-Q2,,0409135,,,,,,,,,Требуется ручная проверка,0,
1059,"КБ ""МРБ"" (ООО)""",2013,250000.0,324687.0,372.0,38315.0,16629.0,3441.0,632.0,14070.0,0.0,71169.0,,267918.0,253848.0,371317.0,133058.0,238259.0,,20651.0,40313.0,8864.0,0.0,5161.0,1181.0,174466.0,26746.0,1306.0,4316.0,,,,,,,,,,,,114.0,22475.0,2201.0,246.0,2664.0,0.0,,,,,,,,,,,,,,5622.0,,,,,,,,,,23.13,49.35,60.29,15.65,213.46,18.09,2.46,0.0,,,,,,,,,80677.0,,,,,,3,2013-07-01,2013-Q3,,0409135,,,,,,,,,Требуется ручная проверка,0,
1059,"КБ ""МРБ"" (ООО)""",2013,250000.0,324544.0,229.0,38315.0,13119.0,20448.0,665.0,21281.0,1496.0,70180.0,,302642.0,279865.0,346093.0,94977.0,251116.0,,6967.0,63082.0,13754.0,44.0,7467.0,1285.0,277147.0,58439.0,923.0,5555.0,,,,,,,,,,,,134.0,33094.0,4443.0,374.0,3904.0,0.0,,,,,,,,,,,,,,6478.0,,,,,,,,,,26.39,52.27,71.46,14.63,190.49,19.17,2.38,0.0,,,,,,,,,84661.0,,,,,,4,2013-10-01,2013-Q4,,0409135,,,,,,,,,Требуется ручная проверка,0,
1059,"КБ ""МРБ"" (ООО)""",2014,250000.0,324350.0,35.0,38315.0,13721.0,18137.0,664.0,20428.0,,65435.0,,262694.0,242266.0,258597.0,42918.0,215679.0,,6491.0,82350.0,17438.0,44.0,9615.0,1317.0,366758.0,92710.0,951.0,5245.0,,,,,,,,,,,,165.0,43264.0,6438.0,490.0,4594.0,0.0,,,,,,,,,,,,,,6196.0,,,,,,,,,,28.17,59.4,68.88,20.96,180.51,18.42,2.36,0.0,,,,,,,,,69223.0,,,,,,1,2014-01-01,2014-Q1,,,,,,,,,,,Требуется ручная проверка,0,
1059,"КБ ""МРБ"" (ООО)""",2014,250000.0,324910.0,595.0,38315.0,13942.0,9204.0,721.0,18273.0,0.0,81917.0,,244328.0,226055.0,268203.0,50426.0,217777.0,,3726.0,15314.0,3296.0,0.0,2315.0,158.0,95926.0,19837.0,82.0,507.0,,,,,,,,,,,,42.0,8097.0,1422.0,90.0,527.0,0.0,,,,,,,,,,,,,,589.0,,,,,27.63,27.63,27.99,,,,67.25,74.5,19.64,192.49,18.46,2.27,0.0,,,,,,,,,87095.0,,,,,,2,2014-04-01,2014-Q2,,,,,,,,,,,Требуется ручная проверка,0,
1059,"КБ ""МРБ"" (ООО)""",2014,,,,,,,,,,,,,,,,,,,33335.0,6942.0,0.0,4611.0,1255.0,190346.0,29253.0,13.0,2495.0,,,,,,,,,,,,91.0,16986.0,2503.0,662.0,1075.0,0.0,,,,,,,,,,,,,,2508.0,,,,,31.99,31.99,31.99,,,,180.84,231.59,20.91,151.59,0.0,2.21,0.0,,,,,,,,,150085.0,,,,,,3,2014-07-01,2014-Q3,,,,,,,,,,,Требуется ручная проверка,0,
1059,"КБ ""МРБ"" (ООО)""",2014,250000.0,329983.0,1492.0,42491.0,20249.0,5090.0,739.0,16964.0,2578.0,35962.0,,235572.0,216030.0,240318.0,49363.0,190955.0,4.0,3732.0,48111.0,10418.0,53.0,25768.0,13695.0,302753.0,38754.0,57.0,3886.0,,,,,,,,,,,,1707.0,26537.0,4087.0,707.0,1542.0,0.0,,,,,,,,,,,,,,3943.0,,,,,37.55,37.55,37.75,,,,167.27,183.69,18.5,120.3,0.0,0.31,0.0,,,,,,,,,438173.0,,,,,,4,2014-10-01,2014-Q4,,,,,,,,,,,Требуется ручная проверка,0,
1059,"КБ ""МРБ"" (ООО)""",2015,250000.0,329916.0,1425.0,42491.0,8943.0,3101.0,356986.0,10365.0,14928.0,14420.0,,226127.0,200834.0,363722.0,31000.0,332722.0,4.0,3937.0,72345.0,18271.0,53.0,247440.0,221355.0,938473.0,48457.0,1352.0,9009.0,,,,,,,,,,,,9150.0,41232.0,6124.0,2308.0,1971.0,34.0,,,,,,,,,,,,,,10361.0,,,,,25.57,25.57,25.92,,,,355.96,90.53,5.21,91.99,0.0,0.26,0.0,,,,,,,,,670043.0,,,,,,1,2015-01-01,2015-Q1,,,,,,,,,,,Требуется ручная проверка,0,
1059,"КБ ""МРБ"" (ООО)""",2015,306000.0,384816.0,325.0,42491.0,93000.0,28619.0,61225.0,9887.0,124786.0,153044.0,,219300.0,84627.0,984390.0,32000.0,952390.0,4.0,12403.0,61507.0,40612.0,0.0,447303.0,437617.0,1108373.0,90365.0,856.0,57523.0,,,,,,,,,,,,24123.0,35785.0,1593.0,6675.0,639.0,4201.0,,,,,,,,,,,,,,58379.0,,,,,18.87,18.87,22.06,,,,217.11,114.31,7.78,125.81,0.0,0.17,0.0,,,,,,,,,2559642.0,,,,,,2,2015-04-01,2015-Q2,,,,,,,,,,,Требуется ручная проверка,0,
1059,"КБ ""МРБ"" (ООО)""",2015,306000.0,395157.0,,53157.0,19000.0,40595.0,1059.0,10179.0,104161.0,0.0,,278243.0,163903.0,1062717.0,32400.0,1030317.0,4.0,25292.0,173136.0,123336.0,0.0,769696.0,754182.0,2224510.0,246696.0,3908.0,15704.0,,,,,,,,,,,,75277.0,96872.0,976.0,21286.0,1490.0,8905.0,,,,,,,,,,,,,,19612.0,,,,,12.94,16.46,16.46,,,,156.97,85.51,2.2,245.37,0.0,0.16,0.0,,,,,,,,,1116539.0,,,,,,3,2015-07-01,2015-Q3,,,,,,,,,,,Требуется ручная проверка,0,
1059,"КБ ""МРБ"" (ООО)""",2015,,,,,,,,,,,,,,,,,,,297505.0,184814.0,0.0,1078891.0,1010453.0,3561840.0,626270.0,800.0,5374.0,,,,,,,,,,,,85342.0,208389.0,1987.0,27114.0,2924.0,13656.0,,,,,,,,,,,,,,6174.0,,,,,16.57,21.19,21.19,,,,166.63,201.18,23.22,347.21,0.0,0.15,0.0,,,,,,,,,241829.0,,,,,,4,2015-10-01,2015-Q4,,,,,,,,,,,Требуется ручная проверка,0,
106,"ОАО АКБ""СЕЛЬМАШБАНК""",2009,136100.0,202782.0,7100.0,52777.0,28063.0,15860.0,115750.0,83237.0,33347.0,,,462383.0,345799.0,208524.0,140607.0,67917.0,22.0,9634.0,69770.0,11923.0,,42354.0,24689.0,453779.0,68121.0,3938.0,9388.0,,,,,,,,,,,,4996.0,64039.0,735.0,230.0,4325.0,,,,,,,,,,,,,,,13326.0,,,,,,,,,,,,,,,,,,,,,,,,,,,,,,,,4,2009-10-01,2009-Q4,,,,,,,,,,,Требуется ручная проверка,0,
106,"ОАО АКБ""СЕЛЬМАШБАНК""",2010,136100.0,202782.0,7098.0,52779.0,21010.0,24780.0,110500.0,115945.0,78987.0,,,549923.0,354991.0,236105.0,166607.0,69498.0,132.0,14037.0,89056.0,14519.0,,50455.0,26120.0,580070.0,104098.0,4709.0,10249.0,,,,,,,,,,,,5593.0,82180.0,1283.0,230.0,5387.0,,,,,,,,,,,,,,,14958.0,,,,,,,,,,,,,,,,,,,,,,,,,,,,,,,,1,2010-01-01,2010-Q1,,,,,,,,,,,Требуется ручная проверка,0,
106,"ОАО АКБ""СЕЛЬМАШБАНК""",2010,136100.0,202782.0,7061.0,52816.0,31964.0,22724.0,125100.0,118453.0,78983.0,,,594580.0,397144.0,501066.0,238750.0,262316.0,363.0,12111.0,22188.0,4731.0,,5915.0,947.0,92378.0,34699.0,1279.0,12765.0,,,,,,,,,,,,698.0,20668.0,821.0,,1974.0,,,,,,,,,,,,,,,14044.0,,,,,,,,,,,,,,,,,,,,,,,,,,,,,,,,2,2010-04-01,2010-Q2,,,,,,,,,,,Требуется ручная проверка,0,
106,"ОАО АКБ ""Сельмашбанк""",2010,136100.0,202782.0,7061.0,52816.0,27414.0,18449.0,152601.0,92597.0,65236.0,,,584188.0,426355.0,205399.0,117450.0,87949.0,182.0,7748.0,40262.0,7081.0,,14448.0,2888.0,185701.0,80951.0,2037.0,5519.0,,,,,,,,,,,,835.0,37776.0,1649.0,,2897.0,,,,,,,,,,,,,,,7556.0,,,,,,,,,,,,,,,,,,,,,,,,,,,,,,,,3,2010-07-01,2010-Q3,,,,,,,,,,,Требуется ручная проверка,0,
106,"ОАО АКБ ""Сельмашбанк""",2010,136100.0,214037.0,7056.0,64076.0,27585.0,25347.0,115601.0,93784.0,65349.0,,,581047.0,421914.0,212303.0,113750.0,98553.0,855.0,8974.0,57906.0,9293.0,,22403.0,4331.0,271429.0,129793.0,2428.0,8322.0,,,,,,,,,,,,1024.0,54754.0,2125.0,,3253.0,,,,,,,,,,,,,,,10750.0,,,,,,,,,,,,,,,,,,,,,,,,,,,,,,,,4,2010-10-01,2010-Q4,,,,,,,,,,,Требуется ручная проверка,0,
106,"ОАО АКБ ""Сельмашбанк""",2011,,,,,,,,,,,,,,,,,,,75087.0,12221.0,,34680.0,7195.0,398432.0,210468.0,3507.0,12666.0,,,,,,,,,,,,1301.0,71215.0,2567.0,468.0,3640.0,,,,,,,,,,,,,,,16173.0,,,,,,,,,,,,,,,,,,,,,,,,,,,,,,,,1,2011-01-01,2011-Q1,,,,,,,,,,,Требуется ручная проверка,0,
106,"ОАО АКБ ""Сельмашбанк""",2011,136100.0,214037.0,7052.0,64080.0,29040.0,30100.0,160101.0,151431.0,86768.0,,,640672.0,402473.0,241314.0,122250.0,119064.0,260.0,7980.0,15483.0,3585.0,,8516.0,2148.0,73778.0,40740.0,966.0,711.0,,,,,,,,,,,,104.0,14914.0,464.0,937.0,393.0,,,,,,,,,,,,,,,1677.0,,,,,,,,,,30.5,41.0,67.22,67.16,230.01,13.13,1.96,,,,,,,,,,,,,,,,2,2011-04-01,2011-Q2,,,,,,,,,,,Требуется ручная проверка,0,
106,"ОАО АКБ ""Сельмашбанк""",2011,,,,,,,,,,,,,,,,,,,37643.0,7248.0,,21167.0,6100.0,179105.0,107412.0,440.0,9101.0,,,,,,,,,,,,783.0,36220.0,638.0,1884.0,629.0,,,,,,,,,,,,,,,9541.0,,,,,,,,,,31.77,32.56,69.91,75.35,214.75,12.65,1.59,,,,,,,,,,,,,,,,3,2011-07-01,2011-Q3,,,,,,,,,,,Требуется ручная проверка,0,
106,"ОАО АКБ ""Сельмашбанк""",2011,136100.0,225919.0,7051.0,75963.0,28687.0,24175.0,205600.0,153831.0,61006.0,,,541711.0,326874.0,247510.0,104350.0,143160.0,1415.0,16170.0,57313.0,10375.0,,32042.0,8570.0,309181.0,197563.0,3209.0,17791.0,,,,,,,,,,,,1660.0,54628.0,1022.0,1884.0,1125.0,,,,,,,,,,,,,,,21000.0,,,,,,,,,,29.47,59.1,93.66,49.47,233.46,12.2,1.67,,,,,,,,,,,,,,,,4,2011-10-01,2011-Q4,,,,,,,,,,,Требуется ручная проверка,0,
106,"ОАО АКБ ""Сельмашбанк""",2012,,,,,,,,,,,,,,,,,,,81175.0,14299.0,,49847.0,19180.0,514390.0,327630.0,5707.0,12152.0,,,,,,,,,,,,2390.0,77364.0,1417.0,1884.0,2241.0,,,,,,,,,,,,,,,17859.0,,,,,,,,,,29.05,15.77,80.61,30.22,239.94,12.52,1.06,,,,,,,,,,,,,,,,1,2012-01-01,2012-Q1,,,,,,,,,,,Требуется ручная проверка,0,
106,"ОАО АКБ ""Сельмашбанк""",2012,136100.0,225919.0,7042.0,75972.0,35120.0,23818.0,285101.0,165361.0,49790.0,,,630193.0,415042.0,335420.0,128230.0,207190.0,0.0,19214.0,18992.0,3890.0,,9600.0,2330.0,113181.0,77940.0,2005.0,4078.0,,,,,,,,,,,,289.0,18454.0,248.0,,648.0,,,,,,,,,,,,,,,6083.0,,,,,,,,,,30.13,64.92,68.89,45.04,207.31,1.21,1.77,,,,,,,,,,,,,,,,2,2012-04-01,2012-Q2,,,,,,,,,,,Требуется ручная проверка,0,
106,"ОАО АКБ ""Сельмашбанк""",2012,136100.0,225919.0,7042.0,75972.0,31503.0,49939.0,265101.0,96973.0,32546.0,,,602503.0,472984.0,338347.0,128230.0,210117.0,433.0,16853.0,40260.0,7955.0,,24267.0,12553.0,212279.0,131417.0,2272.0,9333.0,,,,,,,,,,,,911.0,39099.0,248.0,,1531.0,,,,,,,,,,,,,,,11605.0,,,,,,,,,,27.42,58.98,68.49,39.0,248.5,1.18,1.18,,,,,,,,,,,,,,,,3,2012-07-01,2012-Q3,,,,,,,,,,,Требуется ручная проверка,0,
106,"ОАО АКБ ""Сельмашбанк""",2012,136100.0,238232.0,7042.0,88285.0,34431.0,13278.0,342200.0,106573.0,32292.0,,,542596.0,403731.0,328576.0,164650.0,163926.0,,19378.0,59058.0,11836.0,,38779.0,18447.0,379819.0,195616.0,744.0,19370.0,,,,,,,,,,,,1641.0,56272.0,1142.0,,2529.0,,,,,,,,,,,,,,,20114.0,,,,,,,,,,29.05,56.72,84.76,61.28,185.06,,0.69,,,,,,,,,,,,,,,,4,2012-10-01,2012-Q4,,0409135,,,,,,,,,Требуется ручная проверка,0,
106,"ОАО АКБ ""Сельмашбанк""",2013,136100.0,238232.0,7042.0,88285.0,44487.0,13164.0,105600.0,102370.0,32292.0,,,553975.0,419313.0,291375.0,130650.0,160725.0,,25065.0,77943.0,15257.0,,49268.0,19839.0,498564.0,250194.0,5132.0,16981.0,,,,,,,,,,,,2228.0,71021.0,4690.0,,3151.0,,,,,,,,,,,,,,,22113.0,,,,,,,,,,29.78,54.11,82.7,57.16,188.17,,0.75,,,,,,,,,,,,,,,,1,2013-01-01,2013-Q1,,,,,,,,,,,Требуется ручная проверка,0,
106,"ОАО АКБ ""Сельмашбанк""",2013,136100.0,238232.0,7042.0,88285.0,50262.0,16552.0,220101.0,92769.0,32182.0,,,558256.0,433305.0,286294.0,108050.0,178244.0,484.0,18569.0,17471.0,3334.0,,7490.0,975.0,68565.0,27573.0,2203.0,5199.0,,,,,,,,,,,,451.0,15136.0,1883.0,,394.0,,,,,,,,,,,,,,,7402.0,,,,,,,,,,27.68,54.64,77.67,54.79,214.35,,0.74,,,,,,,,,,240193.0,,,,,,2,2013-04-01,2013-Q2,,0409135,,,,,,,,,Требуется ручная проверка,0,
106,"ОАО АКБ ""Сельмашбанк""",2013,136100.0,238232.0,7042.0,88285.0,42663.0,11269.0,190100.0,148965.0,30500.0,,,690837.0,511372.0,357917.0,187250.0,170667.0,591.0,17567.0,37307.0,7111.0,,18117.0,2765.0,191421.0,98071.0,2893.0,5824.0,,,,,,,,,,,,1236.0,32963.0,3106.0,,1278.0,,,,,,,,,,,,,,,8717.0,,,,,,,,,,26.04,31.67,74.54,77.18,251.45,,0.72,,,,,,,,,,98562.0,,,,,,3,2013-07-01,2013-Q3,,0409135,,,,,,,,,Требуется ручная проверка,0,
106,"ОАО АКБ ""Сельмашбанк""",2013,136100.0,255882.0,7042.0,105935.0,34607.0,3439.0,75000.0,153322.0,30500.0,,,658136.0,474314.0,330018.0,144950.0,185068.0,2073.0,18206.0,58126.0,11231.0,,27749.0,4643.0,284365.0,160321.0,7081.0,20527.0,,,,,,,,,,,,3055.0,50655.0,4414.0,,2326.0,,,,,,,,,,,,,,,27608.0,,,,,,,,,,27.92,41.43,84.57,46.27,208.88,,0.99,,,,,,,,,,144364.0,,,,,,4,2013-10-01,2013-Q4,,0409135,,,,,,,,,Требуется ручная проверка,0,
106,"ОАО АКБ ""Сельмашбанк""",2014,136100.0,255882.0,7040.0,105937.0,41953.0,8680.0,100000.0,170481.0,31100.0,,,647665.0,446084.0,335589.0,151450.0,184139.0,1621.0,19709.0,79318.0,15384.0,,38199.0,6350.0,385435.0,215735.0,9093.0,22130.0,,,,,,,,,,,,4992.0,68644.0,5680.0,,3257.0,,,,,,,,,,,,,,,31223.0,,,,,,,,,,27.44,31.5,83.76,38.89,204.19,,0.76,,,,,,,,,,101181.0,,,,,,1,2014-01-01,2014-Q1,,,,,,,,,,,Требуется ручная проверка,0,
106,"ОАО АКБ ""Сельмашбанк""",2014,136100.0,255882.0,7040.0,105937.0,46052.0,18610.0,125000.0,182038.0,31640.0,,,709180.0,493885.0,363275.0,163350.0,199925.0,1094.0,20558.0,21129.0,4347.0,,10591.0,2841.0,93939.0,37789.0,2431.0,3039.0,,,,,,,,,,,,1334.0,18763.0,1032.0,,994.0,,,,,,,,,,,,,,,5470.0,,,,,24.96,24.96,28.03,,,,31.94,89.89,40.8,209.76,,0.67,,,,,,,,,,112836.0,,,,,281449.0,2,2014-04-01,2014-Q2,,,,,,,,,,,Требуется ручная проверка,0,
106,"ОАО АКБ ""Сельмашбанк""",2014,136000.0,,,128895.0,,,,,,,,,,,,,,,44747.0,9004.0,,21424.0,6735.0,209530.0,94290.0,1743.0,14576.0,,,,,,,,,,,,4071.0,38372.0,2304.0,,2066.0,,,,,,,,,,,,,,,12833.0,,,,,24.4,24.4,26.15,,,,44.05,70.26,45.74,223.46,,0.63,,,,,,,,,,190566.0,,,,,293058.0,3,2014-07-01,2014-Q3,,,,,,,,,,,Требуется ручная проверка,0,
106,"ОАО АКБ ""Сельмашбанк""",2014,136100.0,278840.0,7039.0,128896.0,60234.0,16799.0,210000.0,209618.0,31640.0,,,784797.0,543539.0,401832.0,122150.0,279682.0,295.0,22448.0,70886.0,13308.0,,30867.0,9419.0,319009.0,147030.0,57.0,29360.0,,,,,,,,,,,,6037.0,60258.0,4591.0,,2574.0,,,,,,,,,,,,,,,29417.0,,,,,24.54,24.54,27.59,,,,33.81,82.73,66.95,211.89,,0.62,,,,,,,,,,153409.0,,,,,307476.0,4,2014-10-01,2014-Q4,,,,,,,,,,,Требуется ручная проверка,0,
106,"ОАО АКБ ""Сельмашбанк""",2015,136100.0,278840.0,7039ێ��]�o+^����ם2624118.0,,,506457.0,2866589.0,5.958,6.114,9.491,6.407,,,152.562,95.444,53.252,471.796,23.689,0.361,21.422,,,,,,,,,15777338.0,,,,,30387846.0,2,2018-04-01,2018-Q2,,,,,,,,,,,Требуется ручная проверка,0,
912,"ПАО ""МИнБанк""",2018,2195160.0,29584859.0,21056756.0,5893541.0,6028791.0,3583777.0,515148.0,12686954.0,7196928.0,17610843.0,2411685.0,216500174.0,196610845.0,190589788.0,11529846.0,177059942.0,12016.0,6117028.0,10970825.0,163197.0,0.0,91379.0,78209.0,67982478.0,2101134.0,171894.0,2132351.0,0.0,1000000.0,,8817500.0,8817500.0,,,,,,,72.0,10242707.0,286684.0,163197.0,511086.0,534711.0,,,,,,,,,,,,,,1960457.0,,,963888.0,2516705.0,6.012,6.327,9.596,6.479,,,101.354,109.118,50.459,488.992,19.455,0.347,22.7,,,,,,,,,13895255.0,,,,,30457508.0,3,2018-07-01,2018-Q3,,,,,,,,,,,Требуется ручная проверка,0,
912,"ПАО ""МИнБанк""",2018,2195160.0,24644025.0,21075896.0,933567.0,5573311.0,4058093.0,497907.0,13069802.0,7422058.0,16843787.0,2157260.0,216615442.0,196117817.0,194141894.0,10542235.0,181599659.0,12009.0,6190608.0,16085834.0,252537.0,0.0,114952.0,78448.0,103729129.0,2441446.0,223253.0,2478047.0,0.0,1000000.0,,8667500.0,8667500.0,,,,,,,295.0,14991606.0,393731.0,252537.0,692245.0,753057.0,,,,,,,,,,,,,,2254794.0,,,1334958.0,2978513.0,5.984,6.298,9.364,6.519,,,91.877,61.488,52.095,512.487,19.803,0.367,23.147,,,,,,,,,12125027.0,,,,,29864906.0,4,2018-10-01,2018-Q4,,,,,,,,,,,Требуется ручная проверка,0,
912,"ПАО ""МИнБанк""",2019,2195160.0,24613509.0,21045353.0,933594.0,6114687.0,4095090.0,408999.0,13768622.0,7425413.0,19533247.0,2106581.0,212270605.0,191070284.0,196186729.0,10498501.0,183688228.0,42685.0,6275750.0,21106184.0,366732.0,0.0,144195.0,81447.0,132493201.0,2735228.0,242363.0,2980996.0,0.0,1000000.0,,8517500.0,8517500.0,,,,,,,389.0,19629484.0,494666.0,366732.0,880320.0,927046.0,,,,,,,,,,,,,,2738633.0,,,1614483.0,3467201.0,5.987,6.295,9.006,6.47,,,103.05,76.206,48.165,569.547,,0.42,23.647,,,,,,,,,15038761.0,,,,,29233521.0,1,2019-01-01,2019-Q1,,,,,,,,,,,Требуется ручная проверка,0,
912,"ПАО ""МИнБанк""",2019,2195160.0,26455537.0,361305.0,23899072.0,5852090.0,3264831.0,941711.0,13647672.0,11935724.0,36310296.0,,231474482.0,205884770.0,185670747.0,8518310.0,177152437.0,9672.0,6312429.0,5039461.0,111284.0,0.0,8306.0,434000.0,32746649.0,4203426.0,35919.0,50543671.0,0.0,0.0,,0.0,0.0,,,,,,,213.0,4470990.0,196840.0,111284.0,430793.0,85164.0,,,,,,,,,,,,,,50507752.0,,,532109.0,50544776.0,0.0,0.0,0.0,0.0,,,338.691,199.627,0.0,0.0,,0.0,0.0,,,,,,,,,25870859.0,,,,,-16691817.0,2,2019-04-01,2019-Q2,,,,,,,,,,,Требуется ручная проверка,0,
912,"ПАО ""МИнБанк""",2019,,34242554.0,396441.0,26094236.0,5472847.0,2665412.0,10477609.0,13679297.0,32976893.0,28358361.0,,276456569.0,229794255.0,189622263.0,9386996.0,180235267.0,7839.0,5591447.0,9960903.0,272473.0,0.0,21759.0,589576.0,71493232.0,6137778.0,7347971.0,82632328.0,0.0,0.0,,0.0,0.0,,,,,,,311.0,8711187.0,515132.0,272473.0,647498.0,91897.0,,,,,,,,,,,,,,89980299.0,,,1390362.0,82516755.0,0.0,0.0,0.0,0.0,,,268.02,383.214,0.0,0.0,,0.0,0.0,,,,,,,,,27901581.0,,,,,-112302055.0,3,2019-07-01,2019-Q3,,,,,,,,,,,Требуется ручная проверка,0,
912,"ПАО ""МИнБанк""",2019,128700000.0,163161624.0,615504.0,26094243.0,5420106.0,2521994.0,11653551.0,13322503.0,146456248.0,36895051.0,,362861259.0,203076600.0,192212363.0,7909437.0,184302926.0,8790.0,5730910.0,15945237.0,680143.0,3.0,30308.0,857629.0,96794059.0,10624577.0,854972.0,126507529.0,0.0,0.0,,0.0,0.0,,,,,,,413.0,12124128.0,879324.0,680135.0,828569.0,92618.0,,,,,,,,,,,,,,127362501.0,,,2522426.0,126297534.0,15.439,15.439,15.528,8.397,,,248.471,762.527,22.038,184.857,,0.4,4.53,,,,,,,,,28000063.0,,,,,25392899.0,4,2019-10-01,2019-Q4,,,,,,,,,,,Требуется ручная проверка,0,
912,"ПАО ""МИнБанк""",2020,128700000.0,170921656.0,2713529.0,26096542.0,6436506.0,4724769.0,10730343.0,13042224.0,213557374.0,27106741.0,,372268223.0,145663289.0,191982127.0,9257892.0,182724235.0,8477.0,5764196.0,21657203.0,902869.0,3.0,39427.0,1135043.0,133401123.0,14629536.0,7711680.0,117345381.0,0.0,0.0,,0.0,0.0,,,,,,,438.0,14958217.0,1136663.0,898158.0,989545.0,92803.0,,,,,,,,,,,,,,125057061.0,,,3465064.0,117031147.0,12.118,12.118,12.2,7.714,,,129.079,501.185,22.967,263.289,,0.505,8.71,,,,,,,,,23355838.0,,,,,22748554.0,1,2020-01-01,2020-Q1,,,,,,,,,,,Требуется ручная проверка,0,
912,"ПАО ""МИнБанк""",2020,129270000.0,171601170.0,2805093.0,26097872.0,6443410.0,3499887.0,21252432.0,15177978.0,234179075.0,35171465.0,,359626083.0,110264292.0,190764064.0,9598432.0,181165632.0,11188.0,5885550.0,4379608.0,41870.0,4.0,6327.0,1675118.0,61543831.0,1626079.0,48899.0,961160.0,0.0,0.0,,0.0,0.0,,,,,,,30.0,2046642.0,47739.0,41822.0,148396.0,153.0,,,,,,,,,,,,,,1010059.0,,,3169128.0,498573.0,10.75,10.75,10.945,7.264,,,392.545,301.931,21.754,322.011,,,8.931,,,,,,,,,69478385.0,,,,,22185871.0,2,2020-04-01,2020-Q2,,,,,,,,,,,Требуется ручная проверка,0,
912,"ПАО ""МИнБанк""",2020,129270000.0,172410710.0,3614480.0,26098025.0,6780114.0,2739707.0,37121175.0,16925197.0,247522681.0,83810427.0,,360591488.0,96138584.0,169118989.0,7240789.0,161878200.0,7081.0,5652257.0,8677338.0,1426736.0,7.0,31365.0,2796128.0,108150015.0,2861866.0,692057.0,741578.0,0.0,0.0,,0.0,0.0,,,,,,,49.0,4059407.0,48967.0,1426656.0,261255.0,267.0,,,,,,,,,,,,,,1433635.0,,,9028954.0,2278747.0,10.2,10.2,10.272,7.46,,,110.552,138.73,21.156,298.23,,,8.879,,,,,,,,,32956041.0,,,,,22314833.0,3,2020-07-01,2020-Q3,,,,,,,,,,,Требуется ручная проверка,0,
912,"ПАО ""МИнБанк""",2020,129270000.0,172537217.0,3740978.0,26098034.0,4828596.0,2507475.0,5951539.0,20265554.0,234396373.0,141428644.0,,335475172.0,80808589.0,154601557.0,8567150.0,146034407.0,7553.0,5293891.0,12719905.0,4010983.0,5455.0,34252.0,3195085.0,157290781.0,10006960.0,981411.0,6438363.0,0.0,0.0,,0.0,0.0,,,,,,,109.0,5883239.0,49693.0,2185974.0,370343.0,357.0,,,,,,,,,,,,,,5456952.0,,,13905615.0,5078674.0,3.696,3.696,3.696,2.7,,,131.615,148.836,25.076,857.451,,,26.189,,,,,,,,,38162218.0,,,,,7565732.0,4,2020-10-01,2020-Q4,,,,,,,,,,,Требуется ручная проверка,0,
912,"ПАО ""МИнБанк""",2021,5000000.0,6079307.0,1062304.0,383.0,5300979.0,3158201.0,5942839.0,25424670.0,236405582.0,133693520.0,,329601917.0,67767526.0,140218273.0,9331274.0,130886999.0,7479.0,5100902.0,16530538.0,4078455.0,5531.0,39354.0,3542678.0,194977971.0,16308920.0,1432217.0,14382840.0,0.0,0.0,,0.0,0.0,,,,,,,87.0,7608729.0,50420.0,2229027.0,475465.0,446.0,,,,,,,,,,,,,,15815057.0,,,14852449.0,15728914.0,3.099,3.099,3.099,2.177,,,62.486,92.454,28.19,1030.198,,,33.457,,,,,,,,,18066100.0,,,,,5922127.0,1,2021-01-01,2021-Q1,,,,,,,,,,,Требуется ручная проверка,0,
912,"ПАО ""МИнБанк""",2021,5000000.0,5904928.0,755809.0,815.0,5071115.0,1982661.0,4475816.0,29720593.0,234573076.0,131392212.0,,323122069.0,58824802.0,120015256.0,8462176.0,111553080.0,7495.0,4596616.0,3580237.0,257284.0,0.0,1049.0,2946.0,28366103.0,5683573.0,181882.0,1098768.0,0.0,0.0,,0.0,0.0,,,,,,,35.0,1660793.0,710.0,256345.0,100749.0,85.0,,,,,,,,,,,,,,1280650.0,,,1170807.0,469893.0,4.517,4.517,4.545,3.061,,,70.949,128.53,32.378,654.718,,,5.188,,,,,,,,,20155759.0,,,,,8488457.0,2,2021-04-01,2021-Q2,,,,,,,,,,,Требуется ручная проверка,0,
912,"АО ""МИнБанк""",2021,5000000.0,6129073.0,979296.0,1473.0,4508320.0,2222584.0,2613219.0,35389100.0,221515408.0,131025675.0,,313426439.0,56518918.0,110447682.0,6530422.0,103917260.0,8996.0,4327364.0,7154732.0,347905.0,92.0,5429.0,29.0,53839951.0,8615233.0,462228.0,4036548.0,0.0,0.0,,0.0,0.0,,,,,,,61.0,3306269.0,1429.0,346945.0,191074.0,171.0,,,,,,,,,,,,,,4498776.0,,,2230840.0,3350197.0,6.95,6.95,7.705,4.663,,,129.886,82.975,32.643,273.59,,,3.043,,,,,,,,,18375774.0,,,,,14474582.0,3,2021-07-01,2021-Q3,,,,,,,,,,,Требуется ручная проверка,0,
912,"АО ""МИнБанк""",2021,5000000.0,20078947.0,1018459.0,13678804.0,4433302.0,2179999.0,2651952.0,38941610.0,222114026.0,130926531.0,,315181084.0,54122905.0,108386981.0,8545817.0,99841164.0,9268.0,4076117.0,10816476.0,373673.0,106.0,5928.0,22638.0,77935578.0,10069217.0,742120.0,960838.0,0.0,0.0,,0.0,0.0,,,,,,,80.0,5019114.0,2155.0,372713.0,287687.0,190.0,,,,,,,,,,,,,,218718.0,,,3340153.0,1875529.0,3.397,3.397,3.397,2.236,,,196.599,215.4,35.494,841.806,,,4.778,,,,,,,,,16088716.0,,,,,6196107.0,4,2021-10-01,2021-Q4,,,,,,,,,,,Требуется ручная проверка,0,
914,"КБ ""КБЦ"" (ООО)",2007,,65076.0,32274.0,,10991.0,37206.0,20000.0,2296.0,,,,95803.0,93507.0,17409.0,,17409.0,,3462.0,14392.0,0.0,0.0,0.0,0.0,38449.0,0.0,0.0,2520.0,,,,,,,,,,,,,,,,,,,,,,,,,,,,,,,,,,,,,,,,,,,,,,,,,,,,,,,,,,,,,,,1,2007-01-01,2007-Q1,,,,,,,,,,,Требуется ручная проверка,0,
914,"КБ ""КБЦ"" (ООО)",2007,0.0,65059.0,32274.0,,9895.0,56118.0,10000.0,2813.0,,,,116145.0,113332.0,17968.0,,17968.0,,3876.0,4423.0,1.0,0.0,0.0,0.0,7942.0,0.0,0.0,610.0,,,,,,,,,,,,,,,,,,,,,,,,,,,,,,,,,,,,,,,,,,,,,,,,,,,,,,,,,,,,,,,2,2007-04-01,2007-Q2,,,,,,,,,,,Требуется ручная проверка,0,
914,"КБ ""КБЦ"" (ООО)",2007,1000.0,66128.0,32274.0,,9530.0,44126.0,,2435.0,,,,143899.0,141464.0,16139.0,,16139.0,,4117.0,9322.0,1.0,0.0,0.0,0.0,19056.0,0.0,0.0,1262.0,,,,,,,,,,,,,,,,,,,,,,,,,,,,,,,,,,,,,,,,,,,,,,,,,,,,,,,,,,,,,,,3,2007-07-01,2007-Q3,,,,,,,,,,,Требуется ручная проверка,0,
914,"КБ ""КБЦ"" (ООО)",2007,1000.0,65903.0,32274.0,,5836.0,40387.0,5000.0,1918.0,,,,138562.0,136644.0,17173.0,,17173.0,,5377.0,14311.0,5.0,0.0,0.0,0.0,30282.0,0.0,0.0,2357.0,,,,,,,,,,,,,,,,,,,,,,,,,,,,,,,,,,,,,,,,,,,,,,,,,,,,,,,,,,,,,,,4,2007-10-01,2007-Q4,,,,,,,,,,,Требуется ручная проверка,0,
914,"КБ ""КБЦ"" (ООО)",2008,1000.0,65704.0,32274.0,,10976.0,62788.0,5000.0,2538.0,208.0,,,133756.0,131010.0,18110.0,,18110.0,,3583.0,19001.0,5.0,0.0,0.0,0.0,44448.0,11.0,0.0,2672.0,,,,,,,,,,,,,,,,,,,,,,,,,,,,,,,,,,,,,,,,,,,,,,,,,,,,,,,,,,,,,,,1,2008-01-01,2008-Q1,,,,,,,,,,,Требуется ручная проверка,0,
914,"КБ ""КБЦ"" (ООО)",2008,1000.0,65690.0,32207.0,31483.0,8976.0,94617.0,15000.0,3982.0,,,,130652.0,126670.0,18513.0,,18513.0,,5978.0,4465.0,457.0,0.0,4376.0,1275.0,10322.0,3763.0,0.0,2737.0,,,,,,,,,,,,5.0,4460.0,0.0,0.0,457.0,0.0,,,,,,,,,,,,,,,,,,,,,,,,,,,,,,,,,,,,,,,,,,,,,,2,2008-04-01,2008-Q2,,,,,,,,,,,Требуется ручная проверка,0,
914,"КБ ""КБЦ"" (ООО)",2008,1000.0,66740.0,32207.0,32533.0,7130.0,82762.0,16000.0,4571.0,,,,137169.0,132598.0,17820.0,,17820.0,,6273.0,9378.0,914.0,0.0,8991.0,1819.0,21859.0,6269.0,0.0,4376.0,,,,,,,,,,,,36.0,9342.0,0.0,0.0,914.0,0.0,,,,,,,,,,,,,,,,,,,,,,,,,,,,,,,,,,,,,,,,,,,,,,3,2008-07-01,2008-Q3,,,,,,,,,,,Требуется ручная проверка,0,
914,"КБ ""КБЦ"" (ООО)",2008,1000.0,66740.0,32207.0,32533.0,5225.0,41906.0,18000.0,7569.0,,,,125437.0,117868.0,16211.0,,16211.0,,5238.0,14064.0,1355.0,0.0,12750.0,2150.0,34732.0,9407.0,0.0,4769.0,,,,,,,,,,,,62.0,14002.0,0.0,0.0,1355.0,0.0,,,,,,,,,,,,,,,,,,,,,,,,,,,,,,,,,,,,,,,,,,,,,,4,2008-10-01,2008-Q4,,,,,,,,,,,Требуется ручная проверка,0,
914,"КБ ""КБЦ"" (ООО)",2009,1000.0,66740.0,32207.0,32533.0,8311.0,73621.0,,6804.0,,,,118420.0,111616.0,8756.0,,8756.0,,296.0,18478.0,1680.0,0.0,15050.0,2293.0,54847.0,19182.0,0.0,3913.0,,,,,,,,,,,,79.0,18357.0,0.0,0.0,1680.0,0.0,,,,,,,,,,,,,,,,,,,,,,,,,,,,,,,,,,,,,,,,,,,,,,1,2009-01-01,2009-Q1,,,,,,,,,,,Требуется ручная проверка,0,
914,"КБ ""КБЦ"" /ООО/",2009,1000.0,66753.0,32207.0,32546.0,16222.0,64782.0,,5342.0,,,,105130.0,99788.0,9757.0,,9757.0,,325.0,4644.0,352.0,0.0,1935.0,70.0,11184.0,2477.0,105.0,889.0,,,,,,,,,,,,52.0,3820.0,0.0,0.0,352.0,0.0,,,,,,,,,,,,,,994.0,,,,,,,,,,,,,,,,,,,,,,,,,,,,,,,,2,2009-04-01,2009-Q2,,,,,,,,,,,Требуется ручная проверка,0,
914,"КБ ""КБЦ"" /ООО/",2009,1000.0,69510.0,32207.0,35303.0,5815.0,48245.0,0.0,5870.0,,,,100669.0,94799.0,18731.0,,18731.0,,328.0,11274.0,1029.0,0.0,8444.0,84.0,28683.0,6579.0,302.0,2125.0,,,,,,,,,,,,1119.0,7761.0,0.0,0.0,1029.0,0.0,,,,,,,,,,,,,,2427.0,,,,,,,,,,,,,,,,,,,,,,,,,,,,,,,,3,2009-07-01,2009-Q3,,,,,,,,,,,Требуется ручная проверка,0,
914,"КБ ""КБЦ"" /ООО/",2009,1000.0,69510.0,32207.0,35303.0,15143.0,122047.0,17000.0,27629.0,0.0,,,116955.0,89326.0,37590.0,,37590.0,,1542.0,17078.0,2162.0,0.0,19976.0,143.0,53388.0,11919.0,1067.0,2916.0,,,,,,,,,,,,1121.0,12893.0,0.0,0.0,2162.0,0.0,,,,,,,,,,,,,,3983.0,,,,,,,,,,,,,,,,,,,,,,,,,,,,,,,,4,2009-10-01,2009-Q4,,,,,,,,,,,Требуется ручная проверка,0,
914,"КБ ""КБЦ"" /ООО/",2010,32000.0,100510.0,32207.0,35303.0,35787.0,100679.0,17050.0,40402.0,,,,146257.0,105855.0,38406.0,,38406.0,,2213.0,30522.0,3422.0,0.0,28170.0,228.0,92671.0,25614.0,683.0,1210.0,,,,,,,,,,,,1126.0,20062.0,5500.0,0.0,3422.0,0.0,,,,,,,,,,,,,,1893.0,,,,,,,,,,,,,,,,,,,,,,,,,,,,,,,,1,2010-01-01,2010-Q1,,,,,,,,,,,Требуется ручная проверка,0,
914,"КБ ""КБЦ"" /ООО/",2010,32000.0,111254.0,42936.0,35318.0,35436.0,106861.0,25501.0,39317.0,0.0,,,123989.0,84672.0,38111.0,,38108.0,,2969.0,7201.0,1117.0,0.0,3049.0,60.0,28044.0,9063.0,36.0,7202.0,,,,,,,,,,,,45.0,6008.0,0.0,0.0,1117.0,0.0,,,,,,,,,,,,,,7166.0,,,,,,,,,,,,,,,,,,,,,,,,,,,,,,,,2,2010-04-01,2010-Q2,,,,,,,,,,,Требуется ручная проверка,0,
914,"КБ ""КБЦ"" /ООО/",2010,32000.0,111760.0,42936.0,35318.0,20625.0,43748.0,100507.0,38502.0,3104.0,,,136997.0,95391.0,28679.0,,28679.0,,6515.0,13349.0,2094.0,0.0,6931.0,395.0,52599.0,11481.0,0.0,17036.0,,,,,,,,,,,,46.0,11873.0,0.0,1.0,2093.0,0.0,,,,,,,,,,,,,,17036.0,,,,,,,,,,,,,,,,,,,,,,,,,,,,,,,,3,2010-07-01,2010-Q3,,,,,,,,,,,Требуется ручная проверка,0,
914,"КБ ""КБЦ"" /ООО/",2010,32000.0,111760.0,42936.0,35318.0,19544.0,28655.0,60510.0,33852.0,71.0,,,128569.0,94646.0,22325.0,,22325.0,,4293.0,19114.0,2747.0,0.0,9678.0,406.0,67886.0,14447.0,0.0,17835.0,,,,,,,,,,,,46.0,17635.0,0.0,1.0,2746.0,0.0,,,,,,,,,,,,,,17835.0,,,,,,,,,,,,,,,,,,,,,,,,,,,,,,,,4,2010-10-01,2010-Q4,,,,,,,,,,,Требуется ручная проверка,0,
914,"КБ ""КБЦ"" /ООО/",2011,,,,,,,,,,,,,,,,,,,24187.0,3218.0,0.0,13359.0,503.0,83333.0,17362.0,0.0,19245.0,,,,,,,,,,,,46.0,22707.0,0.0,1.0,3217.0,0.0,,,,,,,,,,,,,,19245.0,,,,,,,,,,,,,,,,,,,,,,,,,,,,,,,,1,2011-01-01,2011-Q1,,,,,,,,,,,Требуется ручная проверка,0,
914,"КБ ""КБЦ"" /ООО/",2011,32000.0,111760.0,42915.0,35339.0,43965.0,37037.0,15484.0,33028.0,10073.0,,,143638.0,100537.0,8382.0,,8382.0,,4632.0,4974.0,160.0,0.0,4020.0,5.0,11974.0,1232.0,0.0,71.0,,,,,,,,,,,,0.0,4973.0,0.0,0.0,160.0,0.0,,,,,,,,,,,,,,71.0,,,,,,,,,,37.15,36.98,42.64,29.78,132.62,0.0,0.06,0.0,,,,,,,,,,,,,,,2,2011-04-01,2011-Q2,,,,,,,,,,,Требуется ручная проверка,0,
914,"КБ ""КБЦ"" /ООО/",2011,,,,,,,,,,,,,,,,,,,10041.0,360.0,0.0,10434.0,50.0,34048.0,7446.0,0.0,1775.0,,,,,,,,,,,,0.0,10040.0,0.0,0.0,295.0,65.0,,,,,,,,,,,,,,1775.0,,,,,,,,,,29.3,43.67,66.77,21.43,204.33,0.0,0.21,0.0,,,,,,,,,,,,,,,3,2011-07-01,2011-Q3,,,,,,,,,,,Требуется ручная проверка,0,
914,"КБ ""КБЦ"" /ООО/",2011,32000.0,92251.0,42915.0,15830.0,19849.0,117861.0,483.0,20775.0,11990.0,,,143359.0,110594.0,22999.0,,2999.0,,8605.0,17099.0,941.0,0.0,15602.0,225.0,85852.0,47893.0,0.0,1361.0,,,,,,,,,,,,0.0,17097.0,0.0,0.0,380.0,212.0,,,,,,,,,,,,,,1361.0,,,,,,,,,,41.51,75.62,79.55,17.01,90.23,0.0,0.44,0.0,,,,,,,,,,,,,,,4,2011-10-01,2011-Q4,,,,,,,,,,,Требуется ручная проверка,0,
914,"КБ ""КБЦ"" /ООО/",2012,,,,,,,,,,,,,,,,,,,22688.0,1451.0,0.0,21079.0,341.0,132353.0,85848.0,0.0,11975.0,,,,,,,,,,,,0.0,22685.0,0.0,0.0,442.0,358.0,,,,,,,,,,,,,,11975.0,,,,,,,,,,37.33,68.49,119.48,4.89,84.32,0.0,0.21,0.0,,,,,,,,,,,,,,,1,2012-01-01,2012-Q1,,,,,,,,,,,Требуется ручная проверка,0,
914,"КБ ""КБЦ"" /ООО/",2012,107000.0,219002.0,94666.0,15830.0,28090.0,168911.0,55484.0,19824.0,,,,145873.0,126049.0,22807.0,,2807.0,0.0,9947.0,4298.0,500.0,0.0,26267.0,15812.0,49413.0,14164.0,0.0,1295.0,,,,,,,,,,,,0.0,4297.0,0.0,0.0,57.0,145.0,,,,,,,,,,,,,,1295.0,,,,,,,,,,82.87,105.8,106.82,5.0,5.84,0.0,0.31,0.0,,,,,,,,,,,,,,,2,2012-04-01,2012-Q2,,,,,,,,,,,Требуется ручная проверка,0,
914,"КБ ""КБЦ"" /ООО/",2012,107000.0,230643.0,94666.0,15830.0,19069.0,56700.0,537.0,23093.0,0.0,,,135583.0,112490.0,22724.0,,2724.0,,6928.0,8882.0,998.0,0.0,35143.0,19109.0,105868.0,17341.0,0.0,36905.0,,,,,,,,,,,,0.0,8881.0,0.0,0.0,112.0,289.0,,,,,,,,,,,,,,36905.0,,,,,,,,,,66.69,88.13,94.45,11.99,28.29,0.0,0.47,0.0,,,,,,,,,,,,,,,3,2012-07-01,2012-Q3,,,,,,,,,,,Требуется ручная проверка,0,
914,"КБ ""КБЦ"" /ООО/",2012,107000.0,230643.0,94666.0,15830.0,26939.0,60383.0,534.0,22898.0,,,,162666.0,139768.0,22696.0,,2696.0,,4438.0,14070.0,1500.0,0.0,37268.0,19109.0,128534.0,18520.0,0.0,40090.0,,,,,,,,,,,,0.0,14068.0,0.0,0.0,167.0,435.0,,,,,,,,,,,,,,40090.0,,,,,,,,,,55.93,65.86,72.89,11.39,40.32,0.51,0.93,0.0,,,,,,,,,,,,,,,4,2012-10-01,2012-Q4,,0409135,,,,,,,,,Требуется ручная проверка,0,
914,"КБ ""КБЦ"" /ООО/",2013,107000.0,230643.0,94666.0,15830.0,31443.0,54161.0,30516.0,20004.0,1180.0,,,145091.0,123907.0,22732.0,,2732.0,,4403.0,19548.0,2002.0,0.0,39295.0,19109.0,152785.0,25426.0,0.0,44234.0,,,,,,,,,,,,0.0,19545.0,0.0,0.0,221.0,581.0,,,,,,,,,,,,,,44234.0,,,,,,,,,,57.53,71.63,90.06,8.5,25.44,0.5,0.89,0.0,,,,,,,,,,,,,,,1,2013-01-01,2013-Q1,,,,,,,,,,,Требуется ручная проверка,0,
914,"КБ ""КБЦ"" /ООО/",2013,107000.0,230643.0,94665.0,15831.0,19431.0,33670.0,25509.0,11365.0,,,,128867.0,117502.0,21376.0,,1376.0,,4594.0,4614.0,397.0,0.0,1809.0,17.0,20284.0,8586.0,0.0,4800.0,,,,,,,,,,,,0.0,4613.0,0.0,0.0,28.0,73.0,,,,,,,,,,,,,,4800.0,,,,,,,,,,56.07,68.53,75.41,5.19,27.62,0.46,0.78,0.0,,,,,,,,,68467.0,,,,,,2,2013-04-01,2013-Q2,,0409135,,,,,,,,,Требуется ручная проверка,0,
914,"КБ ""КБЦ"" /ООО/",2013,107000.0,236615.0,94665.0,,21478.0,35398.0,524.0,9119.0,3400.0,,,131103.0,118584.0,21284.0,,1284.0,,3363.0,8471.0,724.0,0.0,3634.0,31.0,54146.0,33907.0,0.0,6825.0,,,,,,,,,,,,0.0,8470.0,0.0,0.0,56.0,73.0,,,,,,,,,,,,,,6825.0,,,,,,,,,,57.78,77.38,83.38,9.16,13.72,0.44,0.7,0.0,,,,,,,,,76455.0,,,,,,3,2013-07-01,2013-Q3,,0409135,,,,,,,,,Требуется ручная проверка,0,
914,"КБ ""КБЦ"" /ООО/",2013,107000.0,236615.0,94665.0,,23163.0,28176.0,548.0,9238.0,3350.0,,,94754.0,82166.0,20994.0,,994.0,,3297.0,11683.0,1042.0,0.0,5292.0,32.0,70110.0,43983.0,0.0,7238.0,,,,,,,,,,,,0.0,11681.0,0.0,0.0,71.0,73.0,,,,,,,,,,,,,,7238.0,,,,,,,,,,57.78,64.24,85.42,7.91,19.49,0.42,0.64,0.0,,,,,,,,,55520.0,,,,,,4,2013-10-01,2013-Q4,,0409135,,,,,,,,,Требуется ручная проверка,0,
917,"ЗАО ""ТЮМЕНЬАГРОПРОМБАНК""",2007,85361.0,226303.0,100087.0,,124746.0,106566.0,0.0,80439.0,4498.0,4957.0,,1439431.0,1354494.0,954501.0,417311.0,502512.0,,29183.0,189554.0,3398.0,0.0,2529.0,34995.0,391877.0,2.0,0.0,17774.0,,,,,,,,,,,,,,,,,,,,,,,,,,,,,,,,,,,,,,,,,,,,,,,,,,,,,,,,,,,,,,,1,2007-01-01,2007-Q1,,,,,,,,,,,Требуется ручная проверка,0,
917,"ЗАО ""ТЮМЕНЬАГРОПРОМБАНК""",2007,85361.0,224609.0,99536.0,,80156.0,158033.0,131.0,75560.0,3748.0,6644.0,,1505327.0,1426019.0,902708.0,224030.0,644160.0,,33485.0,52801.0,177.0,0.0,836.0,7328.0,96112.0,71.0,0.0,8154.0,,,,,,,,,,,,,,,,,,,,,,,,,,,,,,,,,,,,,,,,,,,,,,,,,,,,,,,,,,,,,,,2,2007-04-01,2007-Q2,,,,,,,,,,,Требуется ручная проверка,0,
917,"ЗАО ""ТЮМЕНЬАГРОПРОМБАНК""",2007,86015.0,230907.0,99536.0,,89736.0,86305.0,50181.0,55968.0,12482.0,16545.0,,1569640.0,1501190.0,978663.0,259630.0,684217.0,,32607.0,109567.0,308.0,0.0,1467.0,15558.0,202396.0,71.0,0.0,22869.0,,,,,,,,,,,,,,,,,,,,,,,,,,,,,,,,,,,,,,,,,,,,,,,,,,,,,,,,,,,,,,,3,2007-07-01,2007-Q3,,,,,,,,,,,Требуется ручная проверка,0,
917,"ЗАО ""ТЮМЕНЬАГРОПРОМБАНК""",2007,86015.0,228514.0,99536.0,,98038.0,147871.0,69256.0,66245.0,7541.0,31138.0,,1636005.0,1562219.0,1190110.0,480616.0,674483.0,,43417.0,170937.0,381.0,0.0,2854.0,25360.0,414109.0,439.0,0.0,31910.0,,,,,,,,,,,,,,,,,,,,,,,,,,,,,,,,,,,,,,,,,,,,,,,,,,,,,,,,,,,,,,,4,2007-10-01,2007-Q4,,,,,,,,,,,Требуется ручная проверка,0,
917,"ЗАО ""ТЮМЕНЬАГРОПРОМБАНК""",2008,86015.0,226747.0,99536.0,,104628.0,70023.0,40244.0,75714.0,7639.0,30968.0,,1759795.0,1676442.0,1223034.0,408800.0,778195.0,,29960.0,235604.0,409.0,0.0,4102.0,37337.0,533468.0,454.0,0.0,39847.0,,,,,,,,,,,,,,,,,,,,,,,,,,,,,,,,,,,,,,,,,,,,,,,,,,,,,,,,,,,,,,,1,2008-01-01,2008-Q1,,,,,,,,,,,Требуется ручная проверка,0,
917,"ЗАО ""ТЮМЕНЬАГРОПРОМБАНК""",2008,86015.0,225734.0,97126.0,31338.0,112257.0,92518.0,20362.0,65869.0,8307.0,35288.0,,1765351.0,1691175.0,1246152.0,390460.0,819287.0,,45704.0,65270.0,29282.0,0.0,25579.0,301.0,118602.0,19322.0,0.0,2376.0,,,,,,,,,,,,343.0,63812.0,734.0,39.0,9987.0,149.0,,,,,,,,,,,,,,,,,,,,,,,,,,,,,,,,,,,,,,,,,,,,,,2,2008-04-01,2008-Q2,,,,,,,,,,,Требуется ручная проверка,0,
917,"ЗАО ""ТЮМЕНЬАГРОПРОМБАНК""",2008,86015.0,251690.0,97126.0,56036.0,109828.0,84488.0,37245.0,84265.0,3879.0,39110.0,,1731035.0,1642891.0,1045573.0,176541.0,832142.0,,39963.0,129761.0,54680.0,0.0,59778.0,1235.0,246812.0,36166.0,0.0,5457.0,,,,,,,,,,,,533.0,127205.0,1511.0,482.0,15095.0,249.0,,,,,,,,,,,,,,,,,,,,,,,,,,,,,,,,,,,,,,,,,,,,,,3,2008-07-01,2008-Q3,,,,,,,,,,,Требуется ручная проверка,0,
917,"ЗАО ""ТЮМЕНЬАГРОПРОМБАНК""",2008,86015.0,249433.0,97126.0,53779.0,117823.0,81398.0,82141.0,85860.0,3647.0,34272.0,,1833210.0,1743703.0,1207684.0,320654.0,850742.0,0.0,39817.0,198849.0,82684.0,4.0,106412.0,2407.0,394287.0,57169.0,0.0,21307.0,,,,,,,,,,,,749.0,195236.0,2330.0,537.0,22440.0,280.0,,,,,,,,,,,,,,,,,,,,,,,,,,,,,,,,,,,,,,,,,,,,,,4,2008-10-01,2008-Q4,,,,,,,,,,,Требуется ручная проверка,0,
917,"ЗАО ""ТЮМЕНЬАГРОПРОМБАНК""",2009,86015.0,249433.0,97126.0,53779.0,117500.0,46249.0,411.0,80679.0,3508.0,20327.0,,1610584.0,1526397.0,967731.0,204106.0,728262.0,28.0,3000.0,267961.0,106849.0,4.0,161404.0,3636.0,565354.0,79103.0,0.0,43009.0,,,,,,,,,,,,1093.0,263307.0,2836.0,537.0,29155.0,324.0,,,,,,,,,,,,,,,,,,,,,,,,,,,,,,,,,,,,,,,,,,,,,,1,2009-01-01,2009-Q1,,,,,,,,,,,Требуется ручная проверка,0,
917,"ЗАО ""ТЮМЕНЬАГРОПРОМБАНК""",2009,86015.0,285408.0,132993.0,53887.0,135617.0,87176.0,47986.0,64717.0,6936.0,15804.0,,1574616.0,1502963.0,1028396.0,236930.0,746038.0,0.0,3362.0,69626.0,27312.0,0.0,33318.0,898.0,232205.0,41284.0,4632.0,10091.0,,,,,,,,,,,,401.0,68434.0,478.0,0.0,7193.0,1288.0,,,,,,,,,,,,,,14723.0,,,,,,,,,,,,,,,,,,,,,,,,,,,,,,,,2,2009-04-01,2009-Q2,,,,,,,,,,,Требуется ручная проверка,0,
917,"ЗАО ""ТЮМЕНЬАГРОПРОМБАНК""",2009,200004.0,408908.0,131916.0,39665.0,136515.0,79950.0,9575.0,56804.0,11653.0,16568.0,,1445185.0,1376728.0,790508.0,66068.0,724440.0,270.0,2685.0,136708.0,49922.0,0.0,68240.0,1938.0,430190.0,101925.0,1074.0,12902.0,,,,,,,,,,,,646.0,134771.0,973.0,0.0,9731.0,1919.0,,,,,,,,,,,,,,13976.0,,,,,,,,,,,,,,,,,,,,,,,,,,,,,,,,3,2009-07-01,2009-Q3,,,,,,,,,,,Требуется ручная проверка,0,
917,"ЗАО ""ТЮМЕНЬАГРОПРОМБАНК""",2009,200004.0,408740.0,131748.0,39665.0,140099.0,177899.0,45079.0,87065.0,19487.0,14745.0,,1441966.0,1335414.0,884330.0,137538.0,746792.0,406.0,10218.0,203261.0,75314.0,29.0,104261.0,3205.0,703695.0,215057.0,3115.0,15144.0,,,,,,,,,,,,864.0,200648.0,1430.0,0.0,12348.0,2731.0,,,,,,,,,,,,,,18259.0,,,,,,,,,,,,,,,,,,,,,,,,,,,,,,,,4,2009-10-01,2009-Q4,,,,,,,,,,,Требуется ручная проверка,0,
917,"ЗАО ""ТЮМЕНЬАГРОПРОМБАНК""",2010,200004.0,408490.0,131425.0,39738.0,145397.0,117375.0,49451.0,77544.0,10067.0,19486.0,,1504226.0,1416615.0,977324.0,133528.0,843796.0,314.0,13544.0,271522.0,104771.0,29.0,148208.0,4868.0,933463.0,295575.0,5045.0,19767.0,,,,,,,,,,,,1201.0,267140.0,2019.0,0.0,15820.0,3308.0,,,,,,,,,,,,,,24812.0,,,,,,,,,,,,,,,,,,,,,,,,,,,,,,,,1,2010-01-01,2010-Q1,,,,,,,,,,,Требуется ручная проверка,0,
917,"ЗАО ""ТЮМЕНЬАГРОПРОМБАНК""",2010,200004.0,408279.0,131211.0,39741.0,141375.0,105954.0,456.0,80393.0,8069.0,40012.0,,1512196.0,1423734.0,1302127.0,221866.0,1080261.0,344.0,18158.0,71678.0,37122.0,0.0,30976.0,348.0,190597.0,57529.0,1584.0,2531.0,,,,,,,,,,,,373.0,65348.0,1181.0,0.0,5384.0,506.0,,,,,,,,,,,,,,4115.0,,,,,,,,,,,,,,,,,,,,,,,,,,,,,,,,2,2010-04-01,2010-Q2,,,,,,,,,,,Требуется ручная проверка,0,
917,"ЗАО ""ТЮМЕНЬАГРОПРОМБАНК""",2010,200004.0,426541.0,131775.0,44761.0,167029.0,77961.0,462.0,104519.0,7412.0,51346.0,,1657230.0,1545299.0,1294203.0,139395.0,1154808.0,323.0,16790.0,144020.0,73811.0,10.0,65746.0,1339.0,407047.0,130886.0,2608.0,5861.0,,,,,,,,,,,,830.0,134676.0,2807.0,0.0,8312.0,681.0,,,,,,,,,,,,,,8469.0,,,,,,,,,,,,,,,,,,,,,,,,,,,,,,,,3,2010-07-01,2010-Q3,,,,,,,,,,,Требуется ручная проверка,0,
917,"ЗАО ""ТЮМЕНЬАГРОПРОМБАНК""",2010,200004.0,426510.0,131744.0,44761.0,134898.0,63865.0,465.0,111512.0,7388.0,62201.0,,1859683.0,1740783.0,1363773.0,130396.0,1233377.0,329.0,16122.0,219466.0,110535.0,47.0,98172.0,2257.0,604442.0,192935.0,6046.0,7058.0,,,,,,,,,,,,1136.0,207533.0,4645.0,0.0,10603.0,845.0,,,,,,,,,,,,,,13104.0,,,,,,,,,,,,,,,,,,,,,,,,,,,,,,,,4,2010-10-01,2010-Q4,,,,,,,,,,,Требуется ручная проверка,0,
917,"ЗАО ""ТЮМЕНЬАГРОПРОМБАНК""",2011,,,,,,,,,,,,,,,,,,,295371.0,148065.0,47.0,141925.0,4511.0,868431.0,301231.0,5680.0,10181.0,,,,,,,,,,,,1410.0,279497.0,6861.0,0.0,13007.0,995.0,,,,,,,,,,,,,,15861.0,,,,,,,,,,,,,,,,,,,,,,,,,,,,,,,,1,2011-01-01,2011-Q1,,,,,,,,,,,Требуется ручная проверка,0,
917,"ЗАО ""ТЮМЕНЬАГРОПРОМБАНК""",2011,200004.0,426881.0,132114.0,44762.0,195705.0,91579.0,170438.0,151541.0,6854.0,82985.0,,1832011.0,1673616.0,1683324.0,128515.0,1554809.0,341.0,21421.0,74401.0,37242.0,0.0,27568.0,1362.0,216920.0,89398.0,1568.0,2464.0,,,,,,,,,,,,283.0,69705.0,1855.0,0.0,2023.0,159.0,,,,,,,,,,,,,,4032.0,,,,,,,,,,15.06,38.56,77.64,91.92,348.36,2.23,2.58,0.0,,,,,,,,,,,,,,,2,2011-04-01,2011-Q2,,,,,,,,,,,Требуется ручная проверка,0,
917,"ЗАО ""ТЮМЕНЬАГРОПРОМБАНК""",2011,,,,,,,,,,,,,,,,,,,155795.0,72378.0,27.0,61904.0,4194.0,415014.0,147488.0,2522.0,4233.0,,,,,,,,,,,,479.0,147116.0,3678.0,7.0,3491.0,308.0,,,,,,,,,,,,,,6755.0,,,,,,,,,,14.19,48.06,71.61,91.12,373.17,2.24,2.66,0.0,,,,,,,,,,,,,,,3,2011-07-01,2011-Q3,,,,,,,,,,,Требуется ручная проверка,0,
917,"ЗАО ""ТЮМЕНЬАГРОПРОМБАНК""",2011,200004.0,431913.0,133101.0,48807.0,153774.0,59310.0,70583.0,261886.0,6768.0,82907.0,,2197199.0,1928545.0,1926118.0,245463.0,1680655.0,360.0,32982.0,239583.0,107314.0,31.0,93753.0,5129.0,578366.0,156962.0,4047.0,6288.0,,,,,,,,,,,,604.0,227843.0,5420.0,7.0,6140.0,395.0,,,,,,,,,,,,,,10335.0,,,,,,,,,,12.97,42.55,58.43,108.15,393.19,2.23,2.61,0.0,,,,,,,,,,,,,,,4,2011-10-01,2011-Q4,,,,,,,,,,,Требуется ручная проверка,0,
917,"ЗАО ""ТЮМЕНЬАГРОПРОМБАНК""",2012,,,,,,,,,,,,,,,,,,,325599.0,145033.0,34.0,139145.0,6172.0,757498.0,173352.0,4830.0,17575.0,,,,,,,,,,,,780.0,311975.0,7046.0,26.0,9451.0,434.0,,,,,,,,,,,,,,22405.0,,,,,,,,,,13.06,60.73,73.49,110.72,362.7,2.17,2.66,0.0,,,,,,,,,,,,,,,1,2012-01-01,2012-Q1,,,,,,,,,,,Требуется ручная проверка,0,
917,"ЗАО ""ТЮМЕНЬАГРОПРОМБАНК""",2012,200004.0,445972.0,147160.0,48807.0,174136.0,119202.0,579.0,243780.0,985.0,88753.0,,2237271.0,1992506.0,2031492.0,179873.0,1851619.0,,37854.0,85223.0,39980.0,0.0,27800.0,890.0,168713.0,13651.0,1088.0,4216.0,,,,,,,,,,,,225.0,81949.0,1650.0,0.0,3221.0,40.0,,,,,,,,,,,,,,5304.0,,,,,,,,,,13.31,48.51,82.13,107.33,375.97,2.09,2.54,0.0,,,,,,,,,,,,,,,2,2012-04-01,2012-Q2,,,,,,,,,,,Требуется ручная проверка,0,
917,"ЗАО ""ТЮМЕНЬАГРОПРОМБАНК""",2012,200004.0,446560.0,147748.0,48807.0,148234.0,234090.0,649.0,239370.0,59051.0,88703.0,,2340234.0,2041813.0,2172767.0,185788.0,1986979.0,0.0,35229.0,169910.0,82858.0,22.0,60683.0,2832.0,407012.0,28410.0,3435.0,45047.0,,,,,,,,,,,,435.0,164721.0,3355.0,0.0,6314.0,75.0,,,,,,,,,,,,,,41612.0,,,,,,,,,,11.16,59.32,75.75,108.58,447.87,2.47,2.92,0.0,,,,,,,,,,,,,,,3,2012-07-01,2012-Q3,,,,,,,,,,,Требуется ручная проверка,0,
917,"ЗАО ""ТЮМЕНЬАГРОПРОМБАНК""",2012,200004.0,446248.0,147432.0,48811.0,167033.0,368136.0,646.0,224945.0,35793.0,85298.0,,2434739.0,2174001.0,2226827.0,151086.0,2075741.0,0.0,38021.0,256203.0,128014.0,42.0,95937.0,3654.0,583897.0,48403.0,0.0,30103.0,,,,,,,,,,,,707.0,248964.0,4986.0,0.0,9147.0,107.0,,,,,,,,,,,,,,30103.0,,,,,,,,,,11.36,61.24,81.97,97.81,433.05,1.97,2.49,0.0,,,,,,,,,,,,,,,4,2012-10-01,2012-Q4,,0409135,,,,,,,,,Требуется ручная проверка,0,
917,"ЗАО ""ТЮМЕНЬАГРОПРОМБАНК""",2013,200004.0,446231.0,147323.0,48903.0,162297.0,250093.0,621.0,239794.0,109900.0,72900.0,,2402437.0,2052743.0,2184353.0,152481.0,2031872.0,0.0,38166.0,341893.0,173475.0,54.0,141548.0,4443.0,737832.0,65002.0,0.0,4567.0,,,,,,,,,,,,986.0,332648.0,6461.0,0.0,11896.0,153.0,,,,,,,,,,,,,,4567.0,,,,,,,,,,12.18,83.59,97.75,86.5,395.72,0.0,0.66,0.0,,,,,,,,,,,,,,,1,2013-01-01,2013-Q1,,,,,,,,,,,Требуется ручная проверка,0,
917,"ЗАО ""ТЮМЕНЬАГРОПРОМБАНК""",2013,200004.0,445977.0,147066.0,48906.0,172196.0,88800.0,612.0,267622.0,109310.0,65207.0,,2440434.0,2063502.0,2197300.0,115291.0,2082009.0,1.0,40912.0,83664.0,45526.0,0.0,31682.0,256.0,147268.0,17951.0,0.0,6037.0,,,,,,,,,,,,374.0,80836.0,1233.0,0.0,2409.0,47.0,,,,,,,,,,,,,,6037.0,,,,,,,,,,12.14,72.0,82.71,92.79,394.58,1.85,2.56,0.0,,,,,,,,,762955.0,,,,,,2,2013-04-01,2013-Q2,,0409135,,,,,,,,,Требуется ручная проверка,0,
917,"ЗАО ""ТЮМЕНЬАГРОПРОМБАНК""",2013,200004.0,437930.0,147549.0,40376.0,161487.0,86162.0,632.0,331600.0,109878.0,111199.0,,2638651.0,2197173.0,2255187.0,177321.0,2077866.0,3.0,41380.0,177899.0,91284.0,44.0,75582.0,1961.0,336736.0,42489.0,3239.0,15100.0,,,,,,,,,,,,593.0,173136.0,2847.0,0.0,5292.0,86.0,,,,,,,,,,,,,,18339.0,,,,,,,,,,11.65,61.02,72.01,97.77,417.47,0.0,0.94,0.0,,,,,,,,,726416.0,,,,,,3,2013-07-01,2013-Q3,,0409135,,,,,,,,,Требуется ручная проверка,0,
917,"ЗАО ""ТЮМЕНЬАГРОПРОМБАНК""",2013,200004.0,437618.0,147237.0,40376.0,238378.0,157332.0,39295.0,365410.0,104705.0,467265.0,,3061592.0,2591477.0,2512123.0,145431.0,2166692.0,0.0,43280.0,289499.0,140385.0,79.0,128510.0,3715.0,548125.0,65114.0,9903.0,19930.0,,,,,,,,,,,,712.0,279231.0,8167.0,134.0,8639.0,139.0,,,,,,,,,,,,,,29833.0,,,,,,,,,,14.61,53.56,70.49,80.97,340.92,0.08,1.84,0.0,,,,,,,,,964040.0,,,,,,4,2013-10-01,2013-Q4,,0409135,,,,,,,,,Требуется ручная проверка,0,
917,"ЗАО ""ТЮМЕНЬАГРОПРОМБАНК""",2014,200004.0,436855.0,146474.0,40376.0,235514.0,181213.0,39727.0,459593.0,111812.0,390244.0,,3293830.0,2722139.0,2647687.0,97906.0,2349781.0,2.0,51924.0,419595.0,195099.0,102.0,172780.0,4232.0,775467.0,106586.0,10715.0,81435.0,,,,,,,,,,,,916.0,403270.0,14011.0,230.0,13305.0,217.0,,,,,,,,,,,,,,92150.0,,,,,,,,,,14.54,69.36,74.71,59.22,319.37,0.13,1.65,0.0,,,,,,,,,1224447.0,,,,,,1,2014-01-01,2014-Q1,,,,,,,,,,,Требуется ручная проверка,0,
917,"ЗАО ""ТЮМЕНЬАГРОПРОМБАНК""",2014,200004.0,433036.0,142619.0,40412.0,235783.0,122341.0,31803.0,626250.0,112472.0,593500.0,,3412336.0,2673514.0,2993602.0,63666.0,2729936.0,651.0,40245.0,133999.0,62343.0,0.0,38084.0,1434.0,253065.0,18542.0,3847.0,4701.0,,,,200000.0,200000.0,,,,,,,182.0,125421.0,7641.0,180.0,3374.0,37.0,,,,,,,,,,,,,,8548.0,,,,,8.07,8.07,15.23,,,,80.56,91.12,49.62,276.82,0.05,1.78,0.0,,,,,,,,,1198345.0,,,,,703030.0,2,2014-04-01,2014-Q2,,,,,,,,,,,Требуется ручная проверка,0,
917,"ЗАО ""ТЮМЕНЬАГРОПРОМБАНК""",2014,199350.0,,,118581.0,,,,,,,,,,,,,,,282929.0,140624.0,11.0,93981.0,7267.0,557085.0,61282.0,4070.0,12174.0,,,,200000.0,200000.0,,,,,,,274.0,264612.0,17045.0,1121.0,8566.0,75.0,,,,,,,,,,,,,,16244.0,,,,,6.89,6.89,13.32,,,,72.19,84.52,60.56,339.96,0.21,2.02,0.0,,,,,,,,,1080323.0,,,,,688264.0,3,2014-07-01,2014-Q3,,,,,,,,,,,Требуется ручная проверка,0,
917,"ЗАО ""ТЮМЕНЬАГРОПРОМБАНК""",2014,200004.0,533361.0,164775.0,118581.0,302749.0,246619.0,1833.0,973091.0,168787.0,707957.0,,3901287.0,2759379.0,4038169.0,196669.0,3641500.0,994.0,45151.0,445682.0,233009.0,56.0,142356.0,17776.0,868119.0,109054.0,4944.0,23880.0,,100000.0,,200000.0,200000.0,,,,,,,387.0,413187.0,30550.0,1135.0,14828.0,97.0,,,,,,,,,,,,,,28824.0,,,,,7.34,9.37,15.86,,,,95.34,105.88,69.43,256.19,0.05,1.66,0.0,,,,,,,,,1245448.0,,,,,802839.0,4,2014-10-01,2014-Q4,,,,,,,,,,,Требуется ручная проверка,0,
918,"""ЗАПСИБКОМБАНК"" ОАО",2007,469795.0,2536205.0,1329530.0,,1484754.0,224627.0,671449.0,9707205.0,1045815.0,3296516.0,461449.0,21625887.0,10870645.0,16571581.0,9471022.0,7100559.0,,496599.0,2719145.0,48667.0,0.0,747016.0,552527.0,6180227.0,1364.0,0.0,650616.0,,,,,,,,,,,,,,,,,,,,,,,,,,,,,,,,,,,,,,,,,,,,,,,,,,,,,,,,,,,,,,,1,2007-01-01,2007-Q1,,,,,,,,,,,Требуется ручная проверка,0,
918,"""ЗАПСИБКОМБАНК"" ОАО",2007,470000.0,2515417.0,1329530.0,,1398389.0,223424.0,431868.0,10680041.0,1021031.0,2780997.0,369064.0,22502222.0,10799188.0,17263581.0,9543008.0,7720573.0,0.0,553449.0,755525.0,10253.0,0.0,179136.0,160324.0,1533774.0,386.0,0.0,193302.0,,,,,,,,,,,,,,,,,,,,,,,,,,,,,,,,,,,,,,,,,,,,,,,,,,,,,,,,,,,,,,,2,2007-04-01,2007-Q2,,,,,,,,,,,Требуется ручная проверка,0,
918,"""ЗАПСИБКОМБАНК"" ОАО",2007,470000.0,2663241.0,1329530.0,,1524091.0,1158078.0,391274.0,12503256.0,988312.0,2510588.0,179975.0,24999746.0,11506401.0,18266030.0,10030066.0,8235964.0,0.0,545382.0,1550442.0,20614.0,0.0,330194.0,315990.0,3715487.0,1276.0,0.0,419335.0,,,,,,,,,,,,,,,,,,,,,,,,,,,,,,,,,,,,,,,,,,,,,,,,,,,,,,,,,,,,,,,3,2007-07-01,2007-Q3,,,,,,,,,,,Требуется ручная проверка,0,
918,"""ЗАПСИБКОМБАНК"" ОАО",2007,470000.0,2634575.0,1329530.0,,1523395.0,512181.0,412435.0,14665570.0,924422.0,2296319.0,179975.0,29269120.0,13677673.0,19918020.0,11287695.0,8630325.0,,721360.0,2431649.0,38739.0,0.0,475162.0,477484.0,5803092.0,1915.0,0.0,686715.0,,,,,,,,,,,,,,,,,,,,,,,,,,,,,,,,,,,,,,,,,,,,,,,,,,,,,,,,,,,,,,,4,2007-10-01,2007-Q4,,,,,,,,,,,Требуется ручная проверка,0,
918,"""ЗАПСИБКОМБАНК"" ОАО",2008,470000.0,2599353.0,1329530.0,,1681856.0,938571.0,1104236.0,16687534.0,896067.0,2136103.0,7304.0,32348801.0,14764162.0,22413434.0,12644780.0,9768654.0,,596998.0,3414265.0,59280.0,0.0,766521.0,653604.0,8017566.0,2588.0,0.0,1136213.0,,,,,,,,,,,,,,,,,,,,,,,,,,,,,,,,,,,,,,,,,,,,,,,,,,,,,,,,,,,,,,,1,2008-01-01,2008-Q1,,,,,,,,,,,Требуется ручная проверка,0,
918,"""ЗАПСИБКОМБАНК"" ОАО",2008,570000.0,2771533.0,1439593.0,732848.0,2133620.0,875256.0,1108992.0,17829425.0,824529.0,2789977.0,,34243192.0,15588720.0,22669865.0,11612671.0,11057194.0,19.0,876313.0,1105522.0,517093.0,1347.0,336989.0,4119.0,2310292.0,695079.0,0.0,291450.0,,,,,,,,,,,,769.0,1026401.0,43126.0,10554.0,180542.0,49389.0,,,,,,,,,,,,,,,,,,,,,,,,,,,,,,,,,,,,,,,,,,,,,,2,2008-04-01,2008-Q2,,,,,,,,,,,Требуется ручная проверка,0,
918,"""ЗАПСИБКОМБАНК"" ОАО",2008,570000.0,3789605.0,1439287.0,1751226.0,2147366.0,1115333.0,829845.0,19530377.0,880520.0,2661137.0,,36121605.0,15710346.0,24849849.0,12526143.0,12323706.0,,999315.0,2287349.0,1127775.0,1620.0,734979.0,9175.0,5024080.0,1807607.0,0.0,683154.0,,,,,,,,,,,,1263.0,2131329.0,81919.0,20834.0,384254.0,81877.0,,,,,,,,,,,,,,,,,,,,,,,,,,,,,,,,,,,,,,,,,,,,,,3,2008-07-01,2008-Q3,,,,,,,,,,,Требуется ручная проверка,0,
918,"""ЗАПСИБКОМБАНК"" ОАО",2008,570000.0,3753979.0,1434714.0,1720173.0,2273973.0,1384972.0,1328834.0,21316131.0,773783.0,2850485.0,,40190174.0,18098010.0,26996971.0,14680870.0,12316101.0,,841429.0,3583694.0,1767023.0,2003.0,1167148.0,27647.0,8469594.0,3351527.0,0.0,967376.0,,,,,,,,,,,,1701.0,3357958.0,121702.0,61714.0,632332.0,94241.0,,,,,,,,,,,,,,,,,,,,,,,,,,,,,,,,,,,,,,,,,,,,,,4,2008-10-01,2008-Q4,,,,,,,,,,,Требуется ручная проверка,0,
918,"""ЗАПСИБКОМБАНК"" ОАО",2009,570000.0,3809139.0,1526690.0,1683357.0,2102747.0,1427368.0,1068648.0,20628747.0,835360.0,3015578.0,,38651291.0,17185634.0,24807657.0,14838129.0,9969528.0,287.0,57984.0,4962914.0,2510685.0,5803.0,1646586.0,58428.0,11485099.0,4113595.0,0.0,1445822.0,,,,,,,,,,,,2553.0,4690977.0,160317.0,171160.0,908478.0,141263.0,,,,,,,,,,,,,,,,,,,,,,,,,,,,,,,,,,,,,,,,,,,,,,1,2009-01-01,2009-Q1,,,,,,,,,,,Требуется ручная проверка,0,
918,"""ЗАПСИБКОМБАНК"" ОАО",2009,682000.0,5903726.0,3473091.0,1719543.0,2415893.0,2570898.0,1052374.0,19216773.0,960977.0,2468611.0,,36936326.0,16757296.0,26133290.0,15137888.0,10995402.0,2.0,58644.0,1313040.0,804036.0,168.0,356234.0,16060.0,4346532.0,456881.0,24849.0,113952.0,,,,,,,,,,,,560.0,1266329.0,36527.0,58262.0,365582.0,45874.0,,,,,,,,,,,,,,138801.0,,,,,,,,,,,,,,,,,,,,,,,,,,,,,,,,2,2009-04-01,2009-Q2,,,,,,,,,,,Требуется ручная проверка,0,
918,"""ЗАПСИБКОМБАНК"" ОАО",2009,682000.0,6515024.0,3075967.0,2682057.0,2151823.0,1002004.0,949845.0,17884830.0,1117856.0,2202987.0,,35202234.0,16198898.0,25509549.0,13790647.0,11718902.0,0.0,57108.0,2619389.0,1650988.0,11236.0,698681.0,21390.0,8309519.0,1593609.0,62902.0,167531.0,,,,,,,,,,,,993.0,2477627.0,71532.0,114429.0,751735.0,91430.0,,,,,,,,,,,,,,230433.0,,,,,,,,,,,,,,,,,,,,,,,,,,,,,,,,3,2009-07-01,2009-Q3,,,,,,,,,,,Требуется ручная проверка,0,
918,"""ЗАПСИБКОМБАНК"" ОАО",2009,682000.0,6522145.0,3083073.0,2682072.0,1938811.0,749998.0,1204638.0,16846385.0,1388048.0,2338327.0,,35077480.0,16842386.0,24858903.0,12551324.0,12307579.0,372.0,234758.0,3910407.0,2517857.0,14349.0,1042174.0,30833.0,12697459.0,2383115.0,94167.0,198939.0,,,,,,,,,,,,1748.0,3674416.0,107893.0,168873.0,1143530.0,136558.0,,,,,,,,,,,,,,293106.0,,,,,,,,,,,,,,,,,,,,,,,,,,,,,,,,4,2009-10-01,2009-Q4,,,,,,,,,,,Требуется ручная проверка,0,
918,"""ЗАПСИБКОМБАНК"" ОАО",2010,682000.0,6294975.0,2855797.0,2682178.0,2248772.0,1324191.0,13418.0,15925661.0,1490055.0,2036199.0,,32701916.0,15285886.0,26165194.0,12315131.0,13845627.0,152.0,280895.0,5082466.0,3374599.0,20186.0,1413490.0,40201.0,16584748.0,3358522.0,128274.0,246874.0,,,,,,,,,,,,2753.0,4758631.0,143199.0,179099.0,1533168.0,178816.0,,,,,,,,,,,,,,375148.0,,,,,,,,,,,,,,,,,,,,,,,,,,,,,,,,1,2010-01-01,2010-Q1,,,,,,,,,,,Требуется ручная проверка,0,
918,"""ЗАПСИБКОМБАНК"" ОАО",2010,682000.0,6198411.0,2759219.0,2682192.0,2494476.0,1283449.0,982733.0,15666693.0,1588268.0,2779858.0,,32450741.0,15195464.0,27229936.0,11349669.0,15876186.0,155.0,297450.0,1139713.0,807576.0,117.0,285606.0,6928.0,3423669.0,1013714.0,53188.0,26299.0,,,,,,,,,,,,1175.0,974574.0,47755.0,34419.0,252865.0,41142.0,,,,,,,,,,,,,,79487.0,,,,,,,,,,,,,,,,,,,,,,,,,,,,,,,,2,2010-04-01,2010-Q2,,,,,,,,,,,Требуется ручная проверка,0,
918,"""Запсибкомбанк"" ОАО",2010,682000.0,6231783.0,2713971.0,2760812.0,2528246.0,475536.0,18297.0,16698634.0,1502667.0,2851858.0,,34318308.0,16117007.0,27453265.0,11198051.0,16251451.0,177.0,308495.0,2336313.0,1520783.0,2168.0,632731.0,19175.0,7772874.0,2395726.0,85045.0,94190.0,,,,,,,,,,,,1868.0,2024246.0,100893.0,36195.0,442971.0,82797.0,,,,,,,,,,,,,,179235.0,,,,,,,,,,,,,,,,,,,,,,,,,,,,,,,,3,2010-07-01,2010-Q3,,,,,,,,,,,Требуется ручная проверка,0,
918,"""Запсибкомбанк"" ОАО",2010,682000.0,6204486.0,2684790.0,2762696.0,2473321.0,907545.0,98125.0,18567607.0,1437090.0,3270605.0,,38954906.0,18949989.0,28193548.0,11837803.0,16351842.0,,328181.0,3635144.0,2183512.0,7339.0,999082.0,26557.0,11469223.0,3469967.0,158407.0,134191.0,,,,,,,,,,,,2662.0,3165866.0,163674.0,39571.0,617336.0,125303.0,,,,,,,,,,,,,,292598.0,,,,,,,,,,,,,,,,,,,,,,,,,,,,,,,,4,2010-10-01,2010-Q4,,,,,,,,,,,Требуется ручная проверка,0,
918,"""Запсибкомбанк"" ОАО",2011,,,,,,,,,,,,,,,,,,,4998633.0,2854437.0,11384.0,1420272.0,45417.0,17345079.0,6352158.0,202730.0,257688.0,,,,,,,,,,,,3587.0,4381290.0,238284.0,41509.0,829438.0,168613.0,,,,,,,,,,,,,,460418.0,,,,,,,,,,,,,,,,,,,,,,,,,,,,,,,,1,2011-01-01,2011-Q1,,,,,,,,,,,Требуется ручная проверка,0,
918,"""Запсибкомбанк"" ОАО",2011,1122000.0,6594907.0,2635025.0,2762882.0,3098380.0,745072.0,15917.0,22610874.0,1301440.0,4399230.0,600286.0,43239229.0,19326748.0,33604701.0,15178114.0,18422586.0,,386745.0,1378927.0,622817.0,135.0,382447.0,45627.0,3780979.0,1227524.0,47773.0,155072.0,,,,,,,,,,,,971.0,1225276.0,78148.0,1795.0,199380.0,40907.0,,,,,,,,,,,,,,202845.0,,,,,,,,,,12.52,41.54,57.58,98.99,211.49,7.1,2.51,4.49,,,,,,,,,,,,,,,2,2011-04-01,2011-Q2,,,,,,,,,,,Требуется ручная проверка,0,
918,"""Запсибкомбанк"" ОАО",2011,,,,,,,,,,,,,,,,,,,2841414.0,1200173.0,2425.0,858907.0,125069.0,8526559.0,3297439.0,95556.0,368269.0,,,,,,,,,,,,1417.0,2544527.0,166976.0,3718.0,377404.0,85437.0,,,,,,,,,,,,,,463825.0,,,,,,,,,,12.87,51.12,78.69,82.72,177.11,6.83,2.54,4.48,,,,,,,,,,,,,,,3,2011-07-01,2011-Q3,,,,,,,,,,,Требуется ручная проверка,0,
918,"""Запсибкомбанк"" ОАО",2011,1122000.0,6712950.0,2683530.0,2832420.0,2930667.0,1124530.0,1144657.0,27183209.0,2218749.0,4991661.0,1193885.0,49973638.0,20560514.0,34905066.0,15711886.0,19188996.0,36.0,698044.0,4499812.0,1874431.0,7511.0,1341791.0,199712.0,14034547.0,5596608.0,207556.0,665912.0,,,,,,,,,,,,1976.0,4017491.0,263802.0,9290.0,590994.0,169706.0,,,,,,,,,,,,,,873468.0,,,,,,,,,,12.12,46.73,63.6,81.19,176.7,0.29,2.52,4.33,,,,,,,,,,,,,,,4,2011-10-01,2011-Q4,,,,,,,,,,,Требуется ручная проверка,0,
918,"""Запсибкомбанк"" ОАО",2012,,,,,,,,,,,,,,,,,,,6241318.0,2527345.0,8999.0,1888784.0,313732.0,19227023.0,7418755.0,355719.0,1043781.0,,,,,,,,,,,,2359.0,5582155.0,370584.0,12534.0,825520.0,219057.0,,,,,,,,,,,,,,1399500.0,,,,,,,,,,11.85,43.33,83.62,86.73,198.66,0.78,2.37,4.13,,,,,,,,,,,,,,,1,2012-01-01,2012-Q1,,,,,,,,,,,Требуется ручная проверка,0,
918,"""Запсибкомбанк"" ОАО",2012,1122000.0,6714283.0,2680844.0,2836439.0,3616563.0,771505.0,940061.0,30596812.0,3819318.0,5859290.0,1454231.0,52993310.0,18565478.0,38531872.0,16556087.0,21971894.0,23.0,773577.0,1780925.0,748227.0,,460169.0,77095.0,6208130.0,3128311.0,108617.0,195651.0,,,,,,,,,,,,472.0,1572532.0,113232.0,1210.0,267907.0,48820.0,,,,,,,,,,,,,,304268.0,,,,,,,,,,11.37,44.23,59.36,95.17,153.86,0.77,2.43,0.0,,,,,,,,,,,,,,,2,2012-04-01,2012-Q2,,,,,,,,,,,Требуется ручная проверка,0,
918,"""Запсибкомбанк"" ОАО",2012,1122000.0,7741624.0,2803012.0,3741612.0,3032624.0,845878.0,58941.0,33789886.0,4046998.0,5957222.0,775144.0,57764994.0,19913387.0,38934115.0,16118799.0,22811270.0,,720630.0,3621222.0,1526971.0,,964030.0,144943.0,12128934.0,5470208.0,147479.0,405176.0,,,,,,,,,,,,3428.0,3249011.0,226629.0,2226.0,532054.0,97662.0,,,,,,,,,,,,,,552655.0,,,,,,,,,,11.63,46.81,59.82,104.9,102.37,0.75,2.62,0.0,,,,,,,,,,,,,,,3,2012-07-01,2012-Q3,,,,,,,,,,,Требуется ручная проверка,0,
918,"""Запсибкомбанк"" ОАО",2012,1122000.0,7722242.0,2769139.0,3756103.0,3334363.0,1183739.0,399119.0,37015032.0,3346964.0,5244523.0,1454803.0,60598941.0,20215366.0,40795701.0,17737863.0,23053785.0,,718630.0,5618761.0,2368209.0,11109.0,1513184.0,225584.0,18596286.0,8668870.0,281090.0,782978.0,,,,,,,,,,,,6576.0,5093435.0,327572.0,2260.0,828655.0,177134.0,,,,,,,,,,,,,,1064068.0,,,,,,,,,,11.48,59.44,79.67,101.92,85.91,0.72,2.65,0.0,,,,,,,,,,,,,,,4,2012-10-01,2012-Q4,,0409135,,,,,,,,,Требуется ручная проверка,0,
918,"""Запсибкомбанк"" ОАО",2013,1122000.0,7717918.0,2762420.0,3758498.0,3216001.0,1095697.0,1847458.0,38539238.0,3614691.0,4983008.0,1348184.0,62150637.0,19971438.0,43508691.0,18600654.0,24904016.0,,740605.0,7866920.0,3322743.0,11109.0,2087251.0,287094.0,25928274.0,13414141.0,388289.0,1652641.0,,,,,,,,,,,,9702.0,7200197.0,424485.0,2309.0,1164157.0,284229.0,,,,,,,,,,,,,,2040930.0,,,,,,,,,,12.26,65.08,119.76,83.99,103.3,0.35,2.34,0.0,,,,,,,,,,,,,,,1,2013-01-01,2013-Q1,,,,,,,,,,,Требуется ручная проверка,0,
918,"""Запсибкомбанк"" ОАО",2013,1207000.0,8003103.0,2946098.0,3775005.0,3491012.0,1673927.0,3401202.0,39501649.0,2223478.0,5506754.0,1324256.0,62491544.0,20737457.0,50071181.0,21861460.0,28205717.0,5912.0,840446.0,2166346.0,1115157.0,,497942.0,32285.0,6898437.0,3735379.0,69152.0,218033.0,,,,,,,,,,,,3115.0,1975190.0,99386.0,62.0,422071.0,82346.0,,,,,,,,,,,,,,287185.0,,,,,,,,,,11.51,76.03,108.77,81.74,135.8,0.34,2.57,0.0,,,,,,,,,9066710.0,,,,,,2,2013-04-01,2013-Q2,,0409135,,,,,,,,,Требуется ручная проверка,0,
918,"""Запсибкомбанк"" ОАО",2013,1207000.0,9514803.0,2955633.0,5171120.0,3881276.0,1149742.0,3235893.0,42487982.0,2238483.0,5043514.0,1348184.0,65930111.0,21160635.0,51903117.0,21978100.0,29920921.0,29550.0,888164.0,4490285.0,2310966.0,62.0,1103196.0,98905.0,15550214.0,7657503.0,157266.0,524748.0,,,,,,,,,,,,6131.0,4086892.0,198855.0,76.0,826256.0,203339.0,,,,,,,,,,,,,,682014.0,,,,,,,,,,10.99,68.56,120.64,80.53,126.52,0.46,2.56,0.0,,,,,,,,,9196301.0,,,,,,3,2013-07-01,2013-Q3,,0409135,,,,,,,,,Требуется ручная проверка,0,
918,"""Запсибкомбанк"" ОАО",2013,1207000.0,9491518.0,2929190.0,5174278.0,4098744.0,1199881.0,532474.0,46727086.0,2246774.0,4726744.0,745817.0,70013882.0,20988445.0,52258426.0,21801591.0,30452434.0,17.0,945872.0,7026393.0,3530005.0,11486.0,1727694.0,143748.0,24830296.0,11620876.0,235573.0,845586.0,,,,,,,,,,,,7589.0,6395604.0,292032.0,809.0,1252855.0,296959.0,,,,,,,,,,,,,,1081159.0,,,,,,,,,,11.12,57.59,76.91,85.79,102.33,0.42,2.71,0.0,,,,,,,,,7058759.0,,,,,,4,2013-10-01,2013-Q4,,0409135,,,,,,,,,Требуется ручная проверка,0,
918,"""Запсибкомбанк"" ОАО",2014,1207000.0,9469226.0,2887335.0,5193841.0,4293651.0,1756070.0,1063832.0,49174258.0,2425976.0,4516146.0,587387.0,74433721.0,22778581.0,53402640.0,21658495.0,31739626.0,,899884.0,9642363.0,4693677.0,11486.0,2362287.0,165325.0,35663957.0,17312532.0,380885.0,1388513.0,,,,,,,,,,,,7709.0,8872685.0,379386.0,2953.0,1677467.0,357059.0,,,,,,,,,,,,,,1769398.0,,,,,,,,,,11.74,90.94,137.42,79.91,81.39,0.1,2.36,0.0,,,,,,,,,13879979.0,,,,,,1,2014-01-01,2014-Q1,,,,,,,,,,,Требуется ручная проверка,0,
918,"""Запсибкомбанк"" ОАО",2014,1207000.0,9632021.0,3043029.0,5200942.0,4599572.0,1467688.0,2744000.0,51296693.0,3053142.0,5602109.0,1625481.0,75596834.0,21178287.0,56906468.0,22670280.0,34236188.0,2136.0,740116.0,2595941.0,1238903.0,,607203.0,51347.0,11831378.0,3796128.0,73680.0,386854.0,,,,108384.0,108384.0,,,,,,,191.0,2467251.0,99477.0,21.0,453566.0,58358.0,,,,,,,,,,,,,,460534.0,,,,,9.5,9.5,11.83,,,,75.54,90.71,90.46,59.84,0.07,2.32,0.04,,,,,,,,,10023205.0,,,,,10929272.0,2,2014-04-01,2014-Q2,,,,,,,,,,,Требуется ручная проверка,0,
918,"""Запсибкомбанк"" ОАО",2014,1206795.0,,0.0,6440258.0,,,,,,,,,,,,,,,5331252.0,2505800.0,,1224332.0,79121.0,25007544.0,7887132.0,77860.0,924343.0,,,,24840.0,24840.0,,,,,,,416.0,5046347.0,231704.0,1289.0,891237.0,117145.0,,,,,,,,,,,,,,1002203.0,,,,,8.97,8.97,11.35,,,,66.77,81.46,90.67,69.61,0.08,2.4,0.04,,,,,,,,,9865614.0,,,,,10898125.0,3,2014-07-01,2014-Q3,,,,,,,,,,,Требуется ручная проверка,0,
918,"""Запсибкомбанк"" ОАО",2014,1207000.0,11411664.0,3642890.0,6380724.0,4664905.0,3696567.0,225.0,55862518.0,3729474.0,9243020.0,3575105.0,82829440.0,23158564.0,58565126.0,22005023.0,36560103.0,2529.0,736028.0,8161458.0,3906298.0,21638.0,1899030.0,137795.0,40980717.0,11365350.0,247850.0,1211062.0,,,,499169.0,499169.0,,,,,,,531.0,7705129.0,399969.0,30029.0,1337797.0,209800.0,,,,,,,,,,,,,,1458912.0,,,,,8.96,8.96,12.03,,,,76.34,93.84,88.59,68.15,0.07,2.28,0.04,,,,,,,,,10120850.0,,,,,11561015.0,4,2014-10-01,2014-Q4,,,,,,,,,,,Требуется ручная проверка,0,
918,"""Запсибкомбанк"" ОАО",2015,1207000.0,11527289.0,3756160.0,6383079.0,4972101.0,1356409.0,3984612.0,54248017.0,3355732.0,11178113.0,6585245.0,80248654.0,22572920.0,63657355.0,23341501.0,40315854.0,2880.0,755687.0,11010395.0,5450530.0,21638.0,2812314.0,441929.0,107638144.0,17293604.0,196477.0,1681124.0,,,,495049.0,495049.0,,,,,,,1408.0,10314914.0,599934.0,99614.0,1803454.0,354157.0,,,,,,,,,,,,,,1877601.0,,,,,9.0,9.0,12.57,,,,114.87,144.48,103.72,65.69,0.07,2.17,0.04,,,,,,,,,16712490.0,,,,,12042894.0,1,2015-01-01,2015-Q1,,,,,,,,,,,Требуется ручная проверка,0,
918,"""Запсибкомбанк"" ОАО",2015,1207000.0,11467475.0,3693829.0,6385596.0,4741820.0,2040914.0,4795226.0,51314064.0,3521138.0,10886146.0,8977240.0,77828885.0,22927801.0,64433443.0,19638301.0,44795142.0,3218.0,809734.0,2963464.0,2214573.0,1748.0,618773.0,74144.0,55710190.0,3272147.0,31805.0,135387.0,,,,465972.0,465972.0,,,,,,,8036.0,2660253.0,209444.0,121459.0,580617.0,123124.0,,,,,,,,,,,,,,167192.0,,,,,10.48,10.48,13.07,,,,156.97,240.76,59.15,70.97,0.18,2.46,0.49,,,,,,,,,10274475.0,,,,,12005921.0,2,2015-04-01,2015-Q2,,,,,,,,,,,Требуется ручная проверка,0,
918,"""Запсибкомбанк"" ОАО",2015,1207000.0,12901595.0,3665858.0,7847687.0,4014824.0,1314608.0,4562220.0,49070097.0,3706885.0,12586762.0,9823868.0,75735356.0,22908095.0,66539190.0,21924766.0,44614424.0,2983.0,761574.0,5893791.0,4226575.0,1748.0,1258466.0,133063.0,104341644.0,6800009.0,70868.0,295793.0,,,,439494.0,439494.0,,,,,,,9128.0,5281213.0,438757.0,150083.0,1164100.0,171890.0,,,,,,,,,,,,,,366661.0,,,,,10.48,10.48,13.02,,,,147.4,474.29,49.84,86.09,0.47,2.31,0.49,,,,,,,,,10894449.0,,,,,12046879.0,3,2015-07-01,2015-Q3,,,,,,,,,,,Требуется ручная проверка,0,
918,"ПАО ""Запсибкомбанк""",2015,1206795.0,,0.0,7893103.0,,,,,,,,,,,,,,,8848805.0,6198599.0,23510.0,1922311.0,178817.0,153498352.0,10683445.0,80077.0,616667.0,,,,413577.0,413577.0,,,,,,,9810.0,7792830.0,694404.0,150188.0,1732063.0,211712.0,,,,,,,,,,,,,,696744.0,,,,,10.68,10.68,13.16,,,,198.15,912.03,47.06,91.15,0.59,2.16,0.48,,,,,,,,,11998859.0,,,,,12302777.0,4,2015-10-01,2015-Q4,,,,,,,,,,,Требуется ручная проверка,0,
918,"ПАО ""Запсибкомбанк""",2016,1207000.0,12884307.0,3647789.0,7848468.0,4035790.0,2475856.0,6033225.0,45793587.0,4223806.0,12063427.0,8202258.0,74051391.0,23989040.0,68464333.0,20364151.0,48100182.0,3581.0,526041.0,11625128.0,7966271.0,23510.0,2677065.0,230727.0,185597012.0,14442291.0,211257.0,628783.0,,,,387659.0,387659.0,,,,,,,11445.0,10184254.0,944555.0,150188.0,2218486.0,230068.0,,,,,,,,,,,,,,840040.0,,,,,10.66,10.66,13.1,,,,163.76,1017.36,46.89,112.78,0.59,2.2,0.48,,,,,,,,,13026308.0,,,,,12326570.0,1,2016-01-01,2016-Q1,,,,,,,,,,,Требуется ручная проверка,0,
918,"ПАО ""Запсибкомбанк""",2016,1207000.0,12734346.0,3596084.0,7750212.0,4420130.0,2749090.0,13395225.0,44982228.0,4441555.0,10503972.0,8178356.0,72681149.0,23216648.0,73268051.0,21209288.0,52058763.0,3817.0,568998.0,2812915.0,13912.0,0.0,4789.0,1335.0,30113295.0,606991.0,28323.0,126945.0,,,,1256507.0,1256507.0,,,,,,,3553.0,2373566.0,28957.0,12241.0,537416.0,17751.0,,,,,,,,,,,,,,155268.0,,,49355.0,159772.0,10.3,10.3,13.61,,,,365.68,1798.28,50.97,100.41,0.32,2.09,0.45,,,,,,,,,17821030.0,,,,,13092513.0,2,2016-04-01,2016-Q2,,,,,,,,,,,Требуется ручная проверка,0,
918,"ПАО ""Запсибкомбанк""",2016,1206795.0,,0.0,8244945.0,,,,,,,,,,,,,,,5659529.0,35465.0,0.0,11984.0,4339.0,49321102.0,1743053.0,55852.0,276834.0,,,,1232284.0,1232284.0,,,,,,,4996.0,4732735.0,60197.0,33734.0,1008327.0,35703.0,,,,,,,,,,,,,,332686.0,,,146298.0,304545.0,10.12,10.12,13.35,,,,262.52,685.65,58.22,115.76,0.37,2.08,0.45,,,,,,,,,19721709.0,,,,,13100220.0,3,2016-07-01,2016-Q3,,,,,,,,,,,Требуется ручная проверка,0,
918,"ПАО ""Запсибкомбанк""",2016,1207000.0,13187974.0,3584585.0,8215339.0,3637486.0,2421941.0,10790225.0,45271417.0,5069195.0,14965299.0,9342840.0,75420883.0,25049641.0,75945407.0,19534831.0,56410576.0,3321.0,601686.0,8548110.0,48919.0,0.0,20051.0,49561.0,62179559.0,2388206.0,98620.0,780988.0,,,,1208062.0,1208062.0,,,,,,,6662.0,7109849.0,102573.0,47130.0,1456239.0,54020.0,,,,,,,,,,,,,,879608.0,,,184449.0,797680.0,10.33,10.33,13.67,,,,330.97,492.1,62.95,106.9,0.33,2.13,0.43,,,,,,,,,19383808.0,,,,,13587777.0,4,2016-10-01,2016-Q4,,,,,,,,,,,Требуется ручная проверка,0,
918,"ПАО ""Запсибкомбанк""",2017,1207000.0,13126815.0,3522954.0,8215811.0,3720532.0,3511050.0,10980099.0,45380403.0,4748892.0,14362328.0,8604177.0,76451512.0,26291964.0,77497371.0,20112215.0,57385156.0,3322.0,707920.0,11477714.0,57391.0,0.0,26282.0,62247.0,76523186.0,3271989.0,263430.0,1095046.0,,,,1183839.0,1183839.0,,,,,,,8139.0,9462023.0,150893.0,55544.0,1901092.0,72781.0,,,,,,,,,,,,,,1358476.0,,,311258.0,1150368.0,10.25,10.25,13.86,,,,108.25,368.06,62.57,93.71,0.31,2.17,0.42,,,,,,,,,9607508.0,,,,,13880116.0,1,2017-01-01,2017-Q1,,,,,,,,,,,Требуется ручная проверка,0,
918,"ПАО ""Запсибкомбанк""",2017,1207000.0,13147305.0,3541629.0,8217626.0,3845825.0,4088041.0,14607624.0,44658681.0,4781785.0,15388882.0,8577352.0,74614373.0,25146540.0,79779958.0,19908914.0,59871044.0,3964.0,744109.0,2945406.0,23439.0,0.0,3959.0,1508.0,11375412.0,954817.0,115974.0,431836.0,,,,1159167.0,1159167.0,,,,,,,2948.0,2223724.0,51013.0,23417.0,435543.0,17583.0,,,,,,,,,,,,,,547810.0,,,42686.0,368544.0,11.161,11.161,14.229,,,,233.419,277.809,49.25,100.119,0.302,2.183,0.416,,,,,,,,,16251226.0,,,,,14146041.0,2,2017-04-01,2017-Q2,,,,,,,,,,,Требуется ручная проверка,0,
918,"ПАО ""Запсибкомбанк""",2017,1207000.0,13964934.0,3582048.0,8994836.0,3728774.0,2357652.0,16127829.0,46267716.0,4920875.0,15367737.0,7898503.0,76804858.0,25591379.0,79262274.0,19861830.0,59400444.0,3921.0,713590.0,5934250.0,31177.0,0.0,9011.0,14717.0,23845513.0,2138088.0,180542.0,974154.0,,,,1134995.0,1134995.0,,,,,,,4311.0,4484260.0,107590.0,31146.0,823508.0,35650.0,,,,,,,,,,,,,,1154696.0,,,120036.0,889511.0,11.255,11.255,14.618,,,,92.158,460.405,46.535,111.823,0.297,2.231,0.41,,,,,,,,,7523061.0,,,,,14352954.0,3,2017-07-01,2017-Q3,,,,,,,,,,,Требуется ручная проверка,0,
918,"ПАО ""Запсибкомбанк""",2017,1207000.0,13988373.0,3605319.0,8995004.0,3737045.0,3020871.0,7657098.0,48347727.0,4811246.0,17427242.0,6094297.0,80770548.0,27587304.0,79762995.0,18847859.0,60915136.0,3986.0,728968.0,8890192.0,33067.0,0.0,15014.0,15277.0,34688250.0,3113184.0,336838.0,1456667.0,,,,1110822.0,1110822.0,,,,,,,5256.0,6777809.0,164206.0,33036.0,1198292.0,54198.0,,,,,,,,,,,,,,1793505.0,,,165397.0,1368607.0,10.698,10.698,14.363,,,,146.662,387.389,44.067,103.478,0.365,2.194,0.397,,,,,,,,,10402074.0,,,,,14821155.0,4,2017-10-01,2017-Q4,,,,,,,,,,,Требуется ручная проверка,0,
918,"ПАО ""Запсибкомбанк""",2018,1207000.0,13917955.0,3534769.0,8995136.0,3889152.0,3548710.0,11143127.0,49743216.0,5049437.0,18752918.0,6090939.0,81034635.0,26220319.0,81758213.0,19985102.0,61773111.0,3975.0,730085.0,11828992.0,33482.0,0.0,23888.0,16209.0,44628939.0,4236439.0,451175.0,1729749.0,,,,1086650.0,1086650.0,,,,,,,6122.0,9082460.0,299339.0,33451.0,1549802.0,72265.0,,,,,,,,,,,,,,2180924.0,,,267663.0,1637577.0,10.876,10.876,14.834,,,,281.454,522.281,44.124,104.85,0.338,2.195,0.372,,,,,,,,,26733745.0,,,,,15051934.0,1,2018-01-01,2018-Q1,,,,,,,,,,,Требуется ручная проверка,0,
918,"ПАО ""Запсибкомбанк""",2018,1207000.0,13824836.0,3441619.0,8995167.0,4108171.0,3749852.0,4288319.0,49566298.0,4911869.0,27745401.0,6058410.0,82480015.0,27984249.0,86973705.0,22956093.0,64017612.0,3900.0,771839.0,2855437.0,3234.0,0.0,6454.0,4080.0,9944246.0,904311.0,61921.0,374760.0,,,,1062227.0,1062227.0,,,,,,,602.0,2211663.0,264957.0,3234.0,362345.0,18060.0,,,,,,,,,,,,,,436681.0,,,72652.0,413638.0,12.515,12.515,15.039,10.374,,,369.428,329.465,41.991,96.085,0.28,2.258,0.366,,,,,,,,,29526795.0,,,,,15295638.0,2,2018-04-01,2018-Q2,,,,,,,,,,,Требуется ручная проверка,0,
918,"ПАО ""Запсибкомбанк""",2018,1207000.0,14790417.0,3432563.0,9969804.0,3781554.0,3255604.0,7769629.0,50252878.0,4716603.0,27861610.0,5288179.0,82717570.0,27732065.0,87298085.0,22037163.0,65260922.0,4096.0,781619.0,5686629.0,8029.0,0.0,12077.0,5206.0,28866556.0,2013445.0,119011.0,884423.0,,,,1038105.0,1038105.0,,,,,,,1241.0,4373442.0,550234.0,8029.0,679969.0,40392.0,,,,,,,,,,,,,,1003434.0,,,116513.0,918250.0,11.547,11.547,14.496,9.661,,,280.622,345.406,42.806,104.36,0.282,2.284,0.39,,,,,,,,,29091923.0,,,,,15073596.0,3,2018-07-01,2018-Q3,,,,,,,,,,,Требуется ручная проверка,0,
918,"ПАО ""Запсибкомбанк""",2018,1207000.0,14812871.0,3454906.0,9969915.0,3966757.0,3510567.0,3634029.0,51990741.0,4875139.0,27948246.0,5227865.0,85468410.0,28587293.0,85720064.0,22562870.0,63157194.0,4251.0,788201.0,8546368.0,13238.0,0.0,18881.0,6981.0,44200533.0,3031598.0,243286.0,1525200.0,,,,1013982.0,1013982.0,,,,,,,2175.0,6566473.0,836755.0,13238.0,994890.0,74890.0,,,,,,,,,,,,,,1768486.0,,,215458.0,1588466.0,11.291,11.291,14.795,9.83,,,286.161,353.872,45.814,91.821,2.102,2.232,0.374,,,,,,,,,25210771.0,,,,,15728205.0,4,2018-10-01,2018-Q4,,,,,,,,,,,Требуется ручная проверка,0,
918,"ПАО ""Запсибкомбанк""",2019,1207000.0,14769464.0,3411489.0,9969925.0,3633579.0,3951960.0,999646.0,53850333.0,4728962.0,26959529.0,6000611.0,89391389.0,30799435.0,85445702.0,22937186.0,62508516.0,3790.0,792481.0,11388576.0,57174.0,0.0,25718.0,10429.0,59142411.0,5096142.0,437184.0,1901874.0,,,,989860.0,989860.0,,,,,,,3346.0,8810208.0,1080500.0,57174.0,1327560.0,109476.0,,,,,,,,,,,,,,2339058.0,,,295148.0,1919787.0,10.8,10.8,14.434,9.111,,,254.923,560.86,48.62,113.583,,1.986,0.027,,,,,,,,,23490487.0,,,,,16011000.0,1,2019-01-01,2019-Q1,,,,,,,,,,,Требуется ручная проверка,0,
918,"ПАО ""Запсибкомбанк""",2019,1207000.0,16196338.0,3263197.0,11545091.0,3387787.0,3733400.0,25601953.0,55625312.0,6524792.0,15890838.0,,89716955.0,27554727.0,94484093.0,26780932.0,67703161.0,33303.0,847086.0,2986132.0,434164.0,0.0,4101.0,0.0,10809855.0,1028890.0,194338.0,1055739.0,,,,965687.0,965687.0,,,,,,,634.0,2399494.0,201529.0,434164.0,406388.0,34218.0,,,,,,,,,,,,,,1250077.0,,,117625.0,1091922.0,11.886,11.886,14.441,10.429,,,205.734,356.1,48.908,130.524,,1.914,0.026,,,,,,,,,14565279.0,,,,,16810923.0,2,2019-04-01,2019-Q2,,,,,,,,,,,Требуется ручная проверка,0,
918,"ПАО ""Запсибкомбанк""",2019,1207000.0,17948605.0,3257375.0,13303180.0,3146801.0,3271209.0,21567278.0,57102766.0,6660627.0,14235620.0,,93604721.0,29830180.0,94395252.0,26404409.0,67990843.0,26297.0,811642.0,6036822.0,466018.0,0.0,8370.0,26760.0,20676600.0,2378244.0,380292.0,1450051.0,,,,941615.0,941615.0,,,,,,,1373.0,5052866.0,325812.0,466018.0,807459.0,68140.0,,,,,,,,,,,,,,1830343.0,,,241349.0,1541300.0,9.973,9.973,12.401,10.222,,,133.252,207.683,67.319,237.156,,1.902,0.025,,,,,,,,,13959464.0,,,,,17164512.0,3,2019-07-01,2019-Q3,,,,,,,,,,,Требуется ручная проверка,0,
918,"ПАО ""Запсибкомбанк""",2019,1207000.0,17963205.0,3270694.0,13304461.0,3026558.0,3528090.0,25052254.0,59060057.0,6309329.0,12738623.0,,95250370.0,29868657.0,93673960.0,26062784.0,67611176.0,9680.0,827083.0,9104541.0,491809.0,0.0,14415.0,26850.0,33197863.0,3787467.0,525541.0,2172391.0,,,,917692.0,917692.0,,,,,,,1390.0,7849092.0,417919.0,491717.0,1192967.0,100053.0,,,,,,,,,,,,,,2697932.0,,,299788.0,2298855.0,9.629,9.629,12.367,10.088,,,156.857,327.786,59.856,221.048,,2.179,0.024,,,,,,,,,14804371.0,,,,,17724794.0,4,2019-10-01,2019-Q4,,,,,,,,,,,Требуется ручная проверка,0,
918,"ПАО ""Запсибкомбанк""",2020,1207000.0,18030273.0,3330592.0,13311631.0,2707417.0,3218016.0,25772792.0,62702417.0,6392975.0,13280557.0,,96658562.0,27551790.0,97619957.0,28227111.0,69392846.0,9418.0,822744.0,12161960.0,541861.0,0.0,22698.0,26850.0,41575996.0,5237419.0,670230.0,2589656.0,,,,893770.0,893770.0,,,,,,,1450.0,10600152.0,544164.0,520318.0,1572803.0,130347.0,,,,,,,,,,,,,,3259886.0,,,412136.0,2770109.0,9.657,9.657,12.203,9.355,,,144.317,435.447,62.253,163.352,,2.339,0.025,,,,,,,,,16508543.0,,,,,17381507.0,1,2020-01-01,2020-Q1,,,,,,,,,,,Требуется ручная проверка,0,
918,"ПАО ""Запсибкомбанк""",2020,1207000.0,18005773.0,3294613.0,13323110.0,3008922.0,3747241.0,22506378.0,65251708.0,6760078.0,17234460.0,,100460490.0,28439564.0,101869408.0,28896414.0,72972994.0,6126.0,881253.0,3055683.0,55947.0,0.0,6576.0,0.0,4911376.0,1107920.0,125280.0,867314.0,,,,893770.0,893770.0,,,,,,,426.0,2714951.0,171110.0,27235.0,380052.0,17387.0,,,,,,,,,,,,,,992594.0,,,89943.0,790401.0,10.805,10.805,12.732,10.928,,,216.592,273.126,65.73,144.028,,,0.023,,,,,,,,,22556706.0,,,,,18446393.0,2,2020-04-01,2020-Q2,,,,,,,,,,,Требуется ручная проверка,0,
918,"ПАО ""Запсибкомбанк""",2020,1207000.0,18104366.0,3393206.0,13323110.0,3237286.0,3732958.0,30781022.0,65939088.0,6851868.0,13680533.0,,101237710.0,28436099.0,100063111.0,28488124.0,71574987.0,3164.0,880424.0,6045768.0,142043.0,0.0,15256.0,0.0,9417916.0,2610284.0,328902.0,1433715.0,,,,884832.0,884832.0,,,,,,,605.0,5435505.0,296345.0,48184.0,709416.0,32398.0,,,,,,,,,,,,,,1762617.0,,,241374.0,1463959.0,11.147,11.147,13.613,10.571,,,99.254,231.194,67.616,138.385,,,0.023,,,,,,,,,14967450.0,,,,,19119933.0,3,2020-07-01,2020-Q3,,,,,,,,,,,Требуется ручная проверка,0,
918,"ПАО ""Запсибкомбанк""",2020,1207000.0,18071540.0,3359147.0,13324343.0,2933431.0,3700389.0,21435890.0,65988880.0,6721489.0,11567601.0,,97515749.0,24796964.0,84768041.0,18008621.0,66759420.0,3168.0,890720.0,8847160.0,166279.0,0.0,17650.0,2416.0,13153686.0,3604818.0,455340.0,2101918.0,,,,875895.0,875895.0,,,,,,,747.0,7997610.0,379917.0,69850.0,939730.0,37843.0,,,,,,,,,,,,,,2557258.0,,,255313.0,2096731.0,10.312,10.312,13.6,10.721,,,113.155,190.807,59.219,121.652,,,0.025,,,,,,,,,14800861.0,,,,,17283108.0,4,2020-10-01,2020-Q4,,,,,,,,,,,Требуется ручная проверка,0,
918,"ПАО ""Запсибкомбанк""",2021,1207000.0,18038544.0,3325766.0,13324728.0,2428479.0,2856825.0,11679104.0,60119685.0,6897584.0,9818253.0,,82872897.0,15849852.0,57689005.0,9155995.0,48533010.0,2968.0,674985.0,11132790.0,272670.0,0.0,14521.0,10788.0,16847467.0,4550855.0,590440.0,2184379.0,,,,866957.0,866957.0,,,,,,,901.0,10085652.0,462623.0,202632.0,1039691.0,43489.0,,,,,,,,,,,,,,2774819.0,,,296736.0,2171150.0,13.613,13.613,18.326,14.866,,,188.726,206.0,70.074,36.853,,,0.024,,,,,,,,,11304464.0,,,,,17707070.0,1,2021-01-01,2021-Q1,,,,,,,,,,,Требуется ручная проверка,0,
918,"ПАО ""Запсибкомбанк""",2021,1207000.0,17946749.0,3233793.0,13324906.0,1625685.0,1855331.0,2931116.0,53870974.0,6703321.0,6448813.0,,71783934.0,11204937.0,36823120.0,1078819.0,35744301.0,2969.0,431134.0,1719876.0,15411.0,0.0,86.0,58732.0,1905776.0,347746.0,173560.0,45766.0,,,,858019.0,858019.0,,,,,,,139.0,1573513.0,80191.0,15411.0,22071.0,4356.0,,,,,,,,,,,,,,127794.0,,,26945.0,151987.0,22.969,22.969,26.151,24.336,,,56.451,81.021,84.074,10.634,,,0.023,,,,,,0.0,,,7994225.0,,,,,18568268.0,2,2021-04-01,2021-Q2,,,,,,,,,,,Требуется ручная проверка,0,
918,"ПАО ""Запсибкомбанк""",2021,1207000.0,17830371.0,3057192.0,13385129.0,269391.0,1159072.0,3008887.0,47679251.0,7080856.0,3604397.0,,61746403.0,6982021.0,22449979.0,399895.0,22050084.0,1474.0,270785.0,3227934.0,36476.0,0.0,154.0,99062.0,3299348.0,700985.0,94534.0,463705.0,,,,849082.0,849082.0,,,,,,,375.0,2936599.0,147391.0,36476.0,26621.0,4356.0,,,,,,,,,,,,,,558239.0,,,93982.0,230560.0,27.944,27.944,32.541,30.084,,,48.733,64.73,101.764,9.938,,,0.023,,,,,,,,,6507133.0,,,,,19210284.0,3,2021-07-01,2021-Q3,,,,,,,,,,,Требуется ручная проверка,0,
918,"ПАО ""Запсибкомбанк""",2021,1207000.0,19999647.0,2993046.0,15618551.0,79297.0,970514.0,21342121.0,4862862.0,6917708.0,1845748.0,,16809075.0,5025520.0,10996729.0,254714.0,10742015.0,60.0,148390.0,4045534.0,735636.0,0.0,158.0,101376.0,4361556.0,1049057.0,296625.0,901298.0,0.0,0.0,,840144.0,840144.0,,,,,,,938.0,3707635.0,193211.0,735636.0,29161.0,4356.0,,,,,,,,,,,,,,1197923.0,,,111854.0,626090.0,52.658,52.658,63.095,53.815,,,442.261,1185.537,14.329,26.982,,,0.023,,,,,,,,,5164813.0,,,,,18710779.0,4,2021-10-01,2021-Q4,,,,,,,,,,,Требуется ручная проверка,0,
922,"ОАО ""ВОСТОККРЕДИТБАНК""",2007,50000.0,53029.0,193.0,,27710.0,36466.0,10000.0,10544.0,3734.0,,,443633.0,429355.0,357498.0,22100.0,335398.0,,11755.0,35615.0,19.0,0.0,1000.0,567.0,112692.0,73.0,0.0,2973.0,,,,,,,,,,,,,,,,,,,,,,,,,,,,,,,,,,,,,,,,,,,,,,,,,,,,,,,,,,,,,,,3,2007-07-01,2007-Q3,,,,,,,,,,,Требуется ручная проверка,0,
922,"ОАО ""ВОСТОККРЕДИТБАНК""",2007,68700.0,74248.0,193.0,,22272.0,73117.0,40000.0,9209.0,4666.0,,,521153.0,507278.0,482963.0,44100.0,438863.0,,10570.0,60358.0,39.0,0.0,1000.0,756.0,226890.0,150.0,0.0,3374.0,,,,,,,,,,,,,,,,,,,,,,,,,,,,,,,,,,,,,,,,,,,,,,,,,,,,,,,,,,,,,,,4,2007-10-01,2007-Q4,,,,,,,,,,,Требуется ручная проверка,0,
922,"ОАО ""ВОСТОККРЕДИТБАНК""",2008,68700.0,74231.0,193.0,,35073.0,70168.0,50000.0,13266.0,3291.0,,,636903.0,620346.0,629273.0,45100.0,584173.0,,8600.0,88827.0,59.0,0.0,1000.0,943.0,318631.0,150.0,0.0,10636.0,,,,,,,,,,,,,,,,,,,,,,,,,,,,,,,,,,,,,,,,,,,,,,,,,,,,,,,,,,,,,,,1,2008-01-01,2008-Q1,,,,,,,,,,,Требуется ручная проверка,0,
922,"ОАО ""ВОСТОККРЕДИТБАНК""",2008,86000.0,91421.0,193.0,1204.0,42391.0,40679.0,110000.0,25819.0,1698.0,,,782281.0,754764.0,763778.0,40100.0,723671.0,,17213.0,34600.0,23693.0,0.0,9256.0,324.0,145105.0,99902.0,0.0,4467.0,,,,,,,,,,,,17.0,34583.0,0.0,20.0,106.0,0.0,,,,,,,,,,,,,,,,,,,,,,,,,,,,,,,,,,,,,,,,,,,,,,2,2008-04-01,2008-Q2,,,,,,,,,,,Требуется ручная проверка,0,
922,"ОАО ""ВОСТОККРЕДИТБАНК""",2008,125000.0,130311.0,193.0,1094.0,29827.0,26819.0,,80604.0,2838.0,,,1000505.0,917063.0,833649.0,56800.0,776842.0,,16982.0,78068.0,47135.0,0.0,17159.0,586.0,251879.0,154198.0,0.0,6175.0,,,,,,,,,,,,21.0,78047.0,0.0,282.0,340.0,0.0,,,,,,,,,,,,,,,,,,,,,,,,,,,,,,,,,,,,,,,,,,,,,,3,2008-07-01,2008-Q3,,,,,,,,,,,Требуется ручная проверка,0,
922,"ОАО ""ВОСТОККРЕДИТБАНК""",2008,125000.0,132743.0,193.0,1061.0,24148.0,10320.0,,126062.0,10066.0,,,1191481.0,1055353.0,960626.0,69700.0,890919.0,,19697.0,130096.0,77150.0,0.0,46424.0,1275.0,512693.0,340173.0,0.0,15746.0,,,,,,,,,,,,24.0,130072.0,0.0,1245.0,937.0,0.0,,,,,,,,,,,,,,,,,,,,,,,,,,,,,,,,,,,,,,,,,,,,,,4,2008-10-01,2008-Q4,,,,,,,,,,,Требуется ручная проверка,0,
922,"ОАО ""ВОСТОККРЕДИТБАНК""",2009,150000.0,157723.0,193.0,1041.0,32618.0,52304.0,,138845.0,25005.0,,,1255792.0,1091942.0,1010038.0,62500.0,947531.0,,1678.0,185445.0,108298.0,,66187.0,4101.0,733347.0,475077.0,,10159.0,,,,,,,,,,,,25.0,185420.0,,1446.0,1586.0,,,,,,,,,,,,,,,,,,,,,,,,,,,,,,,,,,,,,,,,,,,,,,,1,2009-01-01,2009-Q1,,,,,,,,,,,Требуется ручная проверка,0,
922,"ОАО ""ВОСТОККРЕДИТБАНК""",2009,150000.0,157606.0,193.0,924.0,37736.0,27405.0,,144479.0,40518.0,,,1364672.0,1179675.0,1069423.0,58300.0,1011116.0,,1792.0,56437.0,32539.0,,14299.0,3512.0,341138.0,185240.0,2919.0,1270.0,,,,,,,,,,,,0.0,56437.0,,0.0,329.0,,,,,,,,,,,,,,,1649.0,,,,,,,,,,,,,,,,,,,,,,,,,,,,,,,,2,2009-04-01,2009-Q2,,,,,,,,,,,Требуется ручная проверка,0,
922,"ОАО ""ВОСТОККРЕДИТБАНК""",2009,175000.0,182606.0,193.0,924.0,51490.0,18098.0,,191505.0,49003.0,,,1523526.0,1283018.0,1168046.0,56500.0,1111539.0,,1880.0,116458.0,70062.0,0.0,25227.0,5522.0,808152.0,521440.0,2723.0,817.0,,,,,,,,,,,,0.0,116458.0,0.0,0.0,587.0,0.0,,,,,,,,,,,,,,1906.0,,,,,,,,,,,,,,,,,,,,,,,,,,,,,,,,3,2009-07-01,2009-Q3,,,,,,,,,,,Требуется ручная проверка,0,
922,"ОАО ""ВОСТОККРЕДИТБАНК""",2009,175000.0,188335.0,193.0,,57882.0,35781.0,,364186.0,56491.0,,,1745427.0,1324750.0,1287508.0,56941.0,1230560.0,,8148.0,182754.0,111600.0,,42164.0,9173.0,1281605.0,743849.0,2598.0,51240.0,,,,,,,,,,,,0.0,182754.0,,0.0,931.0,4.0,,,,,,,,,,,,,,48642.0,,,,,,,,,,,,,,,,,,,,,,,,,,,,,,,,4,2009-10-01,2009-Q4,,,,,,,,,,,Требуется ручная проверка,0,
922,"ОАО ""ВОСТОККРЕДИТБАНК""",2010,175000.0,188335.0,193.0,,69128.0,29099.0,,361073.0,74190.0,,,1945030.0,1509767.0,1438721.0,75841.0,1362841.0,,11147.0,267873.0,160896.0,,66037.0,15105.0,1998320.0,1257492.0,15.0,11171.0,,,,,,,,,,,,1.0,267872.0,,0.0,1263.0,9.0,,,,,,,,,,,,,,11186.0,,,,,,,,,,,,,,,,,,,,,,,,,,,,,,,,1,2010-01-01,2010-Q1,,,,,,,,,,,Требуется ручная проверка,0,
922,"ОАО ""ВОСТОККРЕДИТБАНК""",2010,205000.0,218335.0,193.0,,37656.0,127890.0,449.0,351734.0,76171.0,,,1887391.0,1459486.0,1580791.0,81800.0,1498950.0,,26277.0,94915.0,55990.0,,15670.0,2795.0,548788.0,377750.0,,16507.0,,,,,,,,,,,,0.0,94915.0,,0.0,459.0,0.0,,,,,,,,,,,,,,16507.0,,,,,,,,,,,,,,,,,,,,,,,,,,,,,,,,2,2010-04-01,2010-Q2,,,,,,,,,,,Требуется ручная проверка,0,
926,"ОАО ГБ ""НИЖНИЙ НОВГОРОД""",2007,300495.0,316594.0,1141.0,,123144.0,52530.0,140217.0,382675.0,9169.0,35407.0,,1890412.0,1498568.0,965673.0,166045.0,799628.0,,34365.0,222090.0,17744.0,0.0,13631.0,24982.0,439469.0,17.0,0.0,83799.0,,,,,,,,,,,,,,,,,,,,,,,,,,,,,,,,,,,,,,,,,,,,,,,,,,,,,,,,,,,,,,,1,2007-01-01,2007-Q1,,,,,,,,,,,Требуется ручная проверка,0,
926,"ОАО ГБ ""НИЖНИЙ НОВГОРОД""",2007,300495.0,358407.0,43234.0,,145752.0,55712.0,175446.0,454888.0,4095.0,45141.0,,2119127.0,1660144.0,1209908.0,196996.0,1012912.0,,39772.0,70852.0,4860.0,0.0,2448.0,6417.0,102534.0,1.0,0.0,20028.0,,,,,,,,,,,,,,,,,,,,,,,,,,,,,,,,,,,,,,,,,,,,,,,,,,,,,,,,,,,,,,,2,2007-04-01,2007-Q2,,,,,,,,,,,Требуется ручная проверка,0,
926,"ОАО ГБ ""НИЖНИЙ НОВГОРОД""",2007,300495.0,357904.0,43234.0,,129494.0,112344.0,132347.0,450315.0,3827.0,26.0,,2421589.0,1967447.0,1359382.0,300251.0,1059131.0,,44168.0,155041.0,12305.0,0.0,3502.0,14012.0,219843.0,1.0,0.0,39291.0,,,,,,,,,,,,,,,,,,,,,,,,,,,,,,,,,,,,,,,,,,,,,,,,,,,,,,,,,,,,,,,3,2007-07-01,2007-Q3,,,,,,,,,,,Требуется ручная проверка,0,
926,"ОАО ГБ ""НИЖНИЙ НОВГОРОД""",2007,430495.0,520358.0,43234.0,,137788.0,103824.0,115204.0,511189.0,1571.0,31690.0,,2550621.0,2037861.0,1490442.0,283588.0,1206854.0,,61384.0,244118.0,16178.0,0.0,4331.0,21665.0,346889.0,1.0,0.0,71453.0,,,,,,,,,,,,,,,,,,,,,,,,,,,,,,,,,,,,,,,,,,,,,,,,,,,,,,,,,,,,,,,4,2007-10-01,2007-Q4,,,,,,,,,,,Требуется ручная проверка,0,
926,"ОАО ГБ ""НИЖНИЙ НОВГОРОД""",2008,430495.0,519318.0,43234.0,,184337.0,196567.0,103065.0,467915.0,17841.0,21079.0,,2938907.0,2453151.0,1734588.0,268770.0,1465818.0,,41500.0,338793.0,20772.0,0.0,8154.0,29236.0,487344.0,5.0,0.0,101689.0,,,,,,,,,,,,,,,,,,,,,,,,,,,,,,,,,,,,,,,,,,,,,,,,,,,,,,,,,,,,,,,1,2008-01-01,2008-Q1,,,,,,,,,,,Требуется ручная проверка,0,
926,"ОАО ГБ ""НИЖНИЙ НОВГОРОД""",2008,501768.0,518939.0,234.0,3708.0,182939.0,127255.0,105937.0,436341.0,18019.0,110551.0,,3001621.0,2547261.0,1682440.0,177000.0,1505440.0,,63767.0,99416.0,47901.0,0.0,35917.0,1549.0,140749.0,9230.0,0.0,34585.0,,,,,,,,,,,,450.0,98450.0,455.0,2267.0,4653.0,1804.0,,,,,,,,,,,,,,,,,,,,,,,,,,,,,,,,,,,,,,,,,,,,,,2,2008-04-01,2008-Q2,,,,,,,,,,,Требуется ручная проверка,0,
926,"ОАО ГБ ""НИЖНИЙ НОВГОРОД""",2008,501768.0,518527.0,234.0,3318.0,233923.0,200194.0,112600.0,478989.0,16110.0,95770.0,,3323944.0,2828845.0,2140344.0,455187.0,1685155.0,,68789.0,213756.0,105603.0,1283.0,72609.0,2410.0,310703.0,35122.0,0.0,83750.0,,,,,,,,,,,,1084.0,211052.0,1146.0,4546.0,13644.0,4090.0,,,,,,,,,,,,,,,,,,,,,,,,,,,,,,,,,,,,,,,,,,,,,,3,2008-07-01,2008-Q3,,,,,,,,,,,Требуется ручная проверка,0,
926,"ОАО ГБ ""НИЖНИЙ НОВГОРОД""",2008,501768.0,550439.0,234.0,31801.0,342495.0,291509.0,194671.0,569648.0,16141.0,175470.0,,3956608.0,3370819.0,2534166.0,546004.0,1988160.0,,87200.0,352114.0,178084.0,1530.0,120107.0,7012.0,557801.0,63915.0,0.0,101876.0,,,,,,,,,,,,1817.0,347503.0,2065.0,6424.0,25842.0,7218.0,,,,,,,,,,,,,,,,,,,,,,,,,,,,,,,,,,,,,,,,,,,,,,4,2008-10-01,2008-Q4,,,,,,,,,,,Требуется ручная проверка,0,
926,"ОАО ГБ ""НИЖНИЙ НОВГОРОД""",2009,622160.0,670831.0,234.0,31801.0,332690.0,189613.0,414.0,395202.0,8772.0,219750.0,,3376866.0,2972892.0,1415906.0,120384.0,1295520.0,1.0,5977.0,497194.0,250177.0,1530.0,142210.0,9132.0,810185.0,72954.0,0.0,73624.0,,,,,,,,,,,,2028.0,491488.0,2833.0,33755.0,30894.0,10129.0,,,,,,,,,,,,,,,,,,,,,,,,,,,,,,,,,,,,,,,,,,,,,,1,2009-01-01,2009-Q1,,,,,,,,,,,Требуется ручная проверка,0,
926,"ОАО ГБ ""НИЖНИЙ НОВГОРОД""",2009,622160.0,671034.0,234.0,32004.0,400408.0,234308.0,536.0,270196.0,73773.0,,,3037215.0,2693246.0,1098138.0,65187.0,1032949.0,,2592.0,124202.0,94198.0,,23489.0,1975.0,356772.0,10885.0,4910.0,51203.0,,,,,,,,,,,,551.0,123648.0,,63350.0,2018.0,526.0,,,,,,,,,,,,,,46293.0,,,,,,,,,,,,,,,,,,,,,,,,,,,,,,,,2,2009-04-01,2009-Q2,,,,,,,,,,,Требуется ручная проверка,0,
926,"ОАО ГБ ""НИЖНИЙ НОВГОРОД""",2009,622160.0,671034.0,234.0,32004.0,409737.0,100250.0,743843.0,242913.0,331148.0,,,2608858.0,2034797.0,1109846.0,61179.0,1048665.0,,2529.0,234037.0,193278.0,,38287.0,2587.0,757004.0,23019.0,,234967.0,,,,,,,,,,,,1174.0,232858.0,,129418.0,3939.0,1047.0,,,,,,,,,,,,,,234967.0,,,,,,,,,,,,,,,,,,,,,,,,,,,,,,,,3,2009-07-01,2009-Q3,,,,,,,,,,,Требуется ручная проверка,0,
926,"ОАО ГБ ""НИЖНИЙ НОВГОРОД""",2009,622160.0,683544.0,234.0,43889.0,402353.0,125388.0,1141076.0,199914.0,380198.0,,,2523496.0,1943384.0,1254435.0,64739.0,1189694.0,,10782.0,341518.0,298408.0,0.0,53595.0,2778.0,1091709.0,87766.0,0.0,263153.0,,,,,,,,,,,,3390.0,338121.0,0.0,195308.0,6005.0,1266.0,,,,,,,,,,,,,,263153.0,,,,,,,,,,,,,,,,,,,,,,,,,,,,,,,,4,2009-10-01,2009-Q4,,,,,,,,,,,Требуется ручная проверка,0,
926,"ОАО ГБ ""НИЖНИЙ НОВГОРОД""",2010,622160.0,683544.0,234.0,43889.0,354391.0,84922.0,1618979.0,160352.0,427120.0,,,2152248.0,1564776.0,1324505.0,57677.0,1266826.0,,14956.0,451091.0,393210.0,0.0,71296.0,2913.0,1346634.0,99115.0,0.0,287465.0,,,,,,,,,,,,4720.0,446362.0,0.0,247262.0,8047.0,1565.0,,,,,,,,,,,,,,287465.0,,,,,,,,,,,,,,,,,,,,,,,,,,,,,,,,1,2010-01-01,2010-Q1,,,,,,,,,,,Требуется ручная проверка,0,
926,"ОАО ГБ ""НИЖНИЙ НОВГОРОД""",2010,622160.0,950702.0,267392.0,43889.0,338452.0,203011.0,1620753.0,128889.0,197230.0,,,849968.0,523849.0,1525678.0,87810.0,1437866.0,,41364.0,138837.0,74028.0,0.0,13442.0,259.0,425759.0,261092.0,0.0,58476.0,,,,,,,,,,,,195.0,138642.0,0.0,27540.0,2141.0,71.0,,,,,,,,,,,,,,58476.0,,,,,,,,,,,,,,,,,,,,,,,,,,,,,,,,2,2010-04-01,2010-Q2,,,,,,,,,,,Требуется ручная проверка,0,
927,"АКБ ""АКЦИЯ"" ОАО",2007,2200.0,5120.0,78.0,,2646.0,46987.0,,10655.0,2282.0,,,40516.0,27579.0,15968.0,1000.0,14968.0,,1906.0,5983.0,0.0,0.0,0.0,28.0,12669.0,0.0,,525.0,,,,,,,,,,,,,,,,,,,,,,,,,,,,,,,,,,,,,,,,,,,,,,,,,,,,,,,,,,,,,,,1,2007-01-01,2007-Q1,,,,,,,,,,,Требуется ручная проверка,0,
927,"АКБ ""АКЦИЯ"" ОАО",2007,2200.0,5091.0,78.0,,16163.0,37283.0,,9223.0,2158.0,,,45571.0,34190.0,15063.0,,15063.0,,2724.0,1708.0,0.0,0.0,0.0,12.0,3545.0,0.0,,99.0,,,,,,,,,,,,,,,,,,,,,,,,,,,,,,,,,,,,,,,,,,,,,,,,,,,,,,,,,,,,,,,2,2007-04-01,2007-Q2,,,,,,,,,,,Требуется ручная проверка,0,
927,"АКБ ""АКЦИЯ"" ОАО",2007,2200.0,5125.0,78.0,,11440.0,32712.0,,8865.0,2083.0,,,53962.0,43014.0,17633.0,,15633.0,,2341.0,3817.0,0.0,0.0,0.0,65.0,7620.0,0.0,,207.0,,,,,,,,,,,,,,,,,,,,,,,,,,,,,,,,,,,,,,,,,,,,,,,,,,,,,,,,,,,,,,,3,2007-07-01,2007-Q3,,,,,,,,,,,Требуется ручная проверка,0,
927,"АКБ ""АКЦИЯ"" ОАО",2007,4700.0,10622.0,3078.0,,15427.0,93166.0,,12271.0,2097.0,,,64341.0,49973.0,21838.0,,19838.0,,4566.0,6451.0,0.0,0.0,0.0,131.0,12139.0,0.0,,823.0,,,,,,,,,,,,,,,,,,,,,,,,,,,,,,,,,,,,,,,,,,,,,,,,,,,,,,,,,,,,,,,4,2007-10-01,2007-Q4,,,,,,,,,,,Требуется ручная проверка,0,
927,"АКБ ""АКЦИЯ"" ОАО",2008,4700.0,10586.0,3078.0,,13729.0,56881.0,,22731.0,2089.0,,,95024.0,70204.0,49592.0,500.0,47092.0,,3736.0,10280.0,0.0,0.0,0.0,235.0,17869.0,0.0,,2046.0,,,,,,,,,,,,,,,,,,,,,,,,,,,,,,,,,,,,,,,,,,,,,,,,,,,,,,,,,,,,,,,1,2008-01-01,2008-Q1,,,,,,,,,,,Требуется ручная проверка,0,
927,"АКБ ""АКЦИЯ"" ОАО",2008,4700.0,10574.0,3076.0,1464.0,32066.0,345211.0,,22636.0,2265.0,,,109942.0,85041.0,46925.0,500.0,44425.0,,5059.0,4324.0,1333.0,0.0,2530.0,0.0,6416.0,257.0,0.0,749.0,,,,,,,,,,,,0.0,4324.0,0.0,0.0,12.0,0.0,,,,,,,,,,,,,,,,,,,,,,,,,,,,,,,,,,,,,,,,,,,,,,2,2008-04-01,2008-Q2,,,,,,,,,,,Требуется ручная проверка,0,
927,"АКБ ""АКЦИЯ"" ОАО",2008,4700.0,11889.0,3074.0,2781.0,10714.0,40858.0,,27913.0,3036.0,,,113563.0,82614.0,72522.0,20500.0,45022.0,,10286.0,9059.0,3064.0,0.0,5354.0,0.0,14397.0,742.0,0.0,815.0,,,,,,,,,,,,0.0,9059.0,0.0,0.0,369.0,0.0,,,,,,,,,,,,,,,,,,,,,,,,,,,,,,,,,,,,,,,,,,,,,,3,2008-07-01,2008-Q3,,,,,,,,,,,Требуется ручная проверка,0,
927,"АКБ ""АКЦИЯ"" ОАО",2008,4700.0,11604.0,3072.0,2498.0,18213.0,72898.0,,28792.0,3545.0,,,121310.0,88973.0,91405.0,35500.0,48905.0,,5109.0,14295.0,5469.0,0.0,8470.0,0.0,24173.0,2310.0,0.0,959.0,,,,,,,,,,,,0.0,14295.0,0.0,0.0,1277.0,0.0,,,,,,,,,,,,,,,,,,,,,,,,,,,,,,,,,,,,,,,,,,,,,,4,2008-10-01,2008-Q4,,,,,,,,,,,Требуется ручная проверка,0,
927,"АКБ ""АКЦИЯ"" ОАО",2009,7200.0,17037.0,6072.0,2431.0,10656.0,126127.0,,30469.0,2080.0,,,122827.0,90278.0,86517.0,35000.0,44517.0,,658.0,19639.0,7934.0,0.0,11536.0,0.0,33245.0,3102.0,0.0,1090.0,,,,,,,,,,,,0.0,19639.0,0.0,0.0,2300.0,0.0,,,,,,,,,,,,,,,,,,,,,,,,,,,,,,,,,,,,,,,,,,,,,,1,2009-01-01,2009-Q1,,,,,,,,,,,Требуется ручная проверка,0,
927,"АКБ ""АКЦИЯ"" ОАО",2009,7200.0,16888.0,6072.0,2282.0,10631.0,33662.0,,30142.0,3606.0,,,138822.0,105074.0,86619.0,35000.0,44619.0,,517.0,5845.0,2404.0,0.0,2015.0,0.0,9422.0,1663.0,20.0,132.0,,,,,,,,,,,,0.0,5845.0,0.0,0.0,999.0,0.0,,,,,,,,,,,,,,152.0,,,,,,,,,,,,,,,,,,,,,,,,,,,,,,,,2,2009-04-01,2009-Q2,,,,,,,,,,,Требуется ручная проверка,0,
927,"АКБ ""АКЦИЯ"" ОАО",2009,7200.0,17334.0,6072.0,2282.0,19853.0,36528.0,,27535.0,1996.0,,,144994.0,115463.0,85497.0,35202.0,43295.0,,498.0,12821.0,4781.0,0.0,4325.0,0.0,20256.0,3281.0,79.0,223.0,,,,,,,,,,,,0.0,12821.0,0.0,0.0,2012.0,0.0,,,,,,,,,,,,,,302.0,,,,,,,,,,,,,,,,,,,,,,,,,,,,,,,,3,2009-07-01,2009-Q3,,,,,,,,,,,Требуется ручная проверка,0,
927,"АКБ ""АКЦИЯ"" ОАО",2009,7200.0,17334.0,6072.0,2282.0,19523.0,70623.0,,23065.0,2640.0,,,147999.0,122294.0,50446.0,208.0,43238.0,,2079.0,20238.0,6748.0,0.0,6818.0,0.0,30758.0,3973.0,133.0,329.0,,,,,,,,,,,,0.0,20238.0,0.0,0.0,2640.0,0.0,,,,,,,,,,,,,,462.0,,,,,,,,,,,,,,,,,,,,,,,,,,,,,,,,4,2009-10-01,2009-Q4,,,,,,,,,,,Требуется ручная проверка,0,
927,"АКБ ""АКЦИЯ"" ОАО",2010,57200.0,67334.0,6072.0,2282.0,4447.0,51255.0,,23442.0,3551.0,,,189385.0,162392.0,65875.0,10214.0,48661.0,,2798.0,29236.0,8549.0,0.0,9838.0,0.0,46253.0,7680.0,261.0,559.0,,,,,,,,,,,,0.0,29236.0,0.0,0.0,2815.0,0.0,,,,,,,,,,,,,,820.0,,,,,,,,,,,,,,,,,,,,,,,,,,,,,,,,1,2010-01-01,2010-Q1,,,,,,,,,,,Требуется ручная проверка,0,
927,"АКБ ""АКЦИЯ"" ОАО",2010,57200.0,67334.0,6072.0,2282.0,12864.0,74141.0,20.0,23564.0,4065.0,,,168480.0,140851.0,91207.0,221.0,58986.0,,3612.0,8050.0,2612.0,0.0,2147.0,0.0,12821.0,2717.0,95.0,94.0,,,,,,,,,,,,0.0,8050.0,0.0,0.0,6.0,0.0,,,,,,,,,,,,,,189.0,,,,,,,,,,,,,,,,,,,,,,,,,,,,,,,,2,2010-04-01,2010-Q2,,,,,,,,,,,Требуется ручная проверка,0,
927,"АКБ ""Акция"" ОАО",2010,57200.0,67596.0,6072.0,2282.0,9415.0,46498.0,20.0,23104.0,5121.0,,,216181.0,187956.0,107304.0,230.0,75074.0,,3325.0,18131.0,5630.0,0.0,4555.0,0.0,30423.0,7755.0,412.0,19.0,,,,,,,,,,,,83.0,18048.0,0.0,0.0,12.0,0.0,,,,,,,,,,,,,,431.0,,,,,,,,,,,,,,,,,,,,,,,,,,,,,,,,3,2010-07-01,2010-Q3,,,,,,,,,,,Требуется ручная проверка,0,
927,"АКБ ""Акция"" ОАО",2010,57200.0,67596.0,6072.0,2282.0,14387.0,25525.0,20.0,24593.0,11906.0,,,241588.0,205089.0,145068.0,1435.0,111633.0,,1391.0,30276.0,9516.0,0.0,7223.0,0.0,50986.0,17103.0,745.0,3617.0,,,,,,,,,,,,408.0,29867.0,0.0,0.0,30.0,0.0,,,,,,,,,,,,,,4362.0,,,,,,,,,,,,,,,,,,,,,,,,,,,,,,,,4,2010-10-01,2010-Q4,,,,,,,,,,,Требуется ручная проверка,0,
927,"АКБ ""Акция"" ОАО",2011,,,,,,,,,,,,,,,,,,,44459.0,14191.0,0.0,10223.0,0.0,73107.0,23496.0,1380.0,5084.0,,,,,,,,,,,,692.0,43766.0,0.0,0.0,302.0,0.0,,,,,,,,,,,,,,6464.0,,,,,,,,,,,,,,,,,,,,,,,,,,,,,,,,1,2011-01-01,2011-Q1,,,,,,,,,,,Требуется ручная проверка,0,
927,"АКБ ""Акция"" ОАО",2011,57200.0,67596.0,6071.0,2283.0,18234.0,26897.0,20.0,53523.0,6335.0,,,405885.0,346027.0,248536.0,24146.0,192390.0,,2283.0,17175.0,6106.0,0.0,5871.0,0.0,30336.0,8832.0,151.0,1554.0,,,,,,,,,,,,195.0,16980.0,0.0,0.0,481.0,0.0,,,,,,,,,,,,,,1705.0,,,,,,,,,,25.62,56.77,85.77,105.28,298.15,0.0,0.73,0.0,,,,,,,,,,,,,,,2,2011-04-01,2011-Q2,,,,,,,,,,,Требуется ручная проверка,0,
927,"АКБ ""Акция"" ОАО",2011,,,,,,,,,,,,,,,,,,,37108.0,13437.0,0.0,14062.0,0.0,84533.0,25089.0,803.0,8073.0,,,,,,,,,,,,3.0,36740.0,0.0,0.0,979.0,0.0,,,,,,,,,,,,,,7270.0,,,,,,,,,,19.85,45.45,60.89,110.53,378.14,0.09,1.04,0.0,,,,,,,,,,,,,,,3,2011-07-01,2011-Q3,,,,,,,,,,,Требуется ручная проверка,0,
927,"АКБ ""Акция"" ОАО",2011,57200.0,72065.0,6066.0,2288.0,24608.0,32190.0,20.0,64786.0,3939.0,,,468727.0,400002.0,286859.0,9666.0,245193.0,1.0,11561.0,54054.0,20475.0,0.0,20264.0,2.0,174610.0,86295.0,0.0,5491.0,,,,,,,,,,,,5.0,53654.0,0.0,0.0,1360.0,0.0,,,,,,,,,,,,,,5491.0,,,,,,,,,,23.11,40.3,56.88,98.52,286.76,0.07,0.6,0.0,,,,,,,,,,,,,,,4,2011-10-01,2011-Q4,,,,,,,,,,,Требуется ручная проверка,0,
927,"АКБ ""Акция"" ОАО",2012,,,,,,,,,,,,,,,,,,,69987.0,26812.0,0.0,27656.0,2.0,233764.0,115733.0,0.0,60164.0,,,,,,,,,,,,7.0,69584.0,1.0,0.0,1525.0,0.0,,,,,,,,,,,,,,60164.0,,,,,,,,,,35.93,57.85,61.44,73.26,110.72,1.42,1.62,0.0,,,,,,,,,,,,,,,1,2012-01-01,2012-Q1,,,,,,,,,,,Требуется ручная проверка,0,
927,"АКБ ""Акция"" ОАО",2012,75600.0,90465.0,6066.0,2288.0,13545.0,31408.0,60.0,82912.0,4711.0,11457.0,,499084.0,411461.0,263095.0,7814.0,213281.0,3.0,11130.0,20438.0,6240.0,0.0,3845.0,0.0,43210.0,23058.0,0.0,4213.0,,,,,,,,,,,,5.0,20186.0,246.0,0.0,153.0,17.0,,,,,,,,,,,,,,4213.0,,,,,,,,,,36.15,51.29,71.83,60.12,109.93,2.82,2.88,0.0,,,,,,,,,,,,,,,2,2012-04-01,2012-Q2,,,,,,,,,,,Требуется ручная проверка,0,
927,"АКБ ""Акция"" ОАО",2012,75600.0,150089.0,6066.0,56923.0,9549.0,28038.0,60.0,79383.0,9466.0,24800.0,,513880.0,425031.0,292463.0,8986.0,241477.0,10.0,4097.0,41787.0,13033.0,0.0,5908.0,1.0,98117.0,55057.0,887.0,4842.0,,,,,,,,,,,,8.0,40734.0,876.0,0.0,296.0,40.0,,,,,,,,,,,,,,5729.0,,,,,,,,,,33.42,54.34,74.32,53.76,118.21,2.81,2.88,0.0,,,,,,,,,,,,,,,3,2012-07-01,2012-Q3,,,,,,,,,,,Требуется ручная проверка,0,
927,"АКБ ""Акция"" ОАО",2012,75600.0,150089.0,6066.0,56923.0,12677.0,21755.0,60.0,90606.0,13437.0,31538.0,,522217.0,418174.0,310158.0,6800.0,261358.0,14.0,4400.0,60308.0,20599.0,0.0,8123.0,1.0,153060.0,89848.0,1709.0,5543.0,,,,,,,,,,,,11.0,58197.0,1712.0,0.0,455.0,63.0,,,,,,,,,,,,,,7252.0,,,,,,,,,,30.62,42.38,73.35,44.66,138.43,2.76,2.81,0.0,,,,,,,,,,,,,,,4,2012-10-01,2012-Q4,,0409135,,,,,,,,,Требуется ручная проверка,0,
927,"АКБ ""Акция"" ОАО",2013,75600.0,150089.0,6066.0,56923.0,4943.0,18090.0,60.0,78622.0,19124.0,89020.0,,511129.0,413383.0,346067.0,11156.0,280911.0,4.0,4862.0,80856.0,29497.0,0.0,10505.0,3.0,203839.0,119099.0,3094.0,7245.0,,,,,,,,,,,,14.0,76136.0,3808.0,328.0,681.0,86.0,,,,,,,,,,,,,,10339.0,,,,,,,,,,30.5,60.98,119.65,36.74,143.06,2.6,2.64,0.0,,,,,,,,,,,,,,,1,2013-01-01,2013-Q1,,,,,,,,,,,Требуется ручная проверка,0,
927,"АКБ ""Акция"" ОАО",2013,75600.0,151331.0,7307.0,56924.0,16768.0,14749.0,60.0,78922.0,18529.0,134553.0,,533349.0,435898.0,375835.0,6000.0,315835.0,4.0,5154.0,24689.0,10923.0,0.0,1584.0,0.0,67399.0,41700.0,113.0,2126.0,,,,,,,,,,,,21.0,21227.0,3114.0,1607.0,123.0,6.0,,,,,,,,,,,,,,2239.0,,,,,,,,,,25.89,41.26,119.74,37.71,160.64,0.0,0.16,0.0,,,,,,,,,57366.0,,,,,,2,2013-04-01,2013-Q2,,0409135,,,,,,,,,Требуется ручная проверка,0,
927,"АКБ ""Акция"" ОАО",2013,75600.0,158299.0,7863.0,63336.0,10551.0,15426.0,60.0,126738.0,19182.0,166964.0,,561667.0,415747.0,383486.0,6000.0,323486.0,,5492.0,50071.0,21842.0,0.0,3231.0,0.0,112054.0,61279.0,625.0,3638.0,,,,,,,,,,,,24.0,42332.0,7248.0,2850.0,246.0,6.0,,,,,,,,,,,,,,4263.0,,,,,,,,,,24.15,36.12,94.31,45.06,190.57,0.0,0.68,0.0,,,,,,,,,56947.0,,,,,,3,2013-07-01,2013-Q3,,0409135,,,,,,,,,Требуется ручная проверка,0,
927,"АКБ ""Акция"" ОАО",2013,75600.0,159258.0,8822.0,63336.0,7206.0,23158.0,55410.0,151765.0,29743.0,186269.0,,579753.0,398245.0,436127.0,6000.0,376127.0,0.0,5771.0,74755.0,33904.0,0.0,4993.0,0.0,226502.0,113661.0,2094.0,4456.0,,,,,,,,,,,,27.0,62016.0,12000.0,4147.0,371.0,6.0,,,,,,,,,,,,,,6550.0,,,,,,,,,,24.79,56.85,155.18,41.7,182.97,0.0,0.66,0.0,,,,,,,,,87840.0,,,,,,4,2013-10-01,2013-Q4,,0409135,,,,,,,,,Требуется ручная проверка,0,
927,"АКБ ""Акция"" ОАО",2014,75600.0,159713.0,9277.0,63336.0,8710.0,138457.0,10000.0,181112.0,33696.0,153784.0,,558496.0,343688.0,479376.0,6650.0,418726.0,5.0,16546.0,98547.0,45882.0,0.0,7043.0,0.0,352085.0,216110.0,4082.0,7147.0,,,,,,,,,,,,32.0,81639.0,16157.0,4284.0,510.0,6.0,,,,,,,,,,,,,,11229.0,,,,,,,,,,25.14,68.45,132.25,52.51,161.87,0.0,0.72,0.0,,,,,,,,,119012.0,,,,,,1,2014-01-01,2014-Q1,,,,,,,,,,,Требуется ручная проверка,0,
927,"АКБ ""Акция"" ОАО",2014,75600.0,160378.0,9938.0,63340.0,14587.0,53686.0,,230112.0,37780.0,132173.0,,646112.0,378220.0,479662.0,7050.0,418612.0,576.0,17261.0,24633.0,11985.0,0.0,1434.0,0.0,87632.0,62163.0,18.0,1726.0,,,,,,,,,,,,6.0,21182.0,3443.0,0.0,149.0,0.0,,,,,,,,,,,,,,1744.0,,,,,17.74,19.87,22.66,,,,37.07,94.09,63.47,202.13,0.0,0.75,0.0,,,,,,,,,58765.0,,,,,,2,2014-04-01,2014-Q2,,,,,,,,,,,Требуется ручная проверка,0,
927,"АКБ ""Акция"" ОАО",2014,75500.0,,0.0,68336.0,,,,,,,,,,,,,,,49688.0,22044.0,0.0,3664.0,0.0,185753.0,127875.0,2024.0,72039.0,0.0,0.0,,0.0,0.0,,,,,,,11.0,43978.0,5697.0,0.0,297.0,0.0,,,,,,,,,,,,,,74063.0,,,,,18.18,18.18,25.82,,,,32.46,55.17,57.77,202.26,0.0,0.58,0.0,,,,,,,,,47281.0,,,,,229308.0,3,2014-07-01,2014-Q3,,,,,,,,,,,Требуется ручная проверка,0,
927,"АКБ ""Акция"" ОАО",2014,75600.0,161497.0,6061.0,68336.0,6271.0,93334.0,,257501.0,31281.0,,,718926.0,430144.0,410860.0,8050.0,402810.0,,16644.0,73084.0,32168.0,0.0,6113.0,0.0,309632.0,222855.0,2259.0,91079.0,0.0,0.0,,0.0,0.0,,,,,,,47.0,66756.0,6279.0,0.0,450.0,145.0,,,,,,,,,,,,,,93338.0,,,,,21.01,21.01,32.69,,,,94.87,89.21,54.86,165.68,0.0,0.46,0.0,,,,,,,,,171855.0,,,,,251130.0,4,2014-10-01,2014-Q4,,,,,,,,,,,Требуется ручная проверка,0,
927,"АКБ ""Акция"" ОАО",2015,75600.0,161497.0,6061.0,68336.0,9545.0,141761.0,,237196.0,23722.0,,,751733.0,490815.0,383187.0,3300.0,379887.0,,5347.0,96533.0,41904.0,0.0,8965.0,0.0,476822.0,354111.0,3859.0,149284.0,0.0,0.0,,0.0,0.0,,,,,,,62.0,90189.0,6280.0,1308.0,515.0,230.0,,,,,,,,,,,,,,153143.0,,,,,29.08,29.08,35.83,,,,83.33,85.47,53.62,130.36,0.0,0.36,0.0,,,,,,,,,138305.0,,,,,309355.0,1,2015-01-01,2015-Q1,,,,,,,,,,,Требуется ручная проверка,0,
927,"АКБ ""Акция"" ОАО",2015,75600.0,161497.0,6060.0,68337.0,5417.0,103041.0,,202775.0,59532.0,,,800669.0,538362.0,367355.0,3200.0,364155.0,,4605.0,24043.0,11234.0,0.0,1765.0,3.0,60064.0,36189.0,1467.0,2452.0,0.0,0.0,,0.0,0.0,,,,,,,8.0,24035.0,0.0,1535.0,85.0,0.0,,,,,,,,,,,,,,3919.0,,,,,36.46,36.46,36.61,,,,175.14,156.43,29.81,122.52,0.0,0.33,0.0,,,,,,,,,141081.0,,,,,312264.0,2,2015-04-01,2015-Q2,,,,,,,,,,,Требуется ручная проверка,0,
927,"АКБ ""Акция"" ОАО",2015,75600.0,161497.0,6060.0,68337.0,4259.0,107166.0,,157477.0,40422.0,,,739655.0,541756.0,390907.0,3600.0,387307.0,,4785.0,59079.0,24005.0,0.0,4011.0,3.0,259867.0,200013.0,2616.0,3986.0,0.0,0.0,,0.0,0.0,,,,,,,27.0,59052.0,0.0,2878.0,175.0,0.0,,,,,,,,,,,,,,6602.0,,,,,34.12,34.12,34.43,,,,213.07,149.3,26.45,114.8,0.0,0.73,0.0,,,,,,,,,141762.0,,,,,305360.0,3,2015-07-01,2015-Q3,,,,,,,,,,,Требуется ручная проверка,0,
927,"АКБ ""Акция"" ОАО",2015,75500.0,,0.0,217977.0,,,,,,,,,,,,,,,96360.0,37579.0,0.0,6256.0,3.0,369393.0,262183.0,1260.0,3682.0,0.0,0.0,,0.0,0.0,,,,,,,32.0,96328.0,0.0,4179.0,276.0,0.0,,,,,,,,,,,,,,2422.0,,,,,34.47,34.47,34.48,,,,128.11,195.47,20.49,123.41,0.0,0.78,0.0,,,,,,,,,54292.0,,,,,306179.0,4,2015-10-01,2015-Q4,,,,,,,,,,,Требуется ручная проверка,0,
927,"АКБ ""Акция"" ОАО",2016,75600.0,311127.0,6050.0,217977.0,4918.0,7186.0,25250.0,113837.0,33459.0,2124.0,,646618.0,499322.0,382027.0,3800.0,378227.0,,14395.0,119424.0,50947.0,0.0,8292.0,3.0,648825.0,496019.0,4224.0,17062.0,0.0,0.0,,0.0,0.0,,,,,,,35.0,119389.0,0.0,5377.0,403.0,0.0,,,,,,,,,,,,,,12838.0,,,,,30.5,30.5,31.43,,,,115.74,202.49,14.78,136.06,0.0,0.71,20.81,,,,,,,,,47835.0,,,,,305818.0,1,2016-01-01,2016-Q1,,,,,,,,,,,Требуется ручная проверка,0,
930,"ЗАО ""НОВЫЙ ПРОМЫШЛЕННЫЙ БАНК""",2007,61000.0,63024.0,,,12360.0,24584.0,19054.0,20737.0,20396.0,39530.0,19303.0,141012.0,99879.0,5000.0,5000.0,,,5610.0,19925.0,205.0,0.0,9566.0,231.0,148444.0,276.0,0.0,1129.0,,,,,,,,,,,,,,,,,,,,,,,,,,,,,,,,,,,,,,,,,,,,,,,,,,,,,,,,,,,,,,,1,2007-01-01,2007-Q1,,,,,,,,,,,Требуется ручная проверка,0,
930,"ЗАО ""НОВЫЙ ПРОМЫШЛЕННЫЙ БАНК""",2007,61000.0,63024.0,,,9760.0,6570.0,4822.0,24629.0,20504.0,25255.0,11220.0,179025.0,133892.0,5000.0,5000.0,,,6027.0,6211.0,67.0,0.0,3047.0,107.0,35218.0,432.0,0.0,802.0,,,,,,,,,,,,,,,,,,,,,,,,,,,,,,,,,,,,,,,,,,,,,,,,,,,,,,,,,,,,,,,2,2007-04-01,2007-Q2,,,,,,,,,,,Требуется ручная проверка,0,
930,"ЗАО ""НОВЫЙ ПРОМЫШЛЕННЫЙ БАНК""",2007,61000.0,63845.0,,,12739.0,19842.0,11096.0,24140.0,18060.0,8026.0,,186028.0,143828.0,5000.0,5000.0,,,4885.0,12987.0,189.0,0.0,12673.0,244.0,79977.0,504.0,0.0,1705.0,,,,,,,,,,,,,,,,,,,,,,,,,,,,,,,,,,,,,,,,,,,,,,,,,,,,,,,,,,,,,,,3,2007-07-01,2007-Q3,,,,,,,,,,,Требуется ручная проверка,0,
930,"ЗАО ""НОВЫЙ ПРОМЫШЛЕННЫЙ БАНК""",2007,151000.0,153845.0,,,10316.0,60468.0,60343.0,20887.0,27669.0,6715.0,,212113.0,163557.0,,,,,5977.0,20121.0,206.0,0.0,25053.0,331.0,168713.0,561.0,0.0,1802.0,,,,,,,,,,,,,,,,,,,,,,,,,,,,,,,,,,,,,,,,,,,,,,,,,,,,,,,,,,,,,,,4,2007-10-01,2007-Q4,,,,,,,,,,,Требуется ручная проверка,0,
930,"ЗАО ""НОВЫЙ ПРОМЫШЛЕННЫЙ БАНК""",2008,151000.0,153845.0,,,16576.0,35862.0,96099.0,26144.0,47036.0,,,345355.0,272175.0,,,,,6972.0,31458.0,206.0,0.0,27411.0,367.0,273004.0,775.0,0.0,3318.0,,,,,,,,,,,,,,,,,,,,,,,,,,,,,,,,,,,,,,,,,,,,,,,,,,,,,,,,,,,,,,,1,2008-01-01,2008-Q1,,,,,,,,,,,Требуется ручная проверка,0,
930,"ЗАО ""НОВЫЙ ПРОМЫШЛЕННЫЙ БАНК""",2008,181000.0,185624.0,1779.0,564.0,18238.0,73101.0,41419.0,11919.0,52558.0,,,405466.0,340989.0,,,,,12017.0,12904.0,63.0,0.0,4229.0,448.0,72005.0,53880.0,0.0,793.0,,,,,,,,,,,,151.0,12752.0,1.0,19.0,0.0,0.0,,,,,,,,,,,,,,,,,,,,,,,,,,,,,,,,,,,,,,,,,,,,,,2,2008-04-01,2008-Q2,,,,,,,,,,,Требуется ручная проверка,0,
930,"ЗАО ""НОВЫЙ ПРОМЫШЛЕННЫЙ БАНК""",2008,181000.0,184982.0,1137.0,564.0,13385.0,80837.0,104727.0,13568.0,45212.0,,,405617.0,346837.0,,,,,9090.0,27899.0,93.0,56.0,15499.0,1151.0,195143.0,147133.0,0.0,2605.0,,,,,,,,,,,,305.0,27412.0,182.0,19.0,0.0,0.0,,,,,,,,,,,,,,,,,,,,,,,,,,,,,,,,,,,,,,,,,,,,,,3,2008-07-01,2008-Q3,,,,,,,,,,,Требуется ручная проверка,0,
930,"ЗАО ""НОВЫЙ ПРОМЫШЛЕННЫЙ БАНК""",2008,181000.0,186758.0,2262.0,1166.0,16773.0,45096.0,51128.0,22033.0,67429.0,,,496150.0,406688.0,,,,,15477.0,45886.0,125.0,56.0,32401.0,4696.0,364196.0,274028.0,0.0,3747.0,,,,,,,,,,,,602.0,43952.0,1332.0,19.0,0.0,5.0,,,,,,,,,,,,,,,,,,,,,,,,,,,,,,,,,,,,,,,,,,,,,,4,2008-10-01,2008-Q4,,,,,,,,,,,Требуется ручная проверка,0,
930,"ЗАО ""НОВЫЙ ПРОМЫШЛЕННЫЙ БАНК""",2009,181000.0,186782.0,2286.0,1166.0,27414.0,413124.0,1164.0,13428.0,79520.0,,,497079.0,404131.0,2450.0,2450.0,,,1128.0,62915.0,391.0,56.0,55804.0,10131.0,497077.0,363866.0,0.0,8207.0,,,,,,,,,,,,612.0,60241.0,2062.0,19.0,34.0,29.0,,,,,,,,,,,,,,,,,,,,,,,,,,,,,,,,,,,,,,,,,,,,,,1,2009-01-01,2009-Q1,,,,,,,,,,,Требуется ручная проверка,0,
930,"ЗАО ""НОВЫЙ ПРОМЫШЛЕННЫЙ БАНК""",2009,181000.0,184496.0,,1166.0,38021.0,52939.0,1489.0,14079.0,79380.0,,,517795.0,424336.0,5141.0,5141.0,,,1276.0,21175.0,478.0,0.0,14351.0,5658.0,123532.0,77511.0,1939.0,2183.0,,,,,,,,,,,,11.0,21164.0,0.0,0.0,70.0,0.0,,,,,,,,,,,,,,4122.0,,,,,,,,,,,,,,,,,,,,,,,,,,,,,,,,2,2009-04-01,2009-Q2,,,,,,,,,,,Требуется ручная проверка,0,
930,"ЗАО ""НОВЫЙ ПРОМЫШЛЕННЫЙ БАНК""",2009,181000.0,184496.0,,1166.0,27605.0,28214.0,51299.0,42963.0,54442.0,,,526409.0,429004.0,4536.0,4536.0,,,900.0,37996.0,1039.0,0.0,25797.0,10093.0,200415.0,122633.0,886.0,2717.0,,,,,,,,,,,,12.0,37984.0,0.0,0.0,136.0,75.0,,,,,,,,,,,,,,3603.0,,,,,,,,,,,,,,,,,,,,,,,,,,,,,,,,3,2009-07-01,2009-Q3,,,,,,,,,,,Требуется ручная проверка,0,
930,"ЗАО ""НОВЫЙ ПРОМЫШЛЕННЫЙ БАНК""",2009,181000.0,187430.0,,2780.0,32451.0,48720.0,76323.0,52842.0,54809.0,,,543898.0,436247.0,2500.0,2500.0,,,3951.0,60885.0,1698.0,0.0,31693.0,10848.0,333136.0,220900.0,1795.0,3850.0,,,,,,,,,,,,13.0,60419.0,453.0,0.0,202.0,199.0,,,,,,,,,,,,,,5645.0,,,,,,,,,,,,,,,,,,,,,,,,,,,,,,,,4,2009-10-01,2009-Q4,,,,,,,,,,,Требуется ручная проверка,0,
930,"ЗАО ""НОВЫЙ ПРОМЫШЛЕННЫЙ БАНК""",2010,181000.0,187430.0,,2780.0,37980.0,145293.0,191253.0,124192.0,40292.0,,,670725.0,506241.0,2900.0,2900.0,,,6255.0,79752.0,2415.0,0.0,38161.0,11895.0,508589.0,365613.0,1856.0,5481.0,,,,,,,,,,,,13.0,79569.0,170.0,0.0,286.0,322.0,,,,,,,,,,,,,,7337.0,,,,,,,,,,,,,,,,,,,,,,,,,,,,,,,,1,2010-01-01,2010-Q1,,,,,,,,,,,Требуется ручная проверка,0,
930,"ЗАО ""НОВЫЙ ПРОМЫШЛЕННЫЙ БАНК""",2010,181000.0,187430.0,,2780.0,26478.0,45092.0,141258.0,173118.0,47827.0,,,758957.0,538012.0,2900.0,2900.0,,,10737.0,19894.0,725.0,0.0,4549.0,367.0,99661.0,73882.0,60.0,2045.0,,,,,,,,,,,,0.0,19833.0,61.0,0.0,121.0,225.0,,,,,,,,,,,,,,2105.0,,,,,,,,,,,,,,,,,,,,,,,,,,,,,,,,2,2010-04-01,2010-Q2,,,,,,,,,,,Требуется ручная проверка,0,
930,"ЗАО ""Новый Промышленный Банк""",2010,181000.0,187430.0,,2780.0,55640.0,65575.0,61280.0,173677.0,43205.0,,,776590.0,559708.0,95000.0,95000.0,,,9809.0,41860.0,2774.0,0.0,10280.0,2317.0,303605.0,227846.0,3480.0,2461.0,,,,,,,,,,,,3.0,41219.0,638.0,4.0,1578.0,347.0,,,,,,,,,,,,,,5941.0,,,,,,,,,,,,,,,,,,,,,,,,,,,,,,,,3,2010-07-01,2010-Q3,,,,,,,,,,,Требуется ручная проверка,0,
930,"ЗАО ""Новый Промышленный Банк""",2010,181000.0,192636.0,,7726.0,44915.0,106320.0,171287.0,179429.0,44746.0,,,805874.0,581699.0,97300.0,97300.0,,,9752.0,63990.0,5197.0,0.0,14257.0,2630.0,446832.0,339163.0,5328.0,3511.0,,,,,,,,,,,,4.0,63013.0,973.0,4.0,3304.0,470.0,,,,,,,,,,,,,,8839.0,,,,,,,,,,,,,,,,,,,,,,,,,,,,,,,,4,2010-10-01,2010-Q4,,,,,,,,,,,Требуется ручная проверка,0,
930,"ЗАО ""Новый Промышленный Банк""",2011,,,,,,,,,,,,,,,,,,,87509.0,7221.0,0.0,19582.0,3279.0,619725.0,476998.0,6259.0,5879.0,,,,,,,,,,,,4.0,85932.0,1573.0,4.0,4603.0,594.0,,,,,,,,,,,,,,12138.0,,,,,,,,,,,,,,,,,,,,,,,,,,,,,,,,1,2011-01-01,2011-Q1,,,,,,,,,,,Требуется ручная проверка,0,
930,"ЗАО ""Новый Промышленный Банк""",2011,181000.0,192636.0,,7726.0,55206.0,66256.0,241218.0,239632.0,44990.0,,,836139.0,551517.0,88255.0,88255.0,,,15631.0,24371.0,3074.0,0.0,5854.0,933.0,180128.0,146231.0,1288.0,1041.0,,,,,,,,,,,,562.0,22641.0,1168.0,562.0,1552.0,276.0,,,,,,,,,,,,,,2329.0,,,,,,,,,,28.56,55.66,62.0,78.59,240.22,0.0,0.06,0.0,,,,,,,,,,,,,,,2,2011-04-01,2011-Q2,,,,,,,,,,,Требуется ручная проверка,0,
930,"ЗАО ""Новый Промышленный Банк""",2011,,,,,,,,,,,,,,,,,,,48976.0,6057.0,0.0,13077.0,2343.0,474020.0,390219.0,3746.0,2899.0,,,,,,,,,,,,1809.0,45125.0,2042.0,1808.0,2629.0,477.0,,,,,,,,,,,,,,6645.0,,,,,,,,,,22.74,80.02,81.26,60.16,268.81,0.0,0.04,0.0,,,,,,,,,,,,,,,3,2011-07-01,2011-Q3,,,,,,,,,,,Требуется ручная проверка,0,
930,"ЗАО ""Новый Промышленный Банк""",2011,181000.0,198395.0,,13195.0,54959.0,39277.0,219394.0,207847.0,21865.0,,,807224.0,577512.0,88851.0,88851.0,,,17912.0,84970.0,9737.0,0.0,22189.0,3935.0,902971.0,747927.0,5876.0,6469.0,,,,,,,,,,,,3662.0,78417.0,2891.0,3644.0,3889.0,705.0,,,,,,,,,,,,,,12345.0,,,,,,,,,,19.36,82.88,82.82,100.86,305.57,0.0,0.4,0.0,,,,,,,,,,,,,,,4,2011-10-01,2011-Q4,,,,,,,,,,,Требуется ручная проверка,0,
930,"ЗАО ""Новый Промышленный Банк""",2012,,,,,,,,,,,,,,,,,,,116061.0,15824.0,0.0,31884.0,4998.0,1370129.0,1147307.0,5876.0,20106.0,,,,,,,,,,,,6227.0,106204.0,3630.0,6164.0,6862.0,934.0,,,,,,,,,,,,,,25982.0,,,,,,,,,,32.19,40.98,96.64,11.42,167.69,0.0,0.31,0.0,,,,,,,,,,,,,,,1,2012-01-01,2012-Q1,,,,,,,,,,,Требуется ручная проверка,0,
930,"ЗАО ""Новый Промышленный Банк""",2012,250000.0,267395.0,,13195.0,58334.0,60231.0,301398.0,73367.0,75580.0,,,708771.0,559824.0,135310.0,135310.0,,,32708.0,30715.0,6915.0,0.0,6109.0,583.0,360946.0,314703.0,0.0,2772.0,,,,,,,,,,,,2525.0,26710.0,1480.0,2493.0,3853.0,226.0,,,,,,,,,,,,,,2772.0,,,,,,,,,,30.89,113.5,114.19,10.72,178.49,0.0,0.28,0.0,,,,,,,,,,,,,,,2,2012-04-01,2012-Q2,,,,,,,,,,,Требуется ручная проверка,0,
930,"ЗАО ""Новый Промышленный Банк""",2012,250000.0,267395.0,,13195.0,56324.0,108497.0,241538.0,75260.0,26179.0,,,766937.0,665498.0,120142.0,120142.0,,,23997.0,69543.0,14029.0,0.0,16546.0,2343.0,883488.0,770036.0,2255.0,5300.0,,,,,,,,,,,,6018.0,60206.0,3319.0,5894.0,6902.0,467.0,,,,,,,,,,,,,,7555.0,,,,,,,,,,26.28,104.09,103.93,15.14,229.36,0.0,0.0,0.0,,,,,,,,,,,,,,,3,2012-07-01,2012-Q3,,,,,,,,,,,Требуется ручная проверка,0,
930,"ЗАО ""Новый Промышленный Банк""",2012,250000.0,281154.0,,26254.0,52991.0,75405.0,456532.0,93743.0,27100.0,,,934434.0,813591.0,104431.0,104431.0,,,23701.0,109086.0,20971.0,0.0,24947.0,3580.0,1358757.0,1188362.0,2376.0,6504.0,,,,,,,,,,,,9799.0,93565.0,5722.0,9665.0,9456.0,741.0,,,,,,,,,,,,,,8880.0,,,,,,,,,,21.42,79.15,85.13,52.95,283.71,0.0,0.0,0.0,,,,,,,,,,,,,,,4,2012-10-01,2012-Q4,,0409135,,,,,,,,,Требуется ручная проверка,0,
930,"ЗАО ""Новый Промышленный Банк""",2013,250000.0,281154.0,,26254.0,49933.0,120839.0,486482.0,67657.0,21723.0,,,871872.0,782492.0,14350.0,14350.0,,,27379.0,148998.0,27036.0,0.0,32354.0,4471.0,1873252.0,1677234.0,1622.0,36645.0,,,,,,,,,,,,14478.0,127321.0,7199.0,13435.0,11168.0,970.0,,,,,,,,,,,,,,38267.0,,,,,,,,,,28.1,57.89,74.32,33.56,168.0,0.0,0.0,0.0,,,,,,,,,,,,,,,1,2013-01-01,2013-Q1,,,,,,,,,,,Требуется ручная проверка,0,
930,"ЗАО ""Новый Промышленный Банк""",2013,250000.0,281154.0,,26254.0,48788.0,67369.0,295000.0,77889.0,64134.0,,,997393.0,855370.0,12021.0,12021.0,,,24940.0,39611.0,4507.0,0.0,5433.0,433.0,362070.0,326121.0,1566.0,16864.0,,,,,,,,,,,,5524.0,33038.0,1049.0,3699.0,260.0,170.0,,,,,,,,,,,,,,18430.0,,,,,,,,,,26.34,68.52,65.94,22.74,199.2,0.0,0.0,0.0,,,,,,,,,579386.0,,,,,,2,2013-04-01,2013-Q2,,0409135,,,,,,,,,Требуется ручная проверка,0,
930,"ЗАО ""Новый Промышленный Банк""",2013,250000.0,317126.0,,60426.0,49781.0,56062.0,375000.0,83247.0,72329.0,,,1001668.0,846092.0,12085.0,12085.0,,,25263.0,82637.0,6350.0,0.0,16172.0,3516.0,858604.0,748564.0,6594.0,9582.0,,,,,,,,,,,,8316.0,72934.0,1387.0,4932.0,515.0,268.0,,,,,,,,,,,,,,16176.0,,,,,,,,,,27.25,51.65,71.88,19.32,189.19,0.0,0.0,0.0,,,,,,,,,410335.0,,,,,,3,2013-07-01,2013-Q3,,0409135,,,,,,,,,Требуется ручная проверка,0,
930,"ЗАО ""Новый Промышленный Банк""",2013,250000.0,317126.0,,60426.0,48072.0,35623.0,480000.0,131591.0,59575.0,,,1238045.0,1046879.0,30180.0,30180.0,,,30768.0,129261.0,7174.0,0.0,21867.0,4506.0,1319347.0,1152438.0,7212.0,18536.0,,,,,,,,,,,,10179.0,117120.0,1962.0,4932.0,1003.0,340.0,,,,,,,,,,,,,,25748.0,,,,,,,,,,23.46,67.28,80.63,17.39,228.17,0.0,0.0,0.0,,,,,,,,,991704.0,,,,,,4,2013-10-01,2013-Q4,,0409135,,,,,,,,,Требуется ручная проверка,0,
930,"ЗАО ""Новый Промышленный Банк""",2014,250000.0,317126.0,,60426.0,37822.0,80155.0,200000.0,123234.0,59004.0,,,1123738.0,941500.0,47720.0,47720.0,,490.0,36721.0,171560.0,8473.0,0.0,29249.0,5213.0,1593222.0,1375100.0,12002.0,29189.0,,,,,,,,,,,,11463.0,157901.0,2196.0,4932.0,1937.0,484.0,,,,,,,,,,,,,,41191.0,,,,,,,,,,27.44,36.02,62.65,16.67,190.2,0.0,0.02,0.0,,,,,,,,,191859.0,,,,,,1,2014-01-01,2014-Q1,,,,,,,,,,,Требуется ручная проверка,0,
930,"ЗАО ""Новый Промышленный Банк""",2014,250000.0,317126.0,,60426.0,25947.0,98177.0,300000.0,99016.0,78224.0,,,1105278.0,928038.0,87452.0,87452.0,,496.0,18689.0,35728.0,1750.0,0.0,4973.0,1298.0,342256.0,288914.0,3207.0,1461.0,0.0,0.0,,0.0,0.0,,,,,,,385.0,34454.0,889.0,0.0,1331.0,193.0,,,,,,,,,,,,,,4668.0,,,,,28.27,28.27,30.87,,,,77.72,72.76,7.67,169.52,0.0,0.01,0.0,,,,,,,,,398998.0,,,,,328524.0,2,2014-04-01,2014-Q2,,,,,,,,,,,Требуется ручная проверка,0,
930,"ЗАО ""Новый Промышленный Банк""",2014,250000.0,,0.0,86733.0,,,,,,,,,,,,,,,69556.0,3383.0,0.0,9330.0,1843.0,688745.0,590808.0,3564.0,2500.0,0.0,0.0,,0.0,0.0,,,,,,,499.0,66907.0,2150.0,0.0,2620.0,302.0,,,,,,,,,,,,,,6064.0,,,,,30.32,30.32,30.32,,,,80.51,73.76,11.27,153.77,0.0,0.0,0.0,,,,,,,,,376585.0,,,,,336038.0,3,2014-07-01,2014-Q3,,,,,,,,,,,Требуется ручная проверка,0,
930,"ЗАО ""Новый Промышленный Банк""",2014,250000.0,344833.0,,86733.0,30412.0,43759.0,240000.0,111837.0,140422.0,,,1094375.0,842116.0,31150.0,31150.0,,499.0,15335.0,102312.0,4103.0,0.0,15219.0,3063.0,987424.0,835358.0,7427.0,455.0,0.0,0.0,,0.0,0.0,,,,,,,547.0,99529.0,2236.0,0.0,3003.0,412.0,,,,,,,,,,,,,,7882.0,,,,,33.23,33.23,33.23,,,,86.77,92.71,22.34,128.23,0.0,0.0,0.0,,,,,,,,,351342.0,,,,,340451.0,4,2014-10-01,2014-Q4,,,,,,,,,,,Требуется ручная проверка,0,
930,"ЗАО ""Новый Промышленный Банк""",2015,250000.0,344833.0,,86733.0,85533.0,47968.0,220000.0,92844.0,163605.0,,,1029164.0,772715.0,28650.0,28650.0,,528.0,14357.0,138455.0,4810.0,0.0,30614.0,10103.0,1514283.0,1267058.0,5464.0,12065.0,0.0,0.0,,0.0,0.0,,,,,,,595.0,135559.0,2301.0,18.0,3443.0,522.0,,,,,,,,,,,,,,17529.0,,,,,30.25,30.25,31.23,,,,51.44,84.75,26.66,126.01,0.91,0.91,0.0,,,,,,,,,227692.0,,,,,356052.0,1,2015-01-01,2015-Q1,,,,,,,,,,,Требуется ручная проверка,0,
930,"ЗАО ""Новый Промышленный Банк""",2015,250000.0,344833.0,,86733.0,63520.0,25384.0,190000.0,92560.0,124494.0,,,1133765.0,916711.0,5510.0,5510.0,,556.0,17048.0,45157.0,958.0,0.0,8383.0,3118.0,411704.0,310434.0,0.0,452.0,0.0,0.0,,0.0,0.0,,,,,,,221.0,44203.0,733.0,0.0,560.0,388.0,,,,,,,,,,,,,,452.0,,,,,35.25,35.25,36.3,,,,75.01,76.11,28.77,121.6,1.05,1.05,0.0,,,,,,,,,244822.0,,,,,354887.0,2,2015-04-01,2015-Q2,,,,,,,,,,,Требуется ручная проверка,0,
930,"ЗАО ""Новый Промышленный Банк""",2015,250000.0,355137.0,,96517.0,34875.0,23216.0,205000.0,102732.0,141931.0,,,1073418.0,828755.0,0.0,0.0,,536.0,11157.0,83914.0,972.0,0.0,13712.0,4883.0,795094.0,618898.0,680.0,6425.0,0.0,0.0,,0.0,0.0,,,,,,,247.0,82799.0,868.0,0.0,565.0,388.0,,,,,,,,,,,,,,5745.0,,,,,36.45,36.45,37.03,,,,100.36,99.64,32.71,116.93,0.9,0.97,0.0,,,,,,,,,377408.0,,,,,360809.0,3,2015-07-01,2015-Q3,,,,,,,,,,,Требуется ручная проверка,0,
930,"ЗАО ""Новый Промышленный Банк""",2015,250000.0,,0.0,96517.0,,,,,,,,,,,,,,,121814.0,991.0,0.0,19685.0,6674.0,1083243.0,819087.0,559.0,10388.0,0.0,0.0,,0.0,0.0,,,,,,,315.0,120285.0,1214.0,0.0,574.0,388.0,,,,,,,,,,,,,,10947.0,,,,,32.54,32.54,33.41,,,,82.49,86.08,22.04,133.94,0.89,0.89,0.0,,,,,,,,,328089.0,,,,,364572.0,4,2015-10-01,2015-Q4,,,,,,,,,,,Требуется ручная проверка,0,
930,"ЗАО ""Новый Промышленный Банк""",2016,250000.0,355137.0,0.0,96517.0,50177.0,30694.0,260000.0,80526.0,174658.0,0.0,,1138869.0,883685.0,18917.0,18917.0,,1046.0,11362.0,162512.0,1007.0,0.0,25716.0,8521.0,1466713.0,1135770.0,5901.0,29520.0,0.0,0.0,,0.0,0.0,,,,,,,430.0,160354.0,1.0,0.0,582.0,388.0,,,,,,,,,,,,,,35421.0,,,,,32.97,32.97,35.6,,,,71.19,96.35,17.38,95.99,0.2,0.2,0.0,,,,,,,,,316057.0,,,,,383406.0,1,2016-01-01,2016-Q1,,,,,,,,,,,Требуется ручная проверка,0,
930,"ЗАО ""Новый Промышленный Банк""",2016,250000.0,355254.0,117.0,96517.0,50879.0,39134.0,330000.0,92811.0,136358.0,21344.0,,1053614.0,824445.0,,,,1116.0,14755.0,38551.0,5.0,0.0,0.0,0.0,149225.0,67563.0,2214.0,31024.0,0.0,0.0,,0.0,0.0,,,,,,,403.0,37002.0,359.0,0.0,0.0,0.0,,,,,,,,,,,,,,33238.0,,,0.0,31024.0,25.42,25.42,29.6,,,,102.15,102.91,15.03,98.81,0.0,0.0,0.0,,,,,,,,,526323.0,,,,,413075.0,2,2016-04-01,2016-Q2,,,,,,,,,,,Требуется ручная проверка,0,
930,"ЗАО ""Новый Промышленный Банк""",2016,250000.0,,0.0,122913.0,,,,,,,,,,,,,,,75449.0,9.0,0.0,0.0,1.0,276572.0,135642.0,12486.0,5572.0,0.0,0.0,,0.0,0.0,,,,,,,449.0,72423.0,990.0,0.0,0.0,0.0,,,,,,,,,,,,,,18058.0,,,0.0,5572.0,28.08,28.08,28.44,,,,92.05,92.32,22.68,84.9,0.72,1.18,0.0,,,,,,,,,324405.0,,,,,387481.0,3,2016-07-01,2016-Q3,,,,,,,,,,,Требуется ручная проверка,0,
930,"АО ""Новый Промышленный Банк""",2016,250000.0,383005.0,72.0,122913.0,38468.0,34606.0,220000.0,92346.0,167453.0,114845.0,,998215.0,738416.0,,,,962.0,11369.0,116461.0,13.0,0.0,0.0,1.0,440719.0,153721.0,13439.0,39020.0,0.0,0.0,,0.0,0.0,,,,,,,455.0,109849.0,3650.0,0.0,0.0,0.0,,,,,,,,,,,,,,25581.0,,,0.0,39020.0,35.28,35.28,35.28,,,,105.99,108.0,32.55,112.15,0.81,1.21,0.0,,,,,,,,,326834.0,,,,,343036.0,4,2016-10-01,2016-Q4,,,,,,,,,,,Требуется ручная проверка,0,
930,"АО ""Новый Промышленный Банк""",2017,250000.0,383043.0,110.0,122913.0,40452.0,32129.0,230000.0,78039.0,128251.0,140715.0,,954490.0,748200.0,0.0,0.0,,962.0,13304.0,152790.0,174.0,0.0,0.0,3.0,538251.0,203657.0,23694.0,45010.0,0.0,0.0,,0.0,0.0,,,,,,,528.0,142382.0,6378.0,0.0,16.0,0.0,,,,,,,,,,,,,,21316.0,,,0.0,45010.0,32.96,32.96,32.96,,,,35.3,112.04,26.46,118.56,1.12,1.39,0.0,,,,,,,,,153471.0,,,,,336776.0,1,2017-01-01,2017-Q1,,,,,,,,,,,Требуется ручная проверка,0,
930,"АО ""Новый Промышленный Банк""",2017,250000.0,383059.0,126.0,122913.0,50852.0,36381.0,330000.0,94210.0,135982.0,174556.0,,894701.0,664509.0,,,,962.0,18870.0,35653.0,55.0,0.0,0.0,0.0,70022.0,24471.0,5142.0,45.0,0.0,0.0,,0.0,0.0,,,,,,,141.0,32331.0,2983.0,0.0,51.0,0.0,,,,,,,,,,,,,,5187.0,,,0.0,45.0,36.14,36.14,36.14,,,,123.43,123.37,21.331,105.372,1.154,1.296,0.0,,,,,,,,,425818.0,,,,,327147.0,2,2017-04-01,2017-Q2,,,,,,,,,,,Требуется ручная проверка,0,
930,"АО ""Новый Промышленный Банк""",2017,250000.0,328490.0,264.0,68206.0,55568.0,43809.0,340000.0,80585.0,165254.0,179206.0,,762637.0,516798.0,,,,962.0,14414.0,62763.0,58.0,0.0,0.0,0.0,184161.0,51142.0,5661.0,19484.0,0.0,0.0,,0.0,0.0,,,,,,,171.0,56136.0,6258.0,0.0,51.0,0.0,,,,,,,,,,,,,,13823.0,,,0.0,19484.0,35.787,35.787,35.787,,,,168.373,168.895,20.285,90.563,1.065,1.065,0.0,,,,,,,,,527547.0,,,,,307409.0,3,2017-07-01,2017-Q3,,,,,,,,,,,Требуется ручная проверка,0,
930,"АО ""Новый Промышленный Банк""",2017,250000.0,328226.0,,68206.0,36248.0,29454.0,370000.0,103626.0,191928.0,158418.0,,749798.0,454244.0,,,,1031.0,13017.0,79505.0,61.0,0.0,0.0,548.0,239451.0,65168.0,13859.0,63888.0,0.0,0.0,,0.0,0.0,,,,,,,177.0,76200.0,2060.0,0.0,51.0,0.0,,,,,,,,,,,,,,50029.0,,,0.0,63888.0,36.185,36.185,36.185,,,,124.288,164.194,35.007,75.062,2.38,2.812,0.0,,,,,,,,,374163.0,,,,,262628.0,4,2017-10-01,2017-Q4,,,,,,,,,,,Требуется ручная проверка,0,
930,"АО ""Новый Промышленный Банк""",2018,250000.0,328226.0,,68206.0,34565.0,93713.0,240000.0,126143.0,221524.0,142497.0,,811020.0,463353.0,,,,1119.0,12079.0,98659.0,65.0,0.0,0.0,548.0,292555.0,88093.0,13948.0,61847.0,0.0,0.0,,0.0,0.0,,,,,,,181.0,93454.0,2060.0,0.0,51.0,0.0,,,,,,,,,,,,,,75795.0,,,0.0,61847.0,44.482,44.482,52.854,,,,32.236,148.439,21.407,52.651,1.608,1.608,0.0,,,,,,,,,92579.0,,,,,388565.0,1,2018-01-01,2018-Q1,,,,,,,,,,,Требуется ручная проверка,0,
930,"АО ""Новый Промышленный Банк""",2018,250000.0,328226.0,,68206.0,55495.0,30004.0,330000.0,144962.0,371540.0,,,836730.0,320228.0,,,,201052.0,13086.0,34292.0,20.0,0.0,0.0,0.0,46534.0,23483.0,5535.0,119117.0,0.0,0.0,,0.0,0.0,,,,,,,20.0,16384.0,16002.0,0.0,0.0,16.0,,,,,,,,,,,,,,119117.0,,,0.0,119117.0,32.293,32.293,41.941,33.42,,,92.885,129.366,15.857,64.185,2.332,2.332,0.0,,,,,,,,,333878.0,,,,,268051.0,2,2018-04-01,2018-Q2,,,,,,,,,,,Требуется ручная проверка,0,
930,"АО ""Новый Промышленный Банк""",2018,250000.0,328226.0,,68206.0,30522.0,27725.0,175000.0,146785.0,377920.0,,,829812.0,305107.0,,,,201251.0,10357.0,49292.0,167.0,0.0,0.0,0.0,96510.0,38869.0,5194.0,126066.0,0.0,0.0,,0.0,0.0,,,,,,,28.0,29934.0,16002.0,0.0,0.0,159.0,,,,,,,,,,,,,,120872.0,,,0.0,126066.0,47.079,47.079,47.079,45.349,,,108.131,143.217,11.678,53.765,2.392,2.392,0.0,,,,,,,,,342410.0,,,,,261252.0,3,2018-07-01,2018-Q3,,,,,,,,,,,Требуется ручная проверка,0,
931,"ОАО ""НВКБАНК""",2010,300000.0,408808.0,28151.0,68488.0,52998.0,74009.0,418.0,154383.0,130397.0,,,1803403.0,1518623.0,1346814.0,56751.0,1290059.0,,12086.0,319151.0,168354.0,,142402.0,125689.0,1380522.0,661079.0,6673.0,26319.0,,,,,,,,,,,,161.0,271551.0,49.0,14595.0,6458.0,3954.0,,,,,,,,,,,,,,32992.0,,,,,,,,,,,,,,,,,,,,,,,,,,,,,,,,1,2010-01-01,2010-Q1,,,,,,,,,,,Требуется ручная проверка,0,
931,"ОАО ""НВКБАНК""",2010,300000.0,408808.0,28151.0,68488.0,48125.0,404455.0,421.0,116853.0,182329.0,0.0,,1581062.0,1281880.0,1752202.0,119400.0,1632799.0,,15049.0,88052.0,57742.0,,8551.0,1061.0,316272.0,176943.0,,894.0,,,,,,,,,,,,230.0,57357.0,90.0,,3076.0,314.0,,,,,,,,,,,,,,894.0,,,,,,,,,,,,,,,,,,,,,,,,,,,,,,,,2,2010-04-01,2010-Q2,,,,,,,,,,,Требуется ручная проверка,0,
931,"ОАО ""НВКбанк""",2010,300000.0,413901.0,28151.0,73071.0,61944.0,200203.0,95427.0,131717.0,165469.0,224280.0,,2006979.0,1709793.0,1950755.0,90755.0,1859996.0,,17078.0,201051.0,123300.0,,24874.0,7006.0,615186.0,281035.0,3034.0,816.0,,,,,,,,,,,,416.0,138369.0,6217.0,149.0,5814.0,739.0,,,,,,,,,,,,,,3850.0,,,,,,,,,,,,,,,,,,,,,,,,,,,,,,,,3,2010-07-01,2010-Q3,,,,,,,,,,,Требуется ручная проверка,0,
931,"ОАО ""НВКбанк""",2010,300000.0,413901.0,28151.0,73071.0,51230.0,417568.0,429.0,127737.0,22180.0,323675.0,,1823885.0,1673968.0,2170264.0,75465.0,2094795.0,,18613.0,284843.0,192260.0,,34048.0,7912.0,926703.0,456880.0,3180.0,1365.0,,,,,,,,,,,,763.0,207331.0,14353.0,149.0,7769.0,789.0,,,,,,,,,,,,,,4545.0,,,,,,,,,,,,,,,,,,,,,,,,,,,,,,,,4,2010-10-01,2010-Q4,,,,,,,,,,,Требуется ручная проверка,0,
931,"ОАО ""НВКбанк""",2011,,,,,,,,,,,,,,,,,,,375016.0,259861.0,,57385.0,15519.0,1294024.0,678720.0,3292.0,23841.0,,,,,,,,,,,,1423.0,282461.0,23512.0,149.0,8969.0,898.0,,,,,,,,,,,,,,27133.0,,,,,,,,,,,,,,,,,,,,,,,,,,,,,,,,1,2011-01-01,2011-Q1,,,,,,,,,,,Требуется ручная проверка,0,
931,"ОАО ""НВКбанк""",2011,300000.0,413901.0,28151.0,73071.0,48417.0,58616.0,150472.0,247668.0,23722.0,26513.0,,2783009.0,2511619.0,2433320.0,30900.0,2402416.0,,21080.0,89439.0,64240.0,,21584.0,4740.0,269336.0,132493.0,2656.0,12693.0,,,,,,,,,,,,595.0,85279.0,939.0,1.0,978.0,262.0,,,,,,,,,,,,,,15349.0,,,,,,,,,,15.09,64.85,61.95,48.06,453.98,1.66,1.93,0.0,,,,,,,,,,,,,,,2,2011-04-01,2011-Q2,,,,,,,,,,,Требуется ручная проверка,0,
931,"ОАО ""НВКбанк""",2011,,,,,,,,,,,,,,,,,,,195855.0,122525.0,,41671.0,12346.0,596013.0,294669.0,4453.0,13467.0,,,,,,,,,,,,1109.0,190173.0,1153.0,200.0,1963.0,1261.0,,,,,,,,,,,,,,17920.0,,,,,,,,,,14.06,46.74,77.2,30.2,490.98,1.66,2.06,0.0,,,,,,,,,,,,,,,3,2011-07-01,2011-Q3,,,,,,,,,,,Требуется ручная проверка,0,
931,"ОАО ""НВКбанк""",2011,300000.0,448772.0,43173.0,90935.0,48615.0,47283.0,470.0,263217.0,29398.0,,,3176211.0,2883596.0,2520473.0,30400.0,2490069.0,,36442.0,304319.0,177098.0,,63096.0,26271.0,966563.0,478106.0,4581.0,17222.0,,,,,,,,,,,,1619.0,296706.0,1153.0,389.0,2955.0,1640.0,,,,,,,,,,,,,,21803.0,,,,,,,,,,13.23,53.49,90.32,33.64,515.25,1.64,2.07,0.0,,,,,,,,,,,,,,,4,2011-10-01,2011-Q4,,,,,,,,,,,Требуется ручная проверка,0,
931,"ОАО ""НВКбанк""",2012,,,,,,,,,,,,,,,,,,,411612.0,235028.0,,92884.0,34379.0,1399574.0,702378.0,7431.0,12499.0,,,,,,,,,,,,2688.0,401064.0,1153.0,739.0,3378.0,1713.0,,,,,,,,,,,,,,19930.0,,,,,,,,,,13.77,59.62,170.82,31.54,473.28,0.17,0.54,0.0,,,,,,,,,,,,,,,1,2012-01-01,2012-Q1,,,,,,,,,,,Требуется ручная проверка,0,
931,"ОАО ""НВКбанк""",2012,300000.0,451111.0,45499.0,90948.0,49071.0,171858.0,170858.0,187882.0,148707.0,,,3180415.0,2843826.0,2913948.0,400.0,2913544.0,,42642.0,127431.0,62605.0,,15397.0,1413.0,340208.0,163879.0,2282.0,10809.0,,,,,,,,,,,,1075.0,117834.0,8172.0,49.0,98.0,,,,,,,,,,,,,,,13091.0,,,,,,,,,,11.16,31.59,66.29,35.43,629.51,0.15,0.59,0.0,,,,,,,,,,,,,,,2,2012-04-01,2012-Q2,,,,,,,,,,,Требуется ручная проверка,0,
931,"ОАО ""НВКбанк""",2012,300000.0,451133.0,45521.0,90948.0,42424.0,76579.0,961.0,227458.0,40521.0,,,4088279.0,3820300.0,3326075.0,195000.0,3131071.0,,46715.0,279628.0,138178.0,,36244.0,7534.0,760456.0,350408.0,8938.0,16927.0,,,,,,,,,,,,1604.0,260945.0,16729.0,2657.0,4778.0,463.0,,,,,,,,,,,,,,25865.0,,,,,,,,,,10.85,55.43,81.96,38.93,643.39,0.15,1.17,0.0,,,,,,,,,,,,,,,3,2012-07-01,2012-Q3,,,,,,,,,,,Требуется ручная проверка,0,
931,"ОАО ""НВКбанк""",2012,300000.0,460815.0,45521.0,100294.0,44417.0,116591.0,15957.0,232763.0,41531.0,,,4369244.0,4094950.0,3827675.0,494200.0,3333470.0,,54050.0,445933.0,223825.0,,59844.0,15156.0,1145794.0,517970.0,14750.0,52036.0,,,,,,,,,,,,1786.0,420909.0,22888.0,4513.0,14290.0,834.0,,,,,,,,,,,,,,66786.0,,,,,,,,,,10.54,32.42,80.07,40.87,649.55,0.14,1.09,0.0,,,,,,,,,,,,,,,4,2012-10-01,2012-Q4,,0409135,,,,,,,,,Требуется ручная проверка,0,
931,"ОАО ""НВКбанк""",2013,300000.0,460815.0,45521.0,100294.0,38569.0,353308.0,181181.0,297810.0,58249.0,,,4355743.0,3999684.0,3786736.0,213500.0,3573230.0,,59689.0,622669.0,319950.0,,83891.0,22763.0,1619276.0,761046.0,26409.0,60588.0,,,,,,,,,,,,2437.0,593306.0,26576.0,4933.0,19856.0,1202.0,,,,,,,,,,,,,,86997.0,,,,,,,,,,11.13,76.31,87.33,40.77,616.48,0.12,1.06,0.0,,,,,,,,,,,,,,,1,2013-01-01,2013-Q1,,,,,,,,,,,Требуется ручная проверка,0,
931,"ОАО ""НВКбанк""",2013,300000.0,460815.0,45521.0,100294.0,62072.0,134823.0,1164.0,294121.0,31210.0,,,5216726.0,4891395.0,4166065.0,148000.0,4018058.0,,58262.0,189134.0,106267.0,,17590.0,4415.0,373891.0,162493.0,8350.0,19383.0,,,,,,,,,,,,499.0,185084.0,3551.0,2527.0,3347.0,357.0,,,,,,,,,,,,,,27733.0,,,,,,,,,,10.31,42.09,64.13,31.93,669.58,0.16,0.88,0.0,,,,,,,,,241591.0,,,,,,2,2013-04-01,2013-Q2,,0409135,,,,,,,,,Требуется ручная проверка,0,
931,"ОАО ""НВКбанк""",2013,350000.0,810815.0,345521.0,100294.0,66376.0,94966.0,1201.0,348076.0,34658.0,,,6039857.0,5657123.0,4535548.0,248000.0,4287541.0,,71369.0,415676.0,231644.0,,50591.0,21680.0,815078.0,312718.0,21320.0,32437.0,,,,,,,,,,,,502.0,408033.0,7141.0,10751.0,9186.0,728.0,,,,,,,,,,,,,,53757.0,,,,,,,,,,14.09,50.29,78.95,28.51,432.95,0.43,1.08,0.0,,,,,,,,,255961.0,,,,,,3,2013-07-01,2013-Q3,,0409135,,,,,,,,,Требуется ручная проверка,0,
931,"ОАО ""НВКбанк""",2013,350000.0,869734.0,344376.0,157858.0,65276.0,229401.0,1262.0,341033.0,28170.0,,,6684492.0,6315289.0,5106064.0,350000.0,4756056.0,,79387.0,675533.0,370325.0,,77623.0,36202.0,1273125.0,449510.0,23250.0,39129.0,,,,,,,,,,,,573.0,664190.0,10770.0,21559.0,16277.0,1150.0,,,,,,,,,,,,,,62379.0,,,,,,,,,,13.14,59.76,84.17,31.16,493.04,0.41,1.14,0.0,,,,,,,,,403595.0,,,,,,4,2013-10-01,2013-Q4,,0409135,,,,,,,,,Требуется ручная проверка,0,
931,"ОАО ""НВКбанк""",2014,350000.0,869734.0,344376.0,157858.0,172864.0,210527.0,1260.0,300549.0,120036.0,0.0,,6786699.0,6366114.0,5632128.0,251450.0,5380670.0,,84374.0,934238.0,506410.0,,100410.0,43112.0,1902882.0,773519.0,21936.0,64563.0,,,,,,,,,,,,1195.0,918736.0,952.0,24768.0,20267.0,2918.0,,,,,,,,,,,,,,86499.0,,,,,,,,,,14.45,185.77,160.09,30.45,445.46,0.23,0.87,0.0,,,,,,,,,991241.0,,,,,,1,2014-01-01,2014-Q1,,,,,,,,,,,Требуется ручная проверка,0,
931,"ОАО ""НВКбанк""",2014,350000.0,869734.0,341211.0,161023.0,101199.0,26507.0,406371.0,269306.0,108444.0,495192.0,,6254827.0,5877077.0,6062332.0,170501.0,5891825.0,,97920.0,239444.0,143251.0,,18577.0,9125.0,604799.0,225270.0,2956.0,19386.0,,,,111000.0,111000.0,,,,,,,1359.0,227270.0,7314.0,89.0,5357.0,1178.0,,,,,,,,,,,,,,22342.0,,,,,9.95,9.95,12.38,,,,69.29,136.18,29.48,550.38,0.31,0.95,0.0,,,,,,,,,521383.0,,,,,1034313.0,2,2014-04-01,2014-Q2,,,,,,,,,,,Требуется ручная проверка,0,
931,"ОАО ""НВКбанк""",2014,348962.0,,,187326.0,,,,,,,,,,,,,,,515631.0,300978.0,,56898.0,47763.0,1266418.0,467105.0,14184.0,46383.0,,,,105000.0,105000.0,,,,,,,1453.0,494844.0,11338.0,1471.0,13953.0,2368.0,,,,,,,,,,,,,,32199.0,,,,,9.79,9.79,11.91,,,,45.86,100.35,35.79,548.11,0.3,0.91,0.0,,,,,,,,,317490.0,,,,,1043288.0,3,2014-07-01,2014-Q3,,,,,,,,,,,Требуется ручная проверка,0,
931,"ОАО ""НВКбанк""",2014,350000.0,904068.0,349448.0,187120.0,110179.0,73002.0,1381.0,351015.0,109954.0,220812.0,,7866595.0,7405626.0,6315970.0,221501.0,6094464.0,,104669.0,821320.0,464966.0,,104243.0,67000.0,1935215.0,703467.0,11462.0,49726.0,,,,99000.0,99000.0,,,,,,,1534.0,792025.0,15206.0,6068.0,21986.0,3622.0,,,,,,,,,,,,,,61188.0,,,,,9.48,9.48,11.56,,,,61.89,138.33,35.06,568.56,0.37,1.0,0.0,,,,,,,,,432167.0,,,,,1046129.0,4,2014-10-01,2014-Q4,,,,,,,,,,,Требуется ручная проверка,0,
931,"ОАО ""НВКбанк""",2015,350000.0,904068.0,349448.0,187120.0,100727.0,275893.0,1826.0,343603.0,51778.0,246893.0,,8109850.0,7714469.0,6371180.0,309431.0,6061744.0,,110213.0,1117424.0,625245.0,,293882.0,223125.0,3306007.0,1063322.0,20544.0,69172.0,,,,93000.0,93000.0,,,,,,,1956.0,1079567.0,19359.0,7782.0,29567.0,4830.0,,,,,,,,,,,,,,89716.0,,,,,9.66,9.66,11.95,,,,124.28,137.77,46.83,556.8,0.53,1.12,0.0,,,,,,,,,918832.0,,,,,1061716.0,1,2015-01-01,2015-Q1,,,,,,,,,,,Требуется ручная проверка,0,
931,"ПАО ""НВКбанк""",2015,350000.0,907485.0,352865.0,187120.0,166888.0,141755.0,152326.0,350287.0,71483.0,225348.0,,8268003.0,7846233.0,6985459.0,404269.0,6581185.0,,102335.0,332923.0,253441.0,,40037.0,34000.0,1201853.0,364363.0,4630.0,28627.0,,,,120000.0,120000.0,,,,,,,2528.0,325900.0,4088.0,,13544.0,1203.0,,,,,,,,,,,,,,33257.0,,,,,8.87,8.87,11.13,,,,59.94,129.17,34.28,646.11,1.28,1.71,0.0,,,,,,,,,532786.0,,,,,1076119.0,2,2015-04-01,2015-Q2,,,,,,,,,,,Требуется ручная проверка,0,
931,"ПАО ""НВКбанк""",2015,350000.0,905467.0,350847.0,187120.0,125344.0,259680.0,2003.0,346317.0,77708.0,179729.0,,8726104.0,8302079.0,7401729.0,435604.0,6966120.0,0.0,109190.0,696143.0,520579.0,,116329.0,98289.0,2284315.0,649533.0,13762.0,32983.0,,,,170000.0,170000.0,,,,,,,2658.0,685148.0,7543.0,660.0,29209.0,2101.0,,,,,,,,,,,,,,46745.0,,,,,8.72,8.72,11.01,,,,71.28,149.53,24.97,620.19,0.24,0.65,0.0,,,,,,,,,418451.0,,,,,1129113.0,3,2015-07-01,2015-Q3,,,,,,,,,,,Требуется ручная проверка,0,
931,"ПАО ""НВКбанк""",2015,348962.0,,,224346.0,,,,,,,,,,,,,,,1095156.0,806602.0,,189164.0,160661.0,3514817.0,1026036.0,12195.0,32740.0,,,,270000.0,270000.0,,,,,,,2886.0,1079858.0,11368.0,888.0,52028.0,2718.0,,,,,,,,,,,,,,44935.0,,,,,7.67,7.67,10.56,,,,75.32,108.54,24.22,640.36,0.27,0.62,0.0,,,,,,,,,466427.0,,,,,1230794.0,4,2015-10-01,2015-Q4,,,,,,,,,,,Требуется ручная проверка,0,
931,"ПАО ""НВКбанк""",2016,350000.0,940869.0,357742.0,215627.0,172043.0,498503.0,302563.0,282142.0,254548.0,187903.0,,9620094.0,9083404.0,8746580.0,847226.0,7899349.0,2114.0,130193.0,1491468.0,1088542.0,,237656.0,191037.0,4609399.0,1317184.0,11894.0,44215.0,,,,320000.0,320000.0,,,,,,,4216.0,1471084.0,15040.0,1985.0,71842.0,3508.0,,,,,,,,,,,,,,56109.0,,,,,7.93,7.93,11.26,,,,117.32,159.19,29.39,611.89,0.28,0.57,0.0,,,,,,,,,991456.0,,,,,1266393.0,1,2016-01-01,2016-Q1,,,,,,,,,,,Требуется ручная проверка,0,
931,"ПАО ""НВКбанк""",2016,350000.0,937908.0,354781.0,215627.0,198011.0,132347.0,759.0,289927.0,301132.0,203125.0,,9358963.0,8767904.0,8149111.0,553022.0,7596085.0,2074.0,114093.0,373542.0,387.0,0.0,121.0,0.0,847422.0,258541.0,46.0,25706.0,,,,320000.0,320000.0,,,,,,,1859.0,363179.0,3556.0,387.0,17067.0,779.0,,,,,,,,,,,,,,25752.0,,,1205.0,26772.0,7.67,7.67,10.99,,,,77.41,148.69,34.27,640.66,0.25,0.48,0.0,,,,,,,,,574896.0,,,,,1317734.0,2,2016-04-01,2016-Q2,,,,,,,,,,,Требуется ручная проверка,0,
931,"АО ""НВКбанк""",2016,348962.0,,,250067.0,,,,,,,,,,,,,,,782991.0,838.0,,350.0,,1374324.0,386245.0,1227.0,32050.0,,,,320000.0,320000.0,,,,,,,2708.0,755826.0,6832.0,838.0,35618.0,1558.0,,,,,,,,,,,,,,33277.0,,,4099.0,35000.0,7.44,7.44,10.61,,,,146.17,167.66,40.9,640.87,0.24,0.86,0.0,,,,,,,,,991859.0,,,,,1311840.0,3,2016-07-01,2016-Q3,,,,,,,,,,,Требуется ручная проверка,0,
931,"АО ""НВКбанк""",2016,350000.0,967253.0,355498.0,244255.0,106243.0,453133.0,,354490.0,354067.0,164039.0,,10721452.0,10012895.0,9245016.0,493231.0,8751780.0,2074.0,135573.0,1195254.0,982.0,,500.0,592.0,1824223.0,552444.0,15212.0,28646.0,,,,320000.0,320000.0,,,,,,,2924.0,1151106.0,9678.0,982.0,51216.0,2342.0,,,,,,,,,,,,,,43858.0,,,6599.0,29635.0,7.48,7.48,10.6,,,,132.44,224.37,62.27,620.05,0.24,1.36,0.0,,,,,,,,,1080787.0,,,,,1304683.0,4,2016-10-01,2016-Q4,,,,,,,,,,,Требуется ручная проверка,0,
931,"АО ""НВКбанк""",2017,350000.0,963046.0,351291.0,244255.0,151786.0,215236.0,,287568.0,108333.0,107647.0,,11018296.0,10622395.0,9237382.0,466071.0,8771306.0,2074.0,172350.0,1610855.0,1104.0,,561.0,3510.0,2342953.0,765703.0,20671.0,81921.0,,,,320000.0,320000.0,,,,,,,3013.0,1547877.0,11719.0,1104.0,66010.0,3131.0,,,,,,,,,,,,,,102592.0,,,7057.0,79067.0,7.39,7.39,10.91,,,,53.53,170.17,92.85,619.78,0.22,1.73,0.0,,,,,,,,,665842.0,,,,,1358176.0,1,2017-01-01,2017-Q1,,,,,,,,,,,Требуется ручная проверка,0,
931,"АО ""НВКбанк""",2017,350000.0,962175.0,350420.0,244255.0,99458.0,300184.0,0.0,306618.0,395095.0,100169.0,,11086872.0,10385159.0,9477675.0,537931.0,8939741.0,2074.0,182422.0,380839.0,104.0,,41.0,,415334.0,218945.0,7790.0,76918.0,,,,320000.0,320000.0,,,,,,,151.0,347998.0,1837.0,104.0,16245.0,774.0,,,,,,,,,,,,,,84708.0,,,46.0,76302.0,7.363,7.363,10.599,,,,100.944,172.633,102.11,631.662,0.299,1.43,0.0,,,,,,,,,1117461.0,,,,,1412515.0,2,2017-04-01,2017-Q2,,,,,,,,,,,Требуется ручная проверка,0,
931,"АО ""НВКбанк""",2017,350000.0,962213.0,350455.0,244258.0,106791.0,285555.0,3033.0,422881.0,645615.0,98469.0,,12130450.0,11061954.0,9759262.0,856220.0,8903039.0,2074.0,186426.0,777147.0,160.0,,111.0,1038.0,829736.0,381188.0,42187.0,83275.0,,,,320000.0,320000.0,,,,,,,678.0,727373.0,3576.0,160.0,38296.0,1547.0,,,,,,,,,,,,,,125462.0,,,245.0,80751.0,7.571,7.571,10.148,,,,66.099,102.122,36.774,662.494,0.207,2.173,0.0,,,,,,,,,708340.0,,,,,1413565.0,3,2017-07-01,2017-Q3,,,,,,,,,,,Требуется ручная проверка,0,
931,"АО ""НВКбанк""",2017,350000.0,1023014.0,350284.0,305230.0,116550.0,152041.0,3007.0,432326.0,780166.0,77637.0,,12704274.0,11491782.0,9844297.0,684176.0,9160119.0,2074.0,190934.0,1181573.0,193.0,,159.0,1038.0,1076614.0,437972.0,37595.0,87335.0,,,,317500.0,317500.0,,,,,,,1121.0,1112867.0,4886.0,193.0,59627.0,1547.0,,,,,,,,,,,,,,124930.0,,,2772.0,87018.0,7.524,7.524,10.125,,,,66.68,120.717,29.728,645.841,0.204,2.212,0.0,,,,,,,,,906880.0,,,,,1419044.0,4,2017-10-01,2017-Q4,,,,,,,,,,,Требуется ручная проверка,0,
931,"АО ""НВКбанк""",2018,350000.0,1020533.0,347803.0,305230.0,134386.0,247439.0,3038.0,421926.0,768675.0,,,12069651.0,10879050.0,9632656.0,774432.0,8858222.0,2442.0,193082.0,1563063.0,215.0,,249.0,1038.0,1343611.0,524510.0,44980.0,129976.0,,,,310000.0,310000.0,,,,,,,1190.0,1471299.0,4886.0,215.0,80327.0,1549.0,,,,,,,,,,,,,,174956.0,,,2772.0,129299.0,8.201,8.201,11.175,,,,58.184,118.078,32.765,578.823,0.196,2.11,0.0,,,,,,,,,562448.0,,,,,1451470.0,1,2018-01-01,2018-Q1,,,,,,,,,,,Требуется ручная проверка,0,
931,"АО ""НВКбанк""",2018,350000.0,1018674.0,345944.0,305230.0,141741.0,81532.0,3012.0,368726.0,658842.0,,,11739376.0,10711808.0,9967644.0,1204099.0,8763543.0,2074.0,177066.0,363505.0,43.0,0.0,38.0,0.0,215532.0,89526.0,10646.0,30652.0,,,,300000.0,300000.0,,,,,,,12.0,330869.0,11293.0,43.0,25816.0,0.0,,,,,,,,,,,,,,41298.0,,,0.0,30652.0,8.51,8.51,11.31,8.66,,,85.99,178.349,30.874,595.53,0.198,2.008,0.0,,,,,,,,,797252.0,,,,,1445242.0,2,2018-04-01,2018-Q2,,,,,,,,,,,Требуется ручная проверка,0,
931,"АО ""НВКбанк""",2018,350000.0,1018303.0,345573.0,305230.0,142098.0,195505.0,2909.0,353187.0,542375.0,,,12411761.0,11516199.0,9984707.0,829183.0,9155522.0,2074.0,185796.0,724662.0,83.0,,38.0,,484859.0,147328.0,18169.0,43138.0,,,,290000.0,290000.0,,,,,,,30.0,669448.0,22712.0,83.0,45423.0,,,,,,,,,,,,,,,61307.0,,,,43138.0,8.119,8.119,10.529,8.675,,,115.713,112.509,28.732,642.757,0.217,2.017,0.0,,,,,,,,,1210922.0,,,,,1441116.0,3,2018-07-01,2018-Q3,,,,,,,,,,,Требуется ручная проверка,0,
931,"АО ""НВКбанк""",2018,350000.0,1124030.0,345573.0,410957.0,153836.0,208112.0,3203.0,336244.0,944407.0,,,12567775.0,11287124.0,9645404.0,437889.0,9207513.0,2074.0,176734.0,1083423.0,122.0,,38.0,,731556.0,198115.0,36948.0,58279.0,,,,274000.0,274000.0,,,,,,,46.0,1013424.0,34256.0,122.0,58487.0,,,,,,,,,,,,,,,95227.0,,,,58279.0,8.504,8.504,10.869,9.227,,,109.021,126.048,32.073,610.966,0.227,1.374,0.0,,,,,,,,,1015771.0,,,,,1436491.0,4,2018-10-01,2018-Q4,,,,,,,,,,,Требуется ручная проверка,0,
931,"АО ""НВКбанк""",2019,350000.0,1124030.0,345573.0,410957.0,148088.0,225606.0,3499.0,241344.0,942207.0,,,10802456.0,9618905.0,8819500.0,376716.0,8442782.0,2074.0,166029.0,1395145.0,161.0,,38.0,,984795.0,290902.0,49867.0,95361.0,,,,258000.0,258000.0,,,,,,,84.0,1299455.0,39207.0,161.0,68155.0,,,,,,,,,,,,,,,145228.0,,,,95361.0,10.324,10.324,13.52,9.927,,,81.855,175.283,39.656,460.603,,0.391,0.0,,,,,,,,,535998.0,,,,,1472623.0,1,2019-01-01,2019-Q1,,,,,,,,,,,Требуется ручная проверка,0,
931,"АО ""НВКбанк""",2019,350000.0,1124030.0,345573.0,410957.0,158488.0,240040.0,3476.0,164670.0,1419607.0,,,12121047.0,10536770.0,8519729.0,323600.0,8196126.0,2074.0,155075.0,606353.0,17584.0,,6.0,,178675.0,77223.0,13175.0,340697.0,,,,242000.0,242000.0,,,,,,,9.0,579973.0,1973.0,17584.0,7825.0,,,,,,,,,,,,,,,327522.0,,,,340697.0,9.05,9.05,11.545,8.739,,,86.096,325.614,57.165,593.11,,0.559,0.0,,,,,,,,,406359.0,,,,,1247976.0,2,2019-04-01,2019-Q2,,,,,,,,,,,Требуется ручная проверка,0,
931,"АО ""НВКбанк""",2019,350000.0,1124030.0,345573.0,410957.0,156327.0,103162.0,3474.0,146008.0,1443371.0,,,13014926.0,11425547.0,8783842.0,322558.0,8461281.0,2074.0,139450.0,941030.0,148942.0,,6.0,,564428.0,231017.0,47132.0,105793.0,,,,226000.0,226000.0,,,,,,,9.0,894428.0,3967.0,148942.0,15536.0,,,,,,,,,,,,,,,105793.0,,,,105793.0,8.173,8.173,10.329,8.754,,,94.598,218.444,54.469,668.056,,0.518,0.0,,,,,,,,,528809.0,,,,,1217466.0,3,2019-07-01,2019-Q3,,,,,,,,,,,Требуется ручная проверка,0,
931,"АО ""НВКбанк""",2019,350000.0,1197966.0,345573.0,484893.0,165614.0,172596.0,3278.0,153650.0,779732.0,,,13326233.0,12392851.0,9296015.0,345909.0,8950103.0,2074.0,149617.0,1301956.0,245862.0,,6.0,,859137.0,396290.0,165.0,227867.0,,,,210000.0,210000.0,,,,,,,9.0,1240528.0,5984.0,245862.0,23525.0,,,,,,,,,,,,,,,227702.0,,,,227867.0,8.451,8.451,10.434,8.913,,,118.157,262.919,56.246,666.085,,0.421,0.0,,,,,,,,,697146.0,,,,,1252107.0,4,2019-10-01,2019-Q4,,,,,,,,,,,Требуется ручная проверка,0,
931,"АО ""НВКбанк""",2020,350000.0,1197966.0,345573.0,484893.0,142119.0,26183.0,3345.0,141716.0,657608.0,,,12497544.0,11698220.0,9120539.0,331955.0,8788581.0,2074.0,404598.0,1656004.0,323706.0,,6.0,,1130685.0,482223.0,165.0,245634.0,,,,194000.0,194000.0,,,,,,,23.0,1573810.0,8000.0,323706.0,31511.0,,,,,,,,,,,,,,,245469.0,,,,245634.0,4.96,4.96,5.691,5.25,,,47.754,245.021,54.506,1271.759,,1.393,0.0,,,,,,,,,274558.0,,,,,599557.0,1,2020-01-01,2020-Q1,,,,,,,,,,,Требуется ручная проверка,0,
933,"ОАО КБ ""ТОРЖОКУНИВЕРСАЛБАНК""",2007,22091.0,36738.0,2.0,,29468.0,94973.0,7973.0,15507.0,198.0,,,251504.0,235799.0,71180.0,300.0,61880.0,,10301.0,33427.0,31.0,0.0,0.0,1200.0,74794.0,23.0,0.0,14902.0,,,,,,,,,,,,,,,,,,,,,,,,,,,,,,,,,,,,,,,,,,,,,,,,,,,,,,,,,,,,,,,1,2007-01-01,2007-Q1,,,,,,,,,,,Требуется ручная проверка,0,
933,"ОАО КБ ""ТОРЖОКУНИВЕРСАЛБАНК""",2007,22091.0,36714.0,2.0,,45569.0,137962.0,7926.0,17688.0,198.0,,,278545.0,260659.0,78826.0,300.0,69526.0,,14459.0,9256.0,0.0,0.0,0.0,317.0,21211.0,0.0,0.0,4417.0,,,,,,,,,,,,,,,,,,,,,,,,,,,,,,,,,,,,,,,,,,,,,,,,,,,,,,,,,,,,,,,2,2007-04-01,2007-Q2,,,,,,,,,,,Требуется ручная проверка,0,
933,"ОАО КБ ""ТОРЖОКУНИВЕРСАЛБАНК""",2007,22091.0,36705.0,2.0,,38567.0,227556.0,7849.0,19423.0,198.0,,,330372.0,310751.0,83456.0,300.0,74156.0,,15459.0,20152.0,0.0,0.0,0.0,560.0,47012.0,1.0,0.0,9416.0,,,,,,,,,,,,,,,,,,,,,,,,,,,,,,,,,,,,,,,,,,,,,,,,,,,,,,,,,,,,,,,3,2007-07-01,2007-Q3,,,,,,,,,,,Требуется ручная проверка,0,
933,"ОАО КБ ""ТОРЖОКУНИВЕРСАЛБАНК""",2007,22091.0,45348.0,2.0,,32899.0,151742.0,7772.0,29250.0,750.0,,,388345.0,358345.0,98700.0,10300.0,79400.0,,18758.0,32323.0,91.0,0.0,0.0,820.0,73578.0,1.0,0.0,15245.0,,,,,,,,,,,,,,,,,,,,,,,,,,,,,,,,,,,,,,,,,,,,,,,,,,,,,,,,,,,,,,,4,2007-10-01,2007-Q4,,,,,,,,,,,Требуется ручная проверка,0,
933,"ОАО КБ ""ТОРЖОКУНИВЕРСАЛБАНК""",2008,22091.0,45315.0,2.0,,42687.0,105389.0,7378.0,30048.0,198.0,,,387495.0,357249.0,124939.0,26800.0,89139.0,,14607.0,45532.0,201.0,0.0,0.0,1264.0,102422.0,1.0,0.0,21665.0,,,,,,,,,,,,,,,,,,,,,,,,,,,,,,,,,,,,,,,,,,,,,,,,,,,,,,,,,,,,,,,1,2008-01-01,2008-Q1,,,,,,,,,,,Требуется ручная проверка,0,
933,"ОАО КБ ""ТОРЖОКУНИВЕРСАЛБАНК""",2008,22091.0,88583.0,43302.0,22084.0,44500.0,335903.0,2436.0,27386.0,1904.0,,,342684.0,313394.0,135315.0,18300.0,108015.0,,24075.0,11547.0,2696.0,0.0,9967.0,46.0,27426.0,9932.0,0.0,5708.0,,,,,,,,,,,,23.0,11503.0,0.0,0.0,416.0,0.0,,,,,,,,,,,,,,,,,,,,,,,,,,,,,,,,,,,,,,,,,,,,,,2,2008-04-01,2008-Q2,,,,,,,,,,,Требуется ручная проверка,0,
933,"ОАО КБ ""ТОРЖОКУНИВЕРСАЛБАНК""",2008,22091.0,88374.0,43302.0,21875.0,54044.0,338431.0,1199.0,23137.0,2290.0,,,431181.0,405754.0,135777.0,12300.0,114477.0,,28032.0,24882.0,5231.0,0.0,21650.0,111.0,60252.0,20779.0,0.0,10719.0,,,,,,,,,,,,53.0,24792.0,0.0,0.0,662.0,0.0,,,,,,,,,,,,,,,,,,,,,,,,,,,,,,,,,,,,,,,,,,,,,,3,2008-07-01,2008-Q3,,,,,,,,,,,Требуется ручная проверка,0,
933,"ОАО КБ ""ТОРЖОКУНИВЕРСАЛБАНК""",2008,22091.0,103521.0,43302.0,37022.0,63362.0,180388.0,1241.0,33903.0,2683.0,,,485207.0,448621.0,132870.0,12300.0,111570.0,,27958.0,40451.0,8089.0,0.0,34133.0,124.0,90068.0,26335.0,0.0,19963.0,,,,,,,,,,,,108.0,40289.0,0.0,181.0,1087.0,0.0,,,,,,,,,,,,,,,,,,,,,,,,,,,,,,,,,,,,,,,,,,,,,,4,2008-10-01,2008-Q4,,,,,,,,,,,Требуется ручная проверка,0,
933,"ОАО КБ ""ТОРЖОКУНИВЕРСАЛБАНК""",2009,22091.0,103521.0,43302.0,37022.0,63751.0,136398.0,,44182.0,2881.0,,,468854.0,421791.0,170515.0,59300.0,102215.0,,2418.0,56886.0,11542.0,0.0,49312.0,917.0,133151.0,30288.0,0.0,26487.0,,,,,,,,,,,,160.0,56670.0,0.0,181.0,2438.0,0.0,,,,,,,,,,,,,,,,,,,,,,,,,,,,,,,,,,,,,,,,,,,,,,1,2009-01-01,2009-Q1,,,,,,,,,,,Требуется ручная проверка,0,
933,"ОАО КБ ""ТОРЖОКУНИВЕРСАЛБАНК""",2009,22091.0,103521.0,43302.0,37022.0,53219.0,62230.0,,39715.0,3071.0,,,439640.0,396854.0,147903.0,42300.0,96603.0,,2724.0,16288.0,3368.0,0.0,10506.0,413.0,89164.0,4224.0,2425.0,3801.0,,,,,,,,,,,,75.0,16213.0,0.0,0.0,1194.0,0.0,,,,,,,,,,,,,,6226.0,,,,,,,,,,,,,,,,,,,,,,,,,,,,,,,,2,2009-04-01,2009-Q2,,,,,,,,,,,Требуется ручная проверка,0,
933,"ОАО КБ ""ТОРЖОКУНИВЕРСАЛБАНК""",2009,22091.0,103521.0,43302.0,37022.0,38653.0,36767.0,,38036.0,3235.0,,,447542.0,406271.0,134591.0,30300.0,95291.0,,2493.0,33610.0,6789.0,0.0,20042.0,431.0,148467.0,8565.0,3786.0,9021.0,,,,,,,,,,,,119.0,33491.0,0.0,118.0,2176.0,0.0,,,,,,,,,,,,,,12807.0,,,,,,,,,,,,,,,,,,,,,,,,,,,,,,,,3,2009-07-01,2009-Q3,,,,,,,,,,,Требуется ручная проверка,0,
933,"ОАО КБ ""ТОРЖОКУНИВЕРСАЛБАНК""",2009,22091.0,120779.0,43302.0,54280.0,50098.0,21654.0,,34481.0,3317.0,,,491793.0,453995.0,133221.0,24300.0,99921.0,,9496.0,53119.0,10406.0,0.0,30461.0,549.0,232191.0,11950.0,5051.0,15183.0,,,,,,,,,,,,153.0,52966.0,0.0,578.0,2965.0,0.0,,,,,,,,,,,,,,20234.0,,,,,,,,,,,,,,,,,,,,,,,,,,,,,,,,4,2009-10-01,2009-Q4,,,,,,,,,,,Требуется ручная проверка,0,
933,"ОАО КБ ""ТОРЖОКУНИВЕРСАЛБАНК""",2010,22091.0,120779.0,43302.0,54280.0,64254.0,53949.0,,29305.0,3407.0,,,484579.0,451867.0,157125.0,34300.0,113311.0,,12240.0,73163.0,14684.0,0.0,43096.0,612.0,304418.0,16443.0,6428.0,21519.0,,,,,,,,,,,,190.0,72973.0,0.0,1155.0,3813.0,0.0,,,,,,,,,,,,,,27947.0,,,,,,,,,,,,,,,,,,,,,,,,,,,,,,,,1,2010-01-01,2010-Q1,,,,,,,,,,,Требуется ручная проверка,0,
933,"ОАО КБ ""ТОРЖОКУНИВЕРСАЛБАНК""",2010,22091.0,120779.0,43302.0,54280.0,85818.0,184282.0,,42119.0,3190.0,,,452694.0,407385.0,153296.0,24300.0,128996.0,,16698.0,19082.0,4036.0,0.0,9958.0,1.0,59297.0,5342.0,1369.0,4646.0,,,,,,,,,,,,34.0,19048.0,0.0,151.0,712.0,0.0,,,,,,,,,,,,,,6015.0,,,,,,,,,,,,,,,,,,,,,,,,,,,,,,,,2,2010-04-01,2010-Q2,,,,,,,,,,,Требуется ручная проверка,0,
933,"ОАО КБ ""Торжокуниверсалбанк""",2010,32091.0,130779.0,43302.0,54280.0,62680.0,59377.0,0.0,54332.0,3920.0,,,498234.0,439982.0,177174.0,27300.0,149874.0,,14262.0,39204.0,8365.0,0.0,21055.0,18.0,131665.0,13230.0,2695.0,9870.0,,,,,,,,,,,,65.0,39139.0,0.0,151.0,1432.0,0.0,,,,,,,,,,,,,,12565.0,,,,,,,,,,,,,,,,,,,,,,,,,,,,,,,,3,2010-07-01,2010-Q3,,,,,,,,,,,Требуется ручная проверка,0,
933,"ОАО КБ ""Торжокуниверсалбанк""",2010,32091.0,152138.0,43302.0,75639.0,63160.0,70576.0,,69879.0,4568.0,,,591354.0,516907.0,213928.0,20300.0,193628.0,,13570.0,60833.0,13168.0,0.0,34929.0,37.0,195214.0,19034.0,4145.0,16473.0,,,,,,,,,,,,98.0,60735.0,0.0,151.0,1982.0,0.0,,,,,,,,,,,,,,20618.0,,,,,,,,,,,,,,,,,,,,,,,,,,,,,,,,4,2010-10-01,2010-Q4,,,,,,,,,,,Требуется ручная проверка,0,
933,"ОАО КБ ""Торжокуниверсалбанк""",2011,,,,,,,,,,,,,,,,,,,82902.0,17567.0,0.0,51640.0,138.0,273047.0,25825.0,6264.0,22486.0,,,,,,,,,,,,138.0,82435.0,0.0,151.0,2496.0,0.0,,,,,,,,,,,,,,28750.0,,,,,,,,,,,,,,,,,,,,,,,,,,,,,,,,1,2011-01-01,2011-Q1,,,,,,,,,,,Требуется ручная проверка,0,
933,"ОАО КБ ""Торжокуниверсалбанк""",2011,32091.0,152138.0,43302.0,75639.0,91488.0,127079.0,40400.0,71042.0,9402.0,,,671678.0,591234.0,369155.0,68620.0,190189.0,,23858.0,23974.0,4425.0,,14663.0,3.0,72003.0,15411.0,1744.0,8308.0,,,,,,,,,,,,37.0,22011.0,,,714.0,,,,,,,,,,,,,,,10052.0,,,,,,,,,,18.66,45.0,81.07,65.97,294.93,3.81,2.38,0.0,,,,,,,,,,,,,,,2,2011-04-01,2011-Q2,,,,,,,,,,,Требуется ручная проверка,0,
933,"ОАО КБ ""Торжокуниверсалбанк""",2011,,,,,,,,,,,,,,,,,,,50531.0,8278.0,,29961.0,61.0,138989.0,23194.0,4777.0,18358.0,,,,,,,,,,,,86.0,47619.0,,,1087.0,,,,,,,,,,,,,,,23135.0,,,,,,,,,,16.8,49.67,60.67,71.45,340.86,15.59,2.68,0.0,,,,,,,,,,,,,,,3,2011-07-01,2011-Q3,,,,,,,,,,,Требуется ручная проверка,0,
933,"ОАО КБ ""Торжокуниверсалбанк""",2011,42091.0,182549.0,43302.0,95550.0,75372.0,93282.0,,77331.0,8116.0,,,860469.0,775022.0,306572.0,5300.0,190926.0,,36263.0,77802.0,11716.0,,46722.0,218.0,224059.0,31748.0,7797.0,29766.0,,,,,,,,,,,,147.0,73632.0,,,1277.0,,,,,,,,,,,,,,,37563.0,,,,,,,,,,18.52,36.92,69.73,64.02,269.09,2.77,1.69,0.0,,,,,,,,,,,,,,,4,2011-10-01,2011-Q4,,,,,,,,,,,Требуется ручная проверка,0,
933,"ОАО КБ ""Торжокуниверсалбанк""",2012,,,,,,,,,,,,,,,,,,,106576.0,15226.0,,64320.0,476.0,312231.0,41887.0,11146.0,41445.0,,,,,,,,,,,,209.0,100028.0,,16.0,1493.0,,,,,,,,,,,,,,,52591.0,,,,,,,,,,19.51,54.4,79.8,63.53,232.57,4.84,1.51,0.0,,,,,,,,,,,,,,,1,2012-01-01,2012-Q1,,,,,,,,,,,Требуется ручная проверка,0,
933,"ОАО КБ ""Торжокуниверсалбанк""",2012,42091.0,207090.0,67843.0,95550.0,73389.0,157948.0,47597.0,80518.0,2346.0,,,863139.0,780275.0,454504.0,105300.0,186818.0,,44613.0,27719.0,4918.0,,17347.0,81.0,78543.0,9813.0,3032.0,13051.0,,,,,,,,,,,,42.0,24733.0,,,1701.0,,,,,,,,,,,,,,,16083.0,,,,,,,,,,20.01,34.63,72.73,57.12,239.13,4.65,1.8,0.0,,,,,,,,,,,,,,,2,2012-04-01,2012-Q2,,,,,,,,,,,Требуется ручная проверка,0,
933,"ОАО КБ ""Торжокуниверсалбанк""",2012,42091.0,207090.0,67843.0,95550.0,84448.0,123006.0,50195.0,90825.0,2606.0,,,866756.0,773325.0,348559.0,5300.0,171676.0,,36769.0,54332.0,8021.0,,34024.0,287.0,175369.0,19300.0,6953.0,23435.0,,,,,,,,,,,,77.0,50371.0,,127.0,1798.0,,,,,,,,,,,,,,,30388.0,,,,,,,,,,19.97,47.63,58.25,46.53,212.04,1.77,1.44,0.0,,,,,,,,,,,,,,,3,2012-07-01,2012-Q3,,,,,,,,,,,Требуется ручная проверка,0,
933,"ОАО КБ ""Торжокуниверсалбанк""",2012,42091.0,246039.0,67843.0,133999.0,79866.0,114482.0,104732.0,99587.0,2752.0,,,907479.0,805140.0,360353.0,5300.0,147436.0,,35609.0,80670.0,10750.0,,52225.0,382.0,278728.0,27144.0,9798.0,35440.0,,,,,,,,,,,,104.0,76682.0,,127.0,1954.0,,,,,,,,,,,,,,,45238.0,,,,,,,,,,17.59,42.24,57.65,46.24,250.85,7.96,1.73,0.0,,,,,,,,,,,,,,,4,2012-10-01,2012-Q4,,0409135,,,,,,,,,Требуется ручная проверка,0,
933,"ОАО КБ ""Торжокуниверсалбанк""",2013,42091.0,246039.0,67843.0,133999.0,86545.0,303900.0,102139.0,109244.0,2898.0,,,890889.0,778747.0,387410.0,35800.0,148127.0,,36902.0,107479.0,13904.0,,71833.0,425.0,359728.0,36446.0,12727.0,47277.0,,,,,,,,,,,,127.0,103017.0,,127.0,2430.0,,,,,,,,,,,,,,,60004.0,,,,,,,,,,19.54,48.36,69.15,43.67,197.08,6.99,1.75,0.0,,,,,,,,,,,,,,,1,2013-01-01,2013-Q1,,,,,,,,,,,Требуется ручная проверка,0,
933,"ОАО КБ ""Торжокуниверсалбанк""",2013,42091.0,246039.0,67843.0,133999.0,117264.0,223362.0,131431.0,108359.0,3081.0,,,871398.0,759958.0,462283.0,5300.0,153948.0,,44658.0,27171.0,2612.0,,16618.0,52.0,76053.0,7171.0,3180.0,11887.0,,,,,,,,,,,,32.0,24527.0,,,103.0,,,,,,,,,,,,,,,15067.0,,,,,,,,,,18.77,34.84,81.95,50.87,200.31,6.96,1.92,0.0,,,,,,,,,286547.0,,,,,,2,2013-04-01,2013-Q2,,0409135,,,,,,,,,Требуется ручная проверка,0,
933,"ОАО КБ ""Торжокуниверсалбанк""",2013,50000.0,253948.0,67843.0,133999.0,99306.0,104007.0,135040.0,105119.0,3206.0,,,868642.0,760317.0,469391.0,5300.0,154866.0,,47240.0,53717.0,5264.0,,32818.0,134.0,199454.0,18514.0,6175.0,23436.0,,,,,,,,,,,,66.0,49820.0,,,208.0,,,,,,,,,,,,,,,29611.0,,,,,,,,,,18.83,58.11,93.27,53.36,181.56,9.83,1.79,0.0,,,,,,,,,373077.0,,,,,,3,2013-07-01,2013-Q3,,0409135,,,,,,,,,Требуется ручная проверка,0,
933,"ОАО КБ ""Торжокуниверсалбанк""",2013,50000.0,299869.0,67843.0,179526.0,54439.0,116261.0,143565.0,108082.0,4002.0,,,997850.0,885766.0,544349.0,3205.0,152825.0,,44629.0,82603.0,7837.0,,50457.0,178.0,319299.0,27207.0,10007.0,33896.0,,,,,,,,,,,,98.0,78207.0,,17.0,270.0,,,,,,,,,,,,,,,43903.0,,,,,,,,,,16.93,48.07,77.7,66.12,218.36,14.04,1.8,0.0,,,,,,,,,358115.0,,,,,,4,2013-10-01,2013-Q4,,0409135,,,,,,,,,Требуется ручная проверка,0,
933,"ОАО КБ ""Торжокуниверсалбанк""",2014,50000.0,299869.0,67843.0,179526.0,70211.0,38769.0,156478.0,108985.0,4896.0,,,1020541.0,906660.0,548121.0,3282.0,152861.0,,48960.0,113653.0,10444.0,,72356.0,231.0,435821.0,38430.0,12855.0,44802.0,,,,,,,,,,,,127.0,109173.0,,78.0,276.0,,,,,,,,,,,,,,,57657.0,,,,,,,,,,18.22,76.37,84.53,64.42,152.5,11.88,1.66,0.0,,,,,,,,,845941.0,,,,,,1,2014-01-01,2014-Q1,,,,,,,,,,,Требуется ручная проверка,0,
933,"ОАО КБ ""Торжокуниверсалбанк""",2014,50000.0,299869.0,67843.0,179526.0,63166.0,99580.0,,95688.0,6717.0,,,866995.0,764590.0,503872.0,284032.0,160891.0,,57044.0,25600.0,3790.0,,17876.0,380.0,181068.0,8572.0,3156.0,4447.0,,,,,,,,,,,,43.0,24433.0,,,1239.0,,,,,,,,,,,,,,,7603.0,,,,,14.36,14.36,17.93,,,,95.41,104.14,44.85,116.62,13.39,1.79,0.0,,,,,,,,,562107.0,,,,,328779.0,2,2014-04-01,2014-Q2,,,,,,,,,,,Требуется ручная проверка,0,
933,"ОАО КБ ""Торжокуниверсалбанк""",2014,43330.0,,,206629.0,,,,,,,,,,,,,,,51029.0,7135.0,,38047.0,865.0,333710.0,20384.0,2513.0,6823.0,,,,,,,,,,,,67.0,49838.0,,1222.0,705.0,,,,,,,,,,,,,,,9336.0,,,,,16.36,16.36,20.48,,,,61.96,63.35,42.91,106.65,13.96,1.66,0.0,,,,,,,,,306085.0,,,,,315360.0,3,2014-07-01,2014-Q3,,,,,,,,,,,Требуется ручная проверка,0,
933,"ОАО КБ ""Торжокуниверсалбанк""",2014,50000.0,340267.0,81138.0,206629.0,98769.0,98794.0,,80947.0,32535.0,,,836433.0,722951.0,326649.0,3510.0,174676.0,,33277.0,75480.0,10970.0,,57030.0,1011.0,461510.0,28903.0,1394.0,16716.0,,,,,,,,,,,,83.0,74273.0,,2196.0,718.0,,,,,,,,,,,,,,,18110.0,,,,,17.13,17.13,21.3,,,,74.85,78.15,38.72,96.36,12.39,1.51,0.0,,,,,,,,,416079.0,,,,,321856.0,4,2014-10-01,2014-Q4,,,,,,,,,,,Требуется ручная проверка,0,
933,"ОАО КБ ""Торжокуниверсалбанк""",2015,50000.0,340267.0,81138.0,206629.0,101905.0,375082.0,0.0,71410.0,43985.0,,,646917.0,531522.0,332380.0,4353.0,184708.0,,36797.0,94733.0,14081.0,,85829.0,2192.0,986026.0,39319.0,5574.0,23584.0,,,,,,,,,,,,106.0,93503.0,,2258.0,733.0,,,,,,,,,,,,,,,29158.0,,,,,15.8,15.8,19.43,,,,69.24,84.76,34.63,96.33,18.06,1.59,0.0,,,,,,,,,601155.0,,,,,325658.0,1,2015-01-01,2015-Q1,,,,,,,,,,,Требуется ручная проверка,0,
933,"ОАО КБ ""Торжокуниверсалбанк""",2015,50000.0,363273.0,104144.0,206629.0,102058.0,49803.0,,73281.0,54208.0,,,738878.0,611389.0,260165.0,4833.0,189442.0,,44597.0,25276.0,4132.0,,18580.0,91.0,449419.0,20678.0,2138.0,10332.0,,,,,,,,,,,,23.0,25253.0,,,16.0,,,,,,,,,,,,,,,12470.0,,,,,13.29,13.29,18.33,,,,141.11,144.4,18.75,93.78,19.05,1.49,0.0,,,,,,,,,616718.0,,,,,341113.0,2,2015-04-01,2015-Q2,,,,,,,,,,,Требуется ручная проверка,0,
933,"ПАО ""Торжокуниверсалбанк""",2015,50000.0,363273.0,104144.0,206629.0,79800.0,24151.0,,68594.0,41466.0,,,827244.0,717184.0,310136.0,4129.0,186350.0,,44068.0,52762.0,10239.0,,38694.0,451.0,893995.0,30129.0,6063.0,14926.0,,,,,,,,,,,,46.0,52716.0,,1403.0,29.0,,,,,,,,,,,,,,,20989.0,,,,,15.56,15.56,20.29,,,,186.55,174.24,17.55,104.13,18.96,1.33,0.0,,,,,,,,,525696.0,,,,,342719.0,3,2015-07-01,2015-Q3,,,,,,,,,,,Требуется ручная проверка,0,
933,"ПАО ""Торжокуниверсалбанк""",2015,43330.0,,,217385.0,,,,,,,,,,,,,,,82548.0,18172.0,,60193.0,916.0,1278995.0,39915.0,6633.0,25028.0,,,,,,,,,,,,66.0,80882.0,,1553.0,673.0,,,,,,,,,,,,,,,31661.0,,,,,16.3,16.3,21.02,,,,193.98,186.82,15.35,85.21,17.62,1.25,0.0,,,,,,,,,831368.0,,,,,353606.0,4,2015-10-01,2015-Q4,,,,,,,,,,,Требуется ручная проверка,0,
933,"ПАО ""Торжокуниверсалбанк""",2016,50000.0,374029.0,104144.0,217385.0,180955.0,370852.0,,54032.0,65342.0,,,720467.0,601093.0,513197.0,6646.0,293082.0,4278.0,52262.0,116290.0,25689.0,,85065.0,1534.0,1642932.0,51251.0,8556.0,33061.0,,,,,,,,,,,,91.0,106161.0,,1553.0,937.0,,,,,,,,,,,,,,,41617.0,,,,,16.89,16.89,21.97,,,,151.52,148.82,15.51,67.96,4.61,1.05,0.0,,,,,,,,,1405623.0,,,,,361454.0,1,2016-01-01,2016-Q1,,,,,,,,,,,Требуется ручная проверка,0,
933,"ПАО ""Торжокуниверсалбанк""",2016,50000.0,374029.0,104144.0,217385.0,133928.0,56655.0,,49166.0,71671.0,,,590559.0,469722.0,423423.0,5476.0,301336.0,4475.0,67464.0,35367.0,6864.0,,87.0,,517568.0,3274.0,1951.0,12118.0,,,,,,,,,,,,41.0,20564.0,,,13.0,,,,,,,,,,,,,,,14069.0,,,,12118.0,16.39,16.39,22.83,,,,215.6,203.48,14.18,72.89,0.0,0.89,0.0,,,,,,,,,1016238.0,,,,,363985.0,2,2016-04-01,2016-Q2,,,,,,,,,,,Требуется ручная проверка,0,
933,"ПАО ""Торжокуниверсалбанк""",2016,43330.0,,,240763.0,,,,,,,,,,,,,,,68064.0,13678.0,,250.0,,821116.0,5379.0,9861.0,19276.0,,,,,,,,,,,,71.0,44438.0,,,24.0,,,,,,,,,,,,,,,29137.0,,,,19276.0,18.97,18.97,23.92,,,,260.77,249.02,8.78,74.79,16.74,0.85,0.0,,,,,,,,,998861.0,,,,,371903.0,3,2016-07-01,2016-Q3,,,,,,,,,,,Требуется ручная проверка,0,
933,"ПАО ""Торжокуниверсалбанк""",2016,50000.0,396410.0,104144.0,239766.0,109933.0,66669.0,,51949.0,88228.0,,,699718.0,559541.0,503413.0,0.0,315174.0,4475.0,61074.0,102639.0,20545.0,,435.0,,1029884.0,7538.0,13522.0,33067.0,,,,,,,,,,,,99.0,67469.0,,,35.0,,,,,,,,,,,,,,,46589.0,,,,33067.0,20.6,20.6,26.8,,,,181.37,230.48,5.93,68.99,18.09,0.82,0.0,,,,,,,,,900013.0,,,,,385815.0,4,2016-10-01,2016-Q4,,,,,,,,,,,Требуется ручная проверка,0,
933,"ПАО ""Торжокуниверсалбанк""",2017,50000.0,396410.0,104144.0,239766.0,83031.0,89534.0,,50542.0,90311.0,,,680755.0,539902.0,545447.0,4544.0,288720.0,4475.0,72747.0,138012.0,26016.0,,614.0,,1239240.0,12549.0,17840.0,42629.0,,,,,,,,,,,,226.0,88945.0,,,46.0,,,,,,,,,,,,,,,60469.0,,,1461.0,44090.0,24.4,24.4,32.02,,,,229.38,319.64,7.54,45.96,3.54,0.74,0.0,,,,,,,,,734942.0,,,,,394580.0,1,2017-01-01,2017-Q1,,,,,,,,,,,Требуется ручная проверка,0,
933,"ПАО ""Торжокуниверсалбанк""",2017,50000.0,398190.0,105924.0,239766.0,116991.0,64589.0,,44562.0,91516.0,,,539572.0,403494.0,409915.0,4043.0,255209.0,4475.0,63375.0,31022.0,4080.0,,64.0,,140987.0,2465.0,4589.0,14133.0,,,,,,,,,,,,159.0,15139.0,,,10.0,,,,,,,,,,,,,,,18722.0,,,,14133.0,27.578,27.578,32.699,,,,264.786,421.561,5.526,43.183,17.037,0.608,0.0,,,,,,,,,526974.0,,,,,409691.0,2,2017-04-01,2017-Q2,,,,,,,,,,,Требуется ручная проверка,0,
933,"ПАО ""Торжокуниверсалбанк""",2017,50000.0,398190.0,105924.0,239766.0,80784.0,15173.0,,44941.0,93153.0,,,533540.0,395446.0,369720.0,4155.0,234278.0,4475.0,52943.0,57474.0,7717.0,,75.0,,299766.0,5168.0,9298.0,22056.0,,,,,,,,,,,,246.0,30610.0,,,21.0,,,,,,,,,,,,,,,31354.0,,,,22056.0,26.471,26.471,32.103,,,,224.05,323.933,6.81,26.277,16.513,0.718,0.0,,,,,,,,,518162.0,,,,,418466.0,3,2017-07-01,2017-Q3,,,,,,,,,,,Требуется ручная проверка,0,
933,"ПАО ""Торжокуниверсалбанк""",2017,50000.0,438695.0,105924.0,280271.0,87853.0,23070.0,,44542.0,84232.0,,,560364.0,431590.0,392657.0,4633.0,225696.0,4475.0,53118.0,84581.0,11106.0,,102.0,,433983.0,7294.0,12030.0,33940.0,,,,,,,,,,,,368.0,47248.0,,,30.0,,,,,,,,,,,,,,,45970.0,,,,33940.0,27.485,27.485,34.271,,,,196.403,296.107,7.294,34.716,16.043,0.628,0.0,,,,,,,,,572228.0,,,,,430718.0,4,2017-10-01,2017-Q4,,,,,,,,,,,Требуется ручная проверка,0,
933,"ПАО ""Торжокуниверсалбанк""",2018,50000.0,438695.0,105924.0,280271.0,90458.0,27094.0,,42304.0,79194.0,,,531873.0,410375.0,380899.0,4567.0,224447.0,4475.0,53216.0,110959.0,14463.0,,137.0,,552156.0,11617.0,17024.0,44982.0,,,,,,,,,,,,457.0,62983.0,,,39.0,,,,,,,,,,,,,,,62006.0,,,1844.0,46826.0,29.518,29.518,37.367,,,,105.164,225.958,7.092,28.983,7.231,0.503,0.0,,,,,,,,,339150.0,,,,,438577.0,1,2018-01-01,2018-Q1,,,,,,,,,,,Требуется ручная проверка,0,
933,"ПАО ""Торжокуниверсалбанк""",2018,50000.0,440907.0,108136.0,280271.0,113987.0,22400.0,,39341.0,72478.0,,,451706.0,339887.0,424775.0,4531.0,233496.0,4475.0,53802.0,23055.0,3480.0,,80.0,,109946.0,2960.0,3754.0,3430.0,,,,,,,,,,,,148.0,12545.0,,,9.0,,,,,,,,,,,,,,,7184.0,,,,3430.0,34.653,34.875,38.863,26.444,,,250.69,481.579,7.064,23.194,5.115,0.403,0.0,,,,,,,,,456920.0,,,,,442021.0,2,2018-04-01,2018-Q2,,,,,,,,,,,Требуется ручная проверка,0,
933,"ПАО ""Торжокуниверсалбанк""",2018,50000.0,440907.0,108136.0,280271.0,114490.0,32994.0,,34267.0,70764.0,,,495165.0,390134.0,469573.0,4786.0,250155.0,4475.0,51904.0,44721.0,7230.0,,104.0,,297903.0,7485.0,2632.0,14022.0,,,,,,,,,,,,367.0,25592.0,,,19.0,,,,,,,,,,,,,,,16654.0,,,,14022.0,34.809,35.032,39.848,25.821,,,307.91,570.461,7.083,26.214,7.355,0.664,0.0,,,,,,,,,448243.0,,,,,452061.0,3,2018-07-01,2018-Q3,,,,,,,,,,,Требуется ручная проверка,0,
933,"ПАО ""Торжокуниверсалбанк""",2018,50000.0,483341.0,108136.0,322705.0,91563.0,16130.0,,29289.0,70982.0,,,466032.0,365761.0,527553.0,5259.0,287507.0,4475.0,49996.0,67288.0,11500.0,,113.0,,447156.0,13220.0,7090.0,26086.0,,,,,,,,,,,,532.0,38529.0,,,29.0,,,,,,,,,,,,,,,33176.0,,,,26086.0,34.96,35.185,41.156,24.288,,,261.33,439.104,6.161,28.008,7.142,0.628,0.0,,,,,,,,,486536.0,,,,,465537.0,4,2018-10-01,2018-Q4,,,,,,,,,,,Требуется ручная проверка,0,
933,"ПАО ""Банк ""Торжок""",2019,50000.0,483341.0,108136.0,322705.0,119447.0,15194.0,,22402.0,58708.0,,,453683.0,372573.0,535866.0,5009.0,308236.0,4475.0,56130.0,90485.0,16271.0,,140.0,,627667.0,25210.0,7451.0,444.0,,,,,,,,,,,,810.0,50796.0,,,39.0,,,,,,,,,,,,,,,7895.0,,,7237.0,34623.0,36.444,36.691,38.82,0.0,,,260.228,406.99,0.0,0.0,,0.0,0.0,,,,,,,,,551346.0,,,,,402145.0,1,2019-01-01,2019-Q1,,,,,,,,,,,Требуется ручная проверка,0,
933,"ПАО ""Банк ""Торжок""",2019,50000.0,432124.0,56919.0,322705.0,94235.0,20403.0,,21346.0,57060.0,,,390110.0,311704.0,450455.0,4939.0,297417.0,4475.0,32086.0,22406.0,31.0,,42.0,30.0,115782.0,3779.0,4282.0,11434.0,,,,,,,,,,,,82.0,10055.0,,31.0,10.0,,,,,,,,,,,,,,,15716.0,,,,11434.0,,35.962,38.344,,,,,381.819,,,,,,,,,,,,,,1084327.0,,,,,414392.0,2,2019-04-01,2019-Q2,,,,,,,,,,,Требуется ручная проверка,0,
933,"ПАО ""Банк ""Торжок""",2019,50000.0,430164.0,54959.0,322705.0,84683.0,9421.0,,25280.0,56589.0,,,469131.0,387262.0,485151.0,4780.0,281887.0,4475.0,31815.0,44181.0,72.0,,68.0,60.0,228683.0,14941.0,7473.0,3238.0,,,,,,,,,,,,240.0,20320.0,,72.0,19.0,,,,,,,,,,,,,,,10711.0,,,1960.0,1278.0,,39.691,41.964,,,,,937.961,,,,,,,,,,,,,,460508.0,,,,,416005.0,3,2019-07-01,2019-Q3,,,,,,,,,,,Требуется ручная проверка,0,
933,"ПАО ""Банк ""Торжок""",2019,50000.0,438949.0,54488.0,331961.0,103353.0,33006.0,,22817.0,37843.0,,,283018.0,222358.0,279786.0,,279786.0,4475.0,31240.0,64393.0,72.0,,95.0,87.0,341723.0,19954.0,1577.0,14842.0,,,,,,,,,,,,362.0,29733.0,,72.0,22.0,,,,,,,,,,,,,,,16419.0,,,471.0,13353.0,,45.534,47.866,,,,,937.933,,,,,,,,,,,,,,276403.0,,,,,409183.0,4,2019-10-01,2019-Q4,,,,,,,,,,,Требуется ручная проверка,0,
933,"ПАО ""Банк ""Торжок""",2020,50000.0,438949.0,54488.0,331961.0,88369.0,32224.0,,20557.0,38848.0,,,353751.0,294346.0,301123.0,,301123.0,4475.0,11644.0,83197.0,72.0,,111.0,95.0,407601.0,27672.0,5308.0,26021.0,,,,,,,,,,,,368.0,36596.0,,72.0,22.0,,,,,,,,,,,,,,,31329.0,,,1971.0,27992.0,,54.75,59.207,,,,,649.079,,,,,,,,,,,,,,362393.0,,,,,435176.0,1,2020-01-01,2020-Q1,,,,,,,,,,,Требуется ручная проверка,0,
933,"ПАО ""Банк ""Торжок""",2020,50000.0,442990.0,58529.0,331961.0,64011.0,8707.0,,20933.0,38398.0,,,292282.0,232951.0,351966.0,,351966.0,4475.0,14095.0,17673.0,5078.0,,97.0,22.0,203878.0,36106.0,20121.0,2192.0,,,,,,,,,,,,4.0,4957.0,,,5018.0,,,,,,,,,,,,,,,2192.0,,,,2192.0,,45.828,48.313,,,,,551.676,,,,,,,,,,,,,,232926.0,,,,,409733.0,2,2020-04-01,2020-Q2,,,,,,,,,,,Требуется ручная проверка,0,
933,"АО ""Банк ""Торжок""",2020,50000.0,442990.0,58529.0,331961.0,92743.0,8003.0,,23172.0,39742.0,,,272674.0,209760.0,361356.0,,361336.0,4475.0,16707.0,34488.0,10268.0,,183.0,51.0,360708.0,49317.0,4821.0,8642.0,,,,,,,,,,,,10.0,10975.0,,,10120.0,,,,,,,,,,,,,,,3821.0,,,,8642.0,,29.262,32.075,,,,,283.925,,,,,,,,,,,,,,375379.0,,,,,346060.0,3,2020-07-01,2020-Q3,,,,,,,,,,,Требуется ручная проверка,0,
933,"АО ""Банк ""Торжок""",2020,50000.0,465329.0,58529.0,354300.0,73601.0,8729.0,,24133.0,41447.0,,,603400.0,537820.0,360874.0,,360854.0,4475.0,20771.0,51958.0,19.0,,235.0,167.0,532507.0,57421.0,8041.0,42461.0,,,,,,,,,,,,17.0,21458.0,,19.0,15153.0,,,,,,,,,,,,,,,34420.0,,,,42461.0,,33.715,36.465,,,,,215.701,,,,,,,,,,,,,,352142.0,,,,,369311.0,4,2020-10-01,2020-Q4,,,,,,,,,,,Требуется ручная проверка,0,
933,"АО ""Банк ""Торжок""",2021,50000.0,465329.0,58529.0,354300.0,83448.0,13658.0,,22932.0,42851.0,,,480995.0,415212.0,297714.0,,297694.0,4475.0,21842.0,67555.0,52.0,,269.0,306.0,690355.0,61926.0,6325.0,59872.0,,,,,,,,,,,,24.0,29838.0,,52.0,19042.0,,,,,,,,,,,,,,,53547.0,,,3604.0,56268.0,,38.854,41.4,,,,,246.156,,,,,,,,,,,,,,412436.0,,,,,373105.0,1,2021-01-01,2021-Q1,,,,,,,,,,,Требуется ручная проверка,0,
933,"АО ""Банк ""Торжок""",2021,50000.0,469934.0,63134.0,354300.0,63719.0,20125.0,,20593.0,44391.0,,,419476.0,354492.0,249275.0,,249255.0,4508.0,22392.0,13952.0,2484.0,,4.0,34.0,99198.0,5120.0,1386.0,387.0,,,,,,,,,,,,7.0,6715.0,,,2417.0,,,,,,,,,,,,,,,387.0,,,,387.0,,50.08,52.862,,,,,506.362,,,,,,,,,,,,,,191262.0,,,,,370361.0,2,2021-04-01,2021-Q2,,,,,,,,,,,Требуется ручная проверка,0,
933,"АО ""Банк ""Торжок""",2021,50000.0,469934.0,63134.0,354300.0,80103.0,3495.0,,20481.0,47088.0,,,445649.0,378080.0,222703.0,,222703.0,4588.0,8111.0,28443.0,4422.0,,18.0,53.0,144781.0,11784.0,678.0,380.0,,,,,,,,,,,,14.0,13842.0,,,4294.0,,,,,,,,,,,,,,,1058.0,,,,380.0,,49.846,52.656,,,,,582.554,,,,,,,,,,,,,,166773.0,,,,,367803.0,3,2021-07-01,2021-Q3,,,,,,,,,,,Требуется ручная проверка,0,
933,"АО ""Банк ""Торжок""",2021,50000.0,408691.0,63134.0,293057.0,89190.0,17206.0,,19915.0,47945.0,,,419658.0,351798.0,198538.0,,198538.0,4566.0,7428.0,44947.0,13.0,,28.0,66.0,189198.0,19958.0,253.0,4443.0,0.0,0.0,,0.0,0.0,,,,,,,22.0,20662.0,,13.0,5678.0,,,,,,,,,,,,,,,4696.0,,,,4443.0,,50.558,53.33,,,,,410.407,,,,,,,,,,,,,,178935.0,,,,,369444.0,4,2021-10-01,2021-Q4,,,,,,,,,,,Требуется ручная проверка,0,
937,"ЗАО ""ОРБАНК""",2007,8296.0,53649.0,6868.0,,7544.0,60612.0,42000.0,,,,,1350.0,1350.0,394.0,,394.0,,1167.0,2816.0,0.0,0.0,6425.0,23.0,55814.0,94.0,0.0,13753.0,,,,,,,,,,,,,,,,,,,,,,,,,,,,,,,,,,,,,,,,,,,,,,,,,,,,,,,,,,,,,,,1,2007-01-01,2007-Q1,,,,,,,,,,,Требуется ручная проверка,0,
937,"ЗАО ""ОРБАНК""",2007,8296.0,53641.0,6868.0,,6370.0,41555.0,0.0,62.0,,,,61202.0,61140.0,1391.0,,1391.0,,1181.0,1200.0,0.0,0.0,352.0,0.0,25083.0,41.0,0.0,1174.0,,,,,,,,,,,,,,,,,,,,,,,,,,,,,,,,,,,,,,,,,,,,,,,,,,,,,,,,,,,,,,,2,2007-04-01,2007-Q2,,,,,,,,,,,Требуется ручная проверка,0,
937,"ЗАО ""ОРБАНК""",2007,8296.0,65213.0,6868.0,,8022.0,22106.0,7070.0,430.0,14000.0,,,66745.0,52315.0,929.0,,929.0,,1225.0,3238.0,123.0,0.0,3908.0,0.0,65475.0,105.0,0.0,1319.0,,,,,,,,,,,,,,,,,,,,,,,,,,,,,,,,,,,,,,,,,,,,,,,,,,,,,,,,,,,,,,,3,2007-07-01,2007-Q3,,,,,,,,,,,Требуется ручная проверка,0,
937,"ЗАО ""ОРБАНК""",2007,8296.0,65213.0,6868.0,,11239.0,75344.0,12943.0,19876.0,0.0,,,138560.0,118684.0,129957.0,,129957.0,,3719.0,6899.0,148.0,0.0,6095.0,0.0,125529.0,107.0,0.0,1380.0,,,,,,,,,,,,,,,,,,,,,,,,,,,,,,,,,,,,,,,,,,,,,,,,,,,,,,,,,,,,,,,4,2007-10-01,2007-Q4,,,,,,,,,,,Требуется ручная проверка,0,
937,"ЗАО ""ОРБАНК""",2008,150000.0,206917.0,6868.0,,9279.0,77992.0,25268.0,37839.0,,,,287466.0,249627.0,26964.0,3500.0,23463.0,,5060.0,14467.0,478.0,0.0,9460.0,0.0,221929.0,107.0,0.0,4079.0,,,,,,,,,,,,,,,,,,,,,,,,,,,,,,,,,,,,,,,,,,,,,,,,,,,,,,,,,,,,,,,1,2008-01-01,2008-Q1,,,,,,,,,,,Требуется ручная проверка,0,
937,"ЗАО ""ОРБАНК""",2008,150000.0,206917.0,19.0,44911.0,17521.0,77118.0,75903.0,37135.0,21344.0,,,399060.0,340581.0,53917.0,5500.0,48416.0,0.0,5601.0,11277.0,2417.0,0.0,3164.0,76.0,98026.0,81993.0,0.0,2001.0,,,,,,,,,,,,1.0,10728.0,545.0,1193.0,105.0,0.0,,,,,,,,,,,,,,,,,,,,,,,,,,,,,,,,,,,,,,,,,,,,,,2,2008-04-01,2008-Q2,,,,,,,,,,,Требуется ручная проверка,0,
937,"ЗАО ""ОРБАНК""",2008,150000.0,208532.0,19.0,46526.0,26259.0,40338.0,10950.0,73013.0,28878.0,30182.0,,589849.0,487958.0,65224.0,5000.0,60223.0,0.0,8511.0,27612.0,5578.0,0.0,8261.0,111.0,174964.0,138327.0,0.0,4308.0,,,,,,,,,,,,4.0,26212.0,360.0,2605.0,202.0,256.0,,,,,,,,,,,,,,,,,,,,,,,,,,,,,,,,,,,,,,,,,,,,,,3,2008-07-01,2008-Q3,,,,,,,,,,,Требуется ручная проверка,0,
937,"ЗАО ""ОРБАНК""",2008,150000.0,208532.0,19.0,46526.0,22219.0,37023.0,151183.0,63844.0,49766.0,32384.0,,570801.0,457191.0,156824.0,73500.0,83323.0,0.0,9006.0,45417.0,9786.0,0.0,13740.0,737.0,287288.0,223037.0,0.0,6415.0,,,,,,,,,,,,8.0,43288.0,992.0,3708.0,1133.0,647.0,,,,,,,,,,,,,,,,,,,,,,,,,,,,,,,,,,,,,,,,,,,,,,4,2008-10-01,2008-Q4,,,,,,,,,,,Требуется ручная проверка,0,
937,"ЗАО ""ОРБАНК""",2009,150000.0,208532.0,19.0,46526.0,13718.0,115813.0,21104.0,60853.0,31663.0,33472.0,,572108.0,479592.0,93930.0,17000.0,76434.0,0.0,734.0,63990.0,13508.0,0.0,22715.0,4396.0,361879.0,256173.0,0.0,8039.0,,,,,,,,,,,,24.0,61041.0,1616.0,4810.0,1586.0,836.0,,,,,,,,,,,,,,,,,,,,,,,,,,,,,,,,,,,,,,,,,,,,,,1,2009-01-01,2009-Q1,,,,,,,,,,,Требуется ручная проверка,0,
937,"ЗАО ""ОРБАНК""",2009,150000.0,208532.0,19.0,46526.0,32224.0,11922.0,111216.0,71578.0,62144.0,33769.0,,580763.0,447041.0,358073.0,233000.0,124924.0,0.0,1074.0,22693.0,7257.0,0.0,13047.0,9658.0,212592.0,43091.0,1039.0,618.0,,,,,,,,,,,,10.0,17951.0,603.0,853.0,3483.0,646.0,,,,,,,,,,,,,,1657.0,,,,,,,,,,,,,,,,,,,,,,,,,,,,,,,,2,2009-04-01,2009-Q2,,,,,,,,,,,Требуется ручная проверка,0,
937,"ЗАО ""ОРБАНК""",2009,150000.0,208532.0,19.0,46526.0,37706.0,39511.0,143238.0,71153.0,61589.0,131164.0,,557671.0,424929.0,388896.0,250000.0,138862.0,0.0,1430.0,53757.0,17692.0,0.0,19404.0,10338.0,418349.0,113517.0,1390.0,2679.0,,,,,,,,,,,,18.0,38951.0,2666.0,1798.0,8612.0,1337.0,,,,,,,,,,,,,,4069.0,,,,,,,,,,,,,,,,,,,,,,,,,,,,,,,,3,2009-07-01,2009-Q3,,,,,,,,,,,Требуется ручная проверка,0,
937,"ЗАО ""ОРБАНК""",2009,150000.0,212755.0,19.0,50749.0,28639.0,80933.0,99229.0,64423.0,122495.0,152902.0,,677252.0,490334.0,275604.0,73907.0,201690.0,0.0,5822.0,89122.0,29291.0,0.0,28736.0,13474.0,630792.0,157034.0,2090.0,4844.0,,,,,,,,,,,,29.0,65574.0,5505.0,2840.0,11913.0,2032.0,,,,,,,,,,,,,,6934.0,,,,,,,,,,,,,,,,,,,,,,,,,,,,,,,,4,2009-10-01,2009-Q4,,,,,,,,,,,Требуется ручная проверка,0,
937,"ЗАО ""ОРБАНК""",2010,150000.0,212755.0,19.0,50749.0,26840.0,57826.0,118342.0,62216.0,129580.0,253426.0,,686809.0,495013.0,315444.0,75650.0,239655.0,56.0,5814.0,119705.0,40211.0,0.0,38595.0,15628.0,779944.0,188460.0,3008.0,7389.0,,,,,,,,,,,,41.0,90061.0,10754.0,3512.0,13294.0,3380.0,,,,,,,,,,,,,,10397.0,,,,,,,,,,,,,,,,,,,,,,,,,,,,,,,,1,2010-01-01,2010-Q1,,,,,,,,,,,Требуется ручная проверка,0,
937,"ЗАО ""ОРБАНК""",2010,150000.0,212755.0,19.0,50749.0,53908.0,60147.0,17819.0,62394.0,135901.0,402046.0,,706948.0,508653.0,360097.0,75650.0,284224.0,0.0,8706.0,32444.0,12672.0,29.0,9486.0,3070.0,147109.0,39152.0,1078.0,467.0,,,,,,,,,,,,15.0,22957.0,8269.0,38.0,2628.0,2027.0,,,,,,,,,,,,,,611.0,,,,,,,,,,,,,,,,,,,,,,,,,,,,,,,,2,2010-04-01,2010-Q2,,,,,,,,,,,Требуется ручная проверка,0,
937,"ЗАО ""ОРБАНК""",2010,150000.0,220906.0,19.0,58900.0,67620.0,32282.0,136525.0,79424.0,136610.0,215617.0,,738877.0,522843.0,313227.0,5850.0,307375.0,20.0,18267.0,68554.0,23251.0,29.0,21237.0,8846.0,316855.0,99945.0,1847.0,7638.0,,,,,,,,,,,,27.0,50674.0,15001.0,89.0,2969.0,4833.0,,,,,,,,,,,,,,5791.0,,,,,,,,,,,,,,,,,,,,,,,,,,,,,,,,3,2010-07-01,2010-Q3,,,,,,,,,,,Требуется ручная проверка,0,
937,"ЗАО ""ОРБАНК""",2010,150000.0,220906.0,19.0,58900.0,39426.0,49996.0,49950.0,79514.0,120699.0,213515.0,,672780.0,472567.0,381113.0,6808.0,374215.0,27.0,18118.0,109701.0,34503.0,29.0,31217.0,36138.0,513931.0,220378.0,2562.0,7235.0,,,,,,,,,,,,41.0,83617.0,20347.0,224.0,3106.0,7755.0,,,,,,,,,,,,,,9797.0,,,,,,,,,,,,,,,,,,,,,,,,,,,,,,,,4,2010-10-01,2010-Q4,,,,,,,,,,,Требуется ручная проверка,0,
937,"ЗАО ""ОРБАНК""",2011,,,,,,,,,,,,,,,,,,,145652.0,46020.0,29.0,44496.0,39016.0,668704.0,269383.0,3496.0,10895.0,,,,,,,,,,,,53.0,110422.0,25625.0,307.0,3281.0,9382.0,,,,,,,,,,,,,,14391.0,,,,,,,,,,,,,,,,,,,,,,,,,,,,,,,,1,2011-01-01,2011-Q1,,,,,,,,,,,Требуется ручная проверка,0,
937,"ЗАО ""ОРБАНК""",2011,150000.0,220906.0,19.0,58900.0,90923.0,59127.0,58453.0,154451.0,110395.0,208205.0,,815692.0,550846.0,537206.0,9000.0,528205.0,0.0,8822.0,37642.0,11075.0,0.0,9154.0,1271.0,126383.0,34316.0,447.0,2061.0,,,,,,,,,,,,23.0,28410.0,5119.0,224.0,177.0,1094.0,,,,,,,,,,,,,,2508.0,,,,,,,,,,19.1,59.08,83.0,68.91,380.88,1.89,2.19,0.0,,,,,,,,,,,,,,,2,2011-04-01,2011-Q2,,,,,,,,,,,Требуется ручная проверка,0,
937,"ЗАО ""ОРБАНК""",2011,,,,,,,,,,,,,,,,,,,78037.0,23066.0,0.0,22943.0,4410.0,294938.0,100037.0,2206.0,5490.0,,,,,,,,,,,,37.0,58658.0,11771.0,517.0,365.0,2264.0,,,,,,,,,,,,,,7696.0,,,,,,,,,,17.53,54.56,83.23,109.11,398.29,0.13,0.39,0.0,,,,,,,,,,,,,,,3,2011-07-01,2011-Q3,,,,,,,,,,,Требуется ручная проверка,0,
937,"ЗАО ""ОРБАНК""",2011,150000.0,230985.0,19.0,68979.0,67508.0,115492.0,66630.0,205823.0,199041.0,184418.0,,957943.0,553079.0,577147.0,11750.0,565396.0,28.0,15252.0,124892.0,36820.0,0.0,125659.0,148911.0,609431.0,144322.0,3238.0,3107.0,,,,,,,,,,,,45.0,95041.0,17435.0,730.0,591.0,4691.0,,,,,,,,,,,,,,6345.0,,,,,,,,,,19.22,72.1,103.5,100.31,325.31,0.03,0.22,0.0,,,,,,,,,,,,,,,4,2011-10-01,2011-Q4,,,,,,,,,,,Требуется ручная проверка,0,
937,"ЗАО ""ОРБАНК""",2012,,,,,,,,,,,,,,,,,,,168584.0,51394.0,0.0,141216.0,152679.0,834830.0,242028.0,4616.0,13005.0,,,,,,,,,,,,48.0,128444.0,24934.0,1143.0,875.0,7530.0,,,,,,,,,,,,,,17621.0,,,,,,,,,,16.69,49.83,81.02,96.21,297.88,0.0,0.8,0.0,,,,,,,,,,,,,,,1,2012-01-01,2012-Q1,,,,,,,,,,,Требуется ручная проверка,0,
937,"ЗАО ""ОРБАНК""",2012,150000.0,401981.0,171015.0,68979.0,54651.0,46865.0,193917.0,231160.0,147740.0,562409.0,,994696.0,615796.0,677965.0,14900.0,663064.0,20.0,20686.0,47134.0,14088.0,0.0,13123.0,1766.0,160995.0,42511.0,1348.0,6884.0,,,,,,,,,,,,33.0,32078.0,9740.0,131.0,394.0,2229.0,,,,,,,,,,,,,,8232.0,,,,,,,,,,21.52,64.92,75.28,55.54,201.87,0.0,0.41,0.0,,,,,,,,,,,,,,,2,2012-04-01,2012-Q2,,,,,,,,,,,Требуется ручная проверка,0,
937,"ЗАО ""ОРБАНК""",2012,150000.0,414233.0,171015.0,81231.0,31660.0,125704.0,78943.0,259748.0,153981.0,403170.0,,1161952.0,748223.0,613765.0,15000.0,598764.0,15.0,19954.0,96486.0,29406.0,0.0,30286.0,8502.0,356421.0,106406.0,2569.0,7683.0,,,,,,,,,,,,49.0,68154.0,18919.0,676.0,801.0,5292.0,,,,,,,,,,,,,,10252.0,,,,,,,,,,22.07,70.55,79.24,55.66,191.01,0.0,0.36,0.0,,,,,,,,,,,,,,,3,2012-07-01,2012-Q3,,,,,,,,,,,Требуется ручная проверка,0,
937,"ЗАО ""ОРБАНК""",2012,150000.0,414233.0,171015.0,81231.0,33293.0,53783.0,138924.0,265334.0,149329.0,429636.0,,1336375.0,921712.0,677891.0,55500.0,622390.0,126.0,21751.0,149588.0,44223.0,0.0,47234.0,13686.0,564886.0,166722.0,3714.0,9963.0,,,,,,,,,,,,54.0,112165.0,25668.0,858.0,1570.0,8140.0,,,,,,,,,,,,,,13677.0,,,,,,,,,,19.96,63.32,76.24,84.62,199.66,0.0,0.28,0.0,,,,,,,,,,,,,,,4,2012-10-01,2012-Q4,,0409135,,,,,,,,,Требуется ручная проверка,0,
937,"ЗАО ""ОРБАНК""",2013,150000.0,414233.0,171015.0,81231.0,46530.0,44290.0,169323.0,253785.0,176484.0,427660.0,,1398119.0,967850.0,668646.0,90500.0,578145.0,,20220.0,200755.0,59049.0,0.0,64748.0,19691.0,803275.0,282691.0,4846.0,17176.0,,,,,,,,,,,,57.0,154998.0,32132.0,1672.0,2917.0,9472.0,,,,,,,,,,,,,,22022.0,,,,,,,,,,21.85,55.54,82.57,104.97,173.76,0.23,0.51,0.0,,,,,,,,,,,,,,,1,2013-01-01,2013-Q1,,,,,,,,,,,Требуется ручная проверка,0,
937,"ЗАО ""ОРБАНК""",2013,150000.0,414233.0,171015.0,81231.0,43153.0,46556.0,65100.0,201339.0,176154.0,462715.0,,1308551.0,931058.0,622670.0,46100.0,576569.0,0.0,21312.0,49930.0,14596.0,0.0,17021.0,4794.0,167498.0,64128.0,633.0,2909.0,,,,,,,,,,,,6.0,38881.0,8599.0,207.0,1119.0,2082.0,,,,,,,,,,,,,,3542.0,,,,,,,,,,19.07,40.98,65.73,104.81,223.67,0.23,0.48,0.0,,,,,,,,,401198.0,,,,,,2,2013-04-01,2013-Q2,,0409135,,,,,,,,,Требуется ручная проверка,0,
937,"ЗАО ""ОРБАНК""",2013,150000.0,429970.0,171015.0,96968.0,47000.0,37112.0,24849.0,206198.0,229688.0,406490.0,,1326592.0,890706.0,632938.0,23600.0,609337.0,,20570.0,100797.0,29644.0,0.0,37661.0,15365.0,368190.0,121227.0,1521.0,4191.0,,,,,,,,,,,,17.0,78203.0,17862.0,1134.0,1844.0,4359.0,,,,,,,,,,,,,,5712.0,,,,,,,,,,18.8,53.09,74.91,118.04,227.45,0.0,0.25,0.0,,,,,,,,,557144.0,,,,,,3,2013-07-01,2013-Q3,,0409135,,,,,,,,,Требуется ручная проверка,0,
937,"ЗАО ""ОРБАНК""",2013,150000.0,429970.0,171015.0,96968.0,49430.0,36625.0,35103.0,192783.0,175196.0,305694.0,,1449183.0,1081204.0,655483.0,23500.0,631982.0,0.0,23380.0,158611.0,47190.0,0.0,51331.0,17783.0,560715.0,175568.0,2314.0,6651.0,,,,,,,,,,,,47.0,124211.0,24288.0,1812.0,2657.0,7909.0,,,,,,,,,,,,,,8965.0,,,,,,,,,,16.29,38.22,55.32,91.31,266.83,0.0,0.25,0.0,,,,,,,,,485544.0,,,,,,4,2013-10-01,2013-Q4,,0409135,,,,,,,,,Требуется ручная проверка,0,
937,"ЗАО ""ОРБАНК""",2014,150000.0,429970.0,171015.0,96968.0,47344.0,48366.0,5095.0,213049.0,163787.0,350340.0,,1424338.0,1047502.0,696629.0,11000.0,665229.0,0.0,65793.0,216094.0,62819.0,0.0,71625.0,53585.0,824891.0,296798.0,3384.0,12090.0,,,,,,,,,,,,120.0,171454.0,30414.0,2663.0,3231.0,8200.0,,,,,,,,,,,,,,15474.0,,,,,,,,,,19.74,39.96,74.97,71.3,215.87,0.0,0.22,0.0,,,,,,,,,415581.0,,,,,,1,2014-01-01,2014-Q1,,,,,,,,,,,Требуется ручная проверка,0,
937,"ЗАО ""ОРБАНК""",2014,150000.0,429970.0,171015.0,96968.0,49316.0,132379.0,90533.0,205390.0,179685.0,291801.0,,1407387.0,1022312.0,661634.0,5000.0,636234.0,0.0,17010.0,50923.0,14014.0,0.0,19251.0,8044.0,210602.0,48286.0,569.0,957.0,0.0,0.0,,0.0,0.0,,,,,,,59.0,43264.0,5065.0,101.0,229.0,1482.0,,,,,,,,,,,,,,1526.0,,,,,11.97,11.97,18.92,,,,38.94,67.6,55.48,215.35,0.0,0.3,0.0,,,,,,,,,343143.0,,,,,441584.0,2,2014-04-01,2014-Q2,,,,,,,,,,,Требуется ручная проверка,0,
937,"ЗАО ""ОРБАНК""",2014,150000.0,,0.0,107742.0,,,,,,,,,,,,,,,106569.0,26651.0,0.0,44254.0,19173.0,441518.0,104914.0,1269.0,3455.0,0.0,0.0,,0.0,0.0,,,,,,,110.0,89092.0,12528.0,280.0,1408.0,2864.0,,,,,,,,,,,,,,4724.0,,,,,11.51,11.51,17.65,,,,47.32,70.86,56.77,239.41,0.0,0.42,0.0,,,,,,,,,447743.0,,,,,443843.0,3,2014-07-01,2014-Q3,,,,,,,,,,,Требуется ручная проверка,0,
937,"ЗАО ""ОРБАНК""",2014,150000.0,440465.0,171015.0,107463.0,70641.0,41927.0,90669.0,253807.0,205903.0,350936.0,,1524182.0,1064472.0,585045.0,10500.0,574545.0,0.0,58893.0,164707.0,42557.0,0.0,70628.0,53130.0,752274.0,211915.0,1947.0,3250.0,0.0,0.0,,0.0,0.0,,,,,,,183.0,136372.0,19621.0,377.0,1627.0,7528.0,,,,,,,,,,,,,,5197.0,,,,,10.38,10.38,16.02,,,,44.81,61.34,79.14,291.96,0.0,0.52,0.0,,,,,,,,,491018.0,,,,,443583.0,4,2014-10-01,2014-Q4,,,,,,,,,,,Требуется ручная проверка,0,
937,"ЗАО ""ОРБАНК""",2015,150000.0,440465.0,171015.0,107463.0,74800.0,113244.0,7570.0,172086.0,243855.0,332790.0,,1509586.0,1093645.0,651530.0,24000.0,627530.0,5.0,19272.0,227222.0,53442.0,0.0,182586.0,131146.0,1714728.0,329260.0,2528.0,6022.0,0.0,0.0,,0.0,0.0,,,,,,,311.0,185767.0,26198.0,683.0,2206.0,6827.0,,,,,,,,,,,,,,8550.0,,,,,10.69,10.69,16.64,,,,61.51,97.12,54.97,268.52,0.0,0.51,0.0,,,,,,,,,729511.0,,,,,448005.0,1,2015-01-01,2015-Q1,,,,,,,,,,,Требуется ручная проверка,0,
937,"ЗАО ""ОРБАНК""",2015,150000.0,440549.0,171099.0,107463.0,73176.0,219910.0,134511.0,194758.0,260105.0,454515.0,,1393314.0,938451.0,783215.0,34070.0,749145.0,4.0,23004.0,82358.0,27473.0,0.0,51754.0,41616.0,863881.0,126302.0,201.0,4468.0,0.0,0.0,,0.0,0.0,,,,,,,237.0,53563.0,10411.0,45.0,1465.0,7034.0,,,,,,,,,,,,,,4669.0,,,,,9.83,9.83,15.32,,,,43.26,111.73,64.58,323.72,0.0,0.49,0.0,,,,,,,,,466457.0,,,,,446589.0,2,2015-04-01,2015-Q2,,,,,,,,,,,Требуется ручная проверка,0,
937,"ЗАО ""ОРБАНК""",2015,150000.0,446589.0,173274.0,111328.0,71612.0,60667.0,3939.0,156402.0,301428.0,744008.0,,1294395.0,836565.0,717607.0,28170.0,689437.0,63.0,21556.0,161690.0,53551.0,0.0,117582.0,82791.0,1557451.0,223340.0,899.0,2387.0,0.0,0.0,,0.0,0.0,,,,,,,340.0,97645.0,29692.0,323.0,2408.0,12201.0,,,,,,,,,,,,,,3286.0,,,,,8.97,8.97,13.8,,,,39.81,97.86,107.72,350.68,0.0,0.48,0.0,,,,,,,,,410241.0,,,,,444193.0,3,2015-07-01,2015-Q3,,,,,,,,,,,Требуется ручная проверка,0,
937,"АО ""ОРБАНК""",2015,150000.0,,0.0,112851.0,,,,,,,,,,,,,,,252729.0,75498.0,0.0,219559.0,172755.0,2509871.0,289526.0,1573.0,4384.0,0.0,0.0,,0.0,0.0,,,,,,,1027.0,158575.0,51253.0,324.0,3612.0,14599.0,,,,,,,,,,,,,,5957.0,,,,,8.15,8.15,12.62,,,,49.95,141.22,97.95,449.18,0.0,0.43,0.0,,,,,,,,,615563.0,,,,,447160.0,4,2015-10-01,2015-Q4,,,,,,,,,,,Требуется ручная проверка,0,
937,"АО ""ОРБАНК""",2016,150000.0,448601.0,175286.0,111328.0,80578.0,214686.0,4926.0,152081.0,282798.0,1127646.0,,1768344.0,1333465.0,947123.0,220926.0,726197.0,340.0,19939.0,343040.0,97016.0,0.0,276325.0,224581.0,3565333.0,413630.0,2007.0,9035.0,0.0,0.0,,0.0,0.0,,,,,,,1355.0,222161.0,72767.0,325.0,5776.0,16733.0,,,,,,,,,,,,,,11042.0,,,,,7.69,7.69,12.16,,,,77.65,137.92,70.14,430.42,0.0,0.42,0.0,,,,,,,,,1124956.0,,,,,455311.0,1,2016-01-01,2016-Q1,,,,,,,,,,,Требуется ручная проверка,0,
937,"АО ""ОРБАНК""",2016,150000.0,498725.0,225410.0,111328.0,69255.0,399682.0,56084.0,151794.0,312272.0,1283046.0,,1739889.0,1275823.0,907873.0,131206.0,776667.0,358.0,23691.0,92058.0,29189.0,0.0,1226.0,11095.0,1440392.0,56384.0,669.0,9608.0,0.0,0.0,,0.0,0.0,,,,,,,163.0,62279.0,20512.0,0.0,1589.0,9998.0,,,,,,,,,,,,,,8939.0,,,2289.0,8248.0,7.54,7.54,12.08,,,,77.2,123.73,84.16,391.46,0.0,0.53,0.0,,,,,,,,,988204.0,,,,,438429.0,2,2016-04-01,2016-Q2,,,,,,,,,,,Требуется ручная проверка,0,
937,"АО ""ОРБАНК""",2016,150000.0,,0.0,118820.0,,,,,,,,,,,,,,,181979.0,54220.0,0.0,1610.0,22888.0,2239880.0,106263.0,1517.0,1714.0,0.0,0.0,,0.0,0.0,,,,,,,451.0,129951.0,37277.0,0.0,2632.0,17805.0,,,,,,,,,,,,,,3231.0,,,3567.0,3899.0,8.58,8.58,13.17,,,,63.55,125.22,53.73,339.83,0.0,0.46,0.0,,,,,,,,,802094.0,,,,,456429.0,3,2016-07-01,2016-Q3,,,,,,,,,,,Требуется ручная проверка,0,
937,"АО ""ОРБАНК""",2016,150000.0,552500.0,272688.0,117825.0,68946.0,595806.0,4827.0,88632.0,373128.0,1230921.0,,1968274.0,1506514.0,756098.0,66737.0,689361.0,3690.0,21829.0,276258.0,79149.0,0.0,3763.0,24409.0,2851607.0,206954.0,2608.0,3578.0,0.0,0.0,,0.0,0.0,,,,,,,824.0,200388.0,55490.0,0.0,3410.0,27693.0,,,,,,,,,,,,,,6186.0,,,3868.0,5327.0,8.11,8.11,12.47,,,,87.19,128.03,85.19,388.57,0.0,0.38,0.0,,,,,,,,,1380324.0,,,,,457593.0,4,2016-10-01,2016-Q4,,,,,,,,,,,Требуется ручная проверка,0,
937,"АО ""ОРБАНК""",2017,150000.0,551386.0,271574.0,117825.0,54506.0,883364.0,104830.0,135250.0,423099.0,1332298.0,,2096535.0,1538186.0,851487.0,67363.0,784124.0,1079.0,28964.0,383588.0,41.0,0.0,5239.0,18425.0,3570906.0,307569.0,3509.0,8184.0,0.0,0.0,,0.0,0.0,,,,,,,894.0,281639.0,74521.0,41.0,4726.0,44903.0,,,,,,,,,,,,,,11693.0,,,4104.0,9111.0,7.02,7.02,11.0,,,,99.0,183.81,49.03,404.83,0.0,0.88,0.0,,,,,,,,,1647180.0,,,,,463707.0,1,2017-01-01,2017-Q1,,,,,,,,,,,Требуется ручная проверка,0,
937,"АО ""ОРБАНК""",2017,150000.0,550979.0,271167.0,117825.0,78293.0,693406.0,154309.0,120718.0,419994.0,1768146.0,,2013721.0,1473009.0,1242899.0,421370.0,821529.0,824.0,37810.0,110218.0,176.0,0.0,1015.0,7280.0,726508.0,110181.0,1677.0,1106.0,0.0,0.0,,0.0,0.0,,,,,,,9.0,75161.0,28133.0,176.0,9192.0,14583.0,,,,,,,,,,,,,,2783.0,,,284.0,786.0,7.887,7.887,12.141,,,,108.654,149.379,60.123,370.448,0.0,0.838,0.0,,,,,,,,,2222341.0,,,,,457943.0,2,2017-04-01,2017-Q2,,,,,,,,,,,Требуется ручная проверка,0,
937,"АО ""ОРБАНК""",2017,150000.0,553755.0,270636.0,121132.0,98709.0,745918.0,254203.0,65754.0,478282.0,1385846.0,,2059936.0,1515900.0,903998.0,78677.0,825321.0,418.0,35928.0,202142.0,214.0,0.0,2520.0,8856.0,1597500.0,184497.0,12919.0,2586.0,0.0,0.0,,0.0,0.0,,,,,,,26.0,142328.0,49164.0,214.0,11545.0,22580.0,,,,,,,,,,,,,,15505.0,,,555.0,2136.0,8.006,8.006,12.392,,,,101.88,137.142,90.645,376.666,0.0,0.755,0.0,,,,,,,,,1875846.0,,,,,462713.0,3,2017-07-01,2017-Q3,,,,,,,,,,,Требуется ручная проверка,0,
937,"АО ""ОРБАНК""",2017,150000.0,553503.0,270384.0,121132.0,98666.0,599511.0,4040.0,71462.0,595121.0,1323188.0,,2245637.0,1579054.0,983476.0,145065.0,838411.0,386.0,33483.0,288027.0,240.0,0.0,4005.0,10999.0,2391412.0,234843.0,13660.0,2556.0,0.0,0.0,,0.0,0.0,,,,,,,49.0,206601.0,67434.0,240.0,14014.0,26764.0,,,,,,,,,,,,,,16216.0,,,886.0,1209.0,8.771,8.771,13.518,,,,86.31,116.035,109.676,338.168,0.0,0.72,0.0,,,,,,,,,1699099.0,,,,,463322.0,4,2017-10-01,2017-Q4,,,,,,,,,,,Требуется ручная проверка,0,
937,"АО ""ОРБАНК""",2018,150000.0,552292.0,269173.0,121132.0,106508.0,382268.0,311089.0,93061.0,783355.0,1150802.0,,2318832.0,1442416.0,879735.0,71709.0,808026.0,643.0,29744.0,367624.0,326.0,0.0,5337.0,13622.0,2772887.0,267336.0,14638.0,14646.0,0.0,0.0,,0.0,0.0,,,,,,,52.0,266288.0,84618.0,326.0,15940.0,29367.0,,,,,,,,,,,,,,29284.0,,,1206.0,13272.0,9.051,9.051,14.271,,,,59.005,129.722,48.084,358.448,0.0,0.68,0.0,,,,,,,,,1046639.0,,,,,476031.0,1,2018-01-01,2018-Q1,,,,,,,,,,,Требуется ручная проверка,0,
937,"АО ""ОРБАНК""",2018,150000.0,551810.0,268691.0,121132.0,72052.0,348082.0,463993.0,107711.0,796565.0,1029910.0,,2329079.0,1424803.0,832965.0,85850.0,747115.0,581.0,29288.0,75978.0,126.0,0.0,72.0,4114.0,433269.0,22886.0,338.0,860.0,0.0,0.0,,0.0,0.0,,,,,,,7.0,55207.0,16326.0,126.0,4045.0,2741.0,,,,,,,,,,,,,,1198.0,,,43.0,359.0,8.972,8.972,13.655,7.951,,,65.568,122.561,48.176,354.969,0.0,0.688,0.0,,,,,,,,,1235157.0,,,,,464858.0,2,2018-04-01,2018-Q2,,,,,,,,,,,Требуется ручная проверка,0,
937,"АО ""ОРБАНК""",2018,150000.0,553975.0,267977.0,124011.0,85195.0,244143.0,412493.0,125374.0,769460.0,1161173.0,,2258381.0,1363547.0,794262.0,122715.0,671547.0,566.0,27138.0,146350.0,334.0,0.0,479.0,1776.0,1107256.0,58309.0,4907.0,2112.0,0.0,0.0,,0.0,0.0,,,,,,,8.0,105893.0,34255.0,334.0,6230.0,5435.0,,,,,,,,,,,,,,7019.0,,,152.0,1127.0,9.576,9.576,14.537,9.069,,,63.814,112.487,77.743,299.963,0.0,0.676,0.0,,,,,,,,,1100020.0,,,,,465773.0,3,2018-07-01,2018-Q3,,,,,,,,,,,Требуется ручная проверка,0,
937,"АО ""ОРБАНК""",2018,150000.0,553343.0,267345.0,124011.0,77016.0,151517.0,362493.0,136514.0,982698.0,1053807.0,,2170860.0,1051648.0,829941.0,133970.0,695971.0,554.0,12019.0,222970.0,339.0,0.0,609.0,1885.0,1673643.0,112633.0,5324.0,2398.0,0.0,0.0,,0.0,0.0,,,,,,,8.0,163000.0,49882.0,339.0,8205.0,7641.0,,,,,,,,,,,,,,7722.0,,,271.0,1030.0,6.063,9.339,14.408,99999999.999,,,72.503,122.628,0.0,0.0,0.0,0.0,0.0,,,,,,,,,1205258.0,,,,,446966.0,4,2018-10-01,2018-Q4,,,,,,,,,,,Требуется ручная проверка,0,
937,"АО ""ОРБАНК""",2019,150000.0,553038.0,267040.0,124011.0,106545.0,226086.0,157324.0,107694.0,1020069.0,751303.0,,2107899.0,980136.0,754195.0,75170.0,679025.0,945.0,14792.0,281529.0,345.0,0.0,1373.0,1599.0,2413493.0,176251.0,5825.0,4869.0,0.0,0.0,,0.0,0.0,,,,,,,235.0,205232.0,62286.0,345.0,10613.0,10059.0,,,,,,,,,,,,,,10694.0,,,372.0,3517.0,5.937,11.036,16.67,99999999.999,,,25.315,120.33,0.0,0.0,,0.0,0.0,,,,,,,,,547334.0,,,,,468469.0,1,2019-01-01,2019-Q1,,,,,,,,,,,Требуется ручная проверка,0,
937,"АО ""ОРБАНК""",2019,150000.0,555725.0,269727.0,124011.0,113104.0,362880.0,161796.0,115057.0,1098326.0,438534.0,,2147742.0,934359.0,816180.0,110570.0,705610.0,2151.0,12694.0,51894.0,38.0,0.0,80.0,0.0,594576.0,44684.0,236.0,1373.0,0.0,0.0,,0.0,0.0,,,,,,,272.0,38550.0,8267.0,38.0,2564.0,1534.0,,,,,,,,,,,,,,1609.0,,,3755.0,1726.0,,11.677,17.355,,,,,106.955,,,,,,,,,,,,,,1293435.0,,,,,468162.0,2,2019-04-01,2019-Q2,,,,,,,,,,,Требуется ручная проверка,0,
937,"АО ""ОРБАНК""",2019,150000.0,559535.0,270143.0,127405.0,71171.0,115966.0,311796.0,204140.0,1133919.0,262356.0,,2367147.0,1029088.0,840657.0,155313.0,685344.0,2098.0,10312.0,98477.0,24806.0,0.0,486.0,1810.0,1099237.0,74223.0,580.0,1148.0,0.0,0.0,,0.0,0.0,,,,,,,654.0,76865.0,14275.0,24806.0,6889.0,2860.0,,,,,,,,,,,,,,568.0,,,8897.0,801.0,,12.028,18.316,,,,,121.333,,,,,,,,,,,,,,1629967.0,,,,,440591.0,3,2019-07-01,2019-Q3,,,,,,,,,,,Требуется ручная проверка,0,
937,"АО ""ОРБАНК""",2019,150000.0,560162.0,270770.0,127405.0,74706.0,41063.0,209374.0,181220.0,1139897.0,245168.0,,2253322.0,932205.0,767747.0,91759.0,675988.0,2290.0,9388.0,138569.0,24814.0,0.0,1106.0,1812.0,1830722.0,84229.0,967.0,6713.0,0.0,0.0,,0.0,0.0,,,,,,,1288.0,111396.0,18029.0,24814.0,9421.0,3854.0,,,,,,,,,,,,,,5746.0,,,11130.0,2933.0,,12.216,18.758,,,,,105.458,,,,,,,,,,,,,,1554588.0,,,,,432509.0,4,2019-10-01,2019-Q4,,,,,,,,,,,Требуется ручная проверка,0,
937,"АО ""ОРБАНК""",2020,150000.0,562051.0,272659.0,127405.0,53590.0,7843.0,459812.0,176906.0,1180344.0,243753.0,,2252513.0,895263.0,892579.0,222373.0,670206.0,2132.0,8908.0,184760.0,25918.0,0.0,1550.0,1812.0,2261480.0,118765.0,1261.0,5342.0,0.0,0.0,,0.0,0.0,,,,,,,1350.0,147440.0,22147.0,24835.0,12626.0,4793.0,,,,,,,,,,,,,,6603.0,,,13342.0,10555.0,,14.12,21.039,,,,,137.253,,,,,,,,,,,,,,465859.0,,,,,445798.0,1,2020-01-01,2020-Q1,,,,,,,,,,,Требуется ручная проверка,0,
937,"АО ""ОРБАНК""",2020,150000.0,563143.0,273751.0,127405.0,84217.0,46726.0,310224.0,157931.0,1202990.0,261158.0,,1944418.0,583497.0,1179572.0,529914.0,649658.0,2098.0,8631.0,51361.0,520.0,0.0,55.0,296.0,580249.0,47035.0,163.0,284.0,0.0,0.0,,0.0,0.0,,,,,,,20314.0,26559.0,4435.0,20.0,9232.0,793.0,,,,,,,,,,,,,,447.0,,,1734.0,101.0,,16.184,24.428,,,,,130.814,,,,,,,,,,,,,,1065739.0,,,,,446241.0,2,2020-04-01,2020-Q2,,,,,,,,,,,Требуется ручная проверка,0,
937,"АО ""ОРБАНК""",2020,150000.0,563843.0,274451.0,127405.0,57833.0,67338.0,458652.0,32210.0,1042066.0,252966.0,,1780858.0,706582.0,1417228.0,811814.0,605414.0,1428.0,8140.0,97733.0,89621.0,0.0,520.0,296.0,1014264.0,67599.0,389.0,0.0,0.0,0.0,,0.0,0.0,,,,,,,39577.0,49111.0,8992.0,88611.0,18988.0,1310.0,,,,,,,,,,,,,,581.0,,,3551.0,1113.0,,15.021,22.873,,,,,160.125,,,,,,,,,,,,,,693172.0,,,,,446298.0,3,2020-07-01,2020-Q3,,,,,,,,,,,Требуется ручная проверка,0,
937,"АО ""ОРБАНК""",2020,150000.0,566036.0,275816.0,128233.0,60064.0,42980.0,266035.0,25840.0,1041567.0,259079.0,,1816193.0,748786.0,1144533.0,673550.0,470983.0,1289.0,7271.0,140583.0,90166.0,0.0,1000.0,296.0,1224608.0,97611.0,657.0,2537.0,0.0,0.0,,0.0,0.0,,,,,,,5.0,72884.0,13493.0,88631.0,29183.0,1549.0,,,,,,,,,,,,,,3194.0,,,4979.0,4760.0,,14.279,21.936,,,,,97.974,,,,,,,,,,,,,,731180.0,,,,,447786.0,4,2020-10-01,2020-Q4,,,,,,,,,,,Требуется ручная проверка,0,
937,"АО ""ОРБАНК""",2021,150000.0,567459.0,277239.0,128233.0,42607.0,63518.0,154861.0,27262.0,1041545.0,312136.0,,1858702.0,789895.0,1143482.0,718511.0,424971.0,1255.0,7400.0,183997.0,90762.0,0.0,2595.0,296.0,1535853.0,150642.0,859.0,647.0,0.0,0.0,,0.0,0.0,,,,,,,9.0,97819.0,18695.0,88692.0,38832.0,1614.0,,,,,,,,,,,,,,1506.0,,,6602.0,3715.0,,14.217,21.867,,,,,152.943,,,,,,,,,,,,,,404211.0,,,,,447898.0,1,2021-01-01,2021-Q1,,,,,,,,,,,Требуется ручная проверка,0,
937,"АО ""ОРБАНК""",2021,150000.0,525748.0,235528.0,128233.0,57410.0,35454.0,755572.0,20303.0,1038634.0,307404.0,,1702408.0,643471.0,1141531.0,783912.0,357619.0,888.0,7942.0,36095.0,552.0,0.0,42.0,0.0,390264.0,30076.0,130.0,3388.0,0.0,0.0,,0.0,0.0,,,,,,,1.0,21654.0,5550.0,19.0,9356.0,4.0,,,,,,,,,,,,,,3518.0,,,2698.0,689.0,,14.242,21.193,,,,,135.473,,,,,,,,,,,,,,1210334.0,,,,,432003.0,2,2021-04-01,2021-Q2,,,,,,,,,,,Требуется ручная проверка,0,
937,"АО ""ОРБАНК""",2021,150000.0,522493.0,231835.0,128671.0,39256.0,26351.0,840992.0,27377.0,1035408.0,421624.0,,1688844.0,626059.0,449588.0,134713.0,314875.0,1036.0,5668.0,65029.0,13676.0,0.0,487.0,3716.0,717680.0,61089.0,631.0,9464.0,0.0,0.0,,0.0,0.0,,,,,,,1.0,41668.0,13388.0,12594.0,11015.0,4.0,,,,,,,,,,,,,,10095.0,,,6037.0,644.0,,17.996,25.476,,,,,110.864,,,,,,,,,,,,,,966169.0,,,,,441145.0,3,2021-07-01,2021-Q3,,,,,,,,,,,Требуется ручная проверка,0,
937,"АО ""ОРБАНК""",2021,150000.0,521946.0,231288.0,128671.0,42898.0,10714.0,690852.0,22186.0,842157.0,418657.0,,1495453.0,631110.0,424200.0,156589.0,267611.0,921.0,4739.0,,,,,,,,,,0.0,0.0,,0.0,0.0,,,,,,,,,,,,,,,,,,,,,,,,,,,,,,,,24.016,30.821,,,,,95.778,,,,,,,,,,,,,,544662.0,,,,,420589.0,4,2021-10-01,2021-Q4,,,,,,,,,,,Требуется ручная проверка,0,
948,"ЗАО ""МОССТРОЙЭКОНОМБАНК""",2007,400000.0,1451741.0,641328.0,,116588.0,260691.0,320000.0,248778.0,127061.0,147177.0,76121.0,10047219.0,9638418.0,6534057.0,5963080.0,570895.0,,299442.0,296847.0,12917.0,0.0,6558.0,86689.0,907060.0,483.0,0.0,35295.0,,,,,,,,,,,,,,,,,,,,,,,,,,,,,,,,,,,,,,,,,,,,,,,,,,,,,,,,,,,,,,,2,2007-04-01,2007-Q2,,,,,,,,,,,Требуется ручная проверка,0,
948,"ЗАО ""МОССТРОЙЭКОНОМБАНК""",2007,400000.0,1451568.0,641328.0,,135017.0,1430204.0,30000.0,570163.0,145606.0,155725.0,44925.0,11975886.0,11253360.0,7078400.0,6422618.0,647521.0,,455822.0,658223.0,20127.0,0.0,11972.0,188079.0,1814271.0,2202.0,0.0,141578.0,,,,,,,,,,,,,,,,,,,,,,,,,,,,,,,,,,,,,,,,,,,,,,,,,,,,,,,,,,,,,,,3,2007-07-01,2007-Q3,,,,,,,,,,,Требуется ручная проверка,0,
948,"ЗАО ""МОССТРОЙЭКОНОМБАНК""",2007,400000.0,1493292.0,641328.0,,107538.0,429479.0,300000.0,358776.0,114649.0,162374.0,45910.0,7200607.0,6727086.0,2474674.0,1678679.0,787581.0,,342443.0,902448.0,25950.0,2.0,17357.0,236597.0,2867942.0,2685.0,0.0,159335.0,,,,,,,,,,,,,,,,,,,,,,,,,,,,,,,,,,,,,,,,,,,,,,,,,,,,,,,,,,,,,,,4,2007-10-01,2007-Q4,,,,,,,,,,,Требуется ручная проверка,0,
948,"ЗАО ""МОССТРОЙЭКОНОМБАНК""",2008,400000.0,1492762.0,641328.0,,187052.0,677151.0,710000.0,541148.0,117276.0,162592.0,20087.0,7184943.0,6522629.0,2747691.0,1877648.0,861434.0,,200616.0,1138737.0,36175.0,2.0,24674.0,281576.0,3897827.0,3438.0,0.0,222102.0,,,,,,,,,,,,,,,,,,,,,,,,,,,,,,,,,,,,,,,,,,,,,,,,,,,,,,,,,,,,,,,1,2008-01-01,2008-Q1,,,,,,,,,,,Требуется ручная проверка,0,
948,"ЗАО ""МОССТРОЙЭКОНОМБАНК""",2008,400000.0,1492502.0,641328.0,391174.0,155061.0,343722.0,330579.0,1367676.0,124800.0,328330.0,17466.0,8099059.0,6606583.0,2776341.0,1196540.0,1450055.0,,280484.0,258090.0,115679.0,0.0,57334.0,8607.0,1019719.0,553968.0,0.0,20564.0,,,,,,,,,,,,2367.0,248431.0,4983.0,26295.0,31502.0,22439.0,,,,,,,,,,,,,,,,,,,,,,,,,,,,,,,,,,,,,,,,,,,,,,2,2008-04-01,2008-Q2,,,,,,,,,,,Требуется ручная проверка,0,
948,"ЗАО ""МОССТРОЙЭКОНОМБАНК""",2008,400000.0,1492342.0,641328.0,391014.0,181198.0,464732.0,1298519.0,826920.0,153167.0,316378.0,,7226081.0,6245950.0,2733988.0,1096070.0,1507828.0,,296651.0,503894.0,208666.0,2.0,128208.0,13868.0,2127065.0,1208647.0,0.0,64612.0,,,,,,,,,,,,3076.0,488240.0,10269.0,34490.0,61976.0,35914.0,,,,,,,,,,,,,,,,,,,,,,,,,,,,,,,,,,,,,,,,,,,,,,3,2008-07-01,2008-Q3,,,,,,,,,,,Требуется ручная проверка,0,
948,"ЗАО ""МОССТРОЙЭКОНОМБАНК""",2008,400000.0,1541006.0,641328.0,439678.0,161042.0,264876.0,308731.0,720891.0,182331.0,388975.0,,8346445.0,7442983.0,2810183.0,1121356.0,1558517.0,,351937.0,773818.0,283605.0,8.0,189728.0,26152.0,3531045.0,1958778.0,0.0,107673.0,,,,,,,,,,,,4761.0,750866.0,15882.0,36201.0,72883.0,56261.0,,,,,,,,,,,,,,,,,,,,,,,,,,,,,,,,,,,,,,,,,,,,,,4,2008-10-01,2008-Q4,,,,,,,,,,,Требуется ручная проверка,0,
948,"ЗАО ""МОССТРОЙЭКОНОМБАНК""",2009,1200000.0,1542182.0,229137.0,53045.0,187864.0,277395.0,10000.0,574903.0,236943.0,409054.0,,8072155.0,7260085.0,4102673.0,2411646.0,1562125.0,,27731.0,1030068.0,419153.0,956.0,311653.0,116365.0,5063079.0,2432412.0,0.0,130681.0,,,,,,,,,,,,6647.0,999749.0,21363.0,43168.0,118717.0,100237.0,,,,,,,,,,,,,,,,,,,,,,,,,,,,,,,,,,,,,,,,,,,,,,1,2009-01-01,2009-Q1,,,,,,,,,,,Требуется ручная проверка,0,
948,"ЗАО ""МОССТРОЙЭКОНОМБАНК""",2009,1200000.0,1542182.0,229137.0,53045.0,219874.0,129494.0,30000.0,581130.0,545629.0,474785.0,,8801530.0,7674625.0,4069208.0,2308452.0,1755338.0,,30818.0,268023.0,136499.0,0.0,133102.0,141297.0,2094808.0,324951.0,21838.0,1975.0,,,,,,,,,,,,1535.0,260704.0,5784.0,26897.0,56813.0,5217.0,,,,,,,,,,,,,,23813.0,,,,,,,,,,,,,,,,,,,,,,,,,,,,,,,,2,2009-04-01,2009-Q2,,,,,,,,,,,Требуется ручная проверка,0,
948,"ЗАО ""МОССТРОЙЭКОНОМБАНК""",2009,1200000.0,1542182.0,229137.0,53045.0,147038.0,144089.0,92345.0,543055.0,602115.0,414881.0,,8716304.0,7571097.0,3771008.0,2242139.0,1524995.0,,27257.0,529462.0,285729.0,0.0,255258.0,258201.0,3934695.0,1109776.0,22092.0,12766.0,,,,,,,,,,,,1791.0,516189.0,11477.0,56559.0,112399.0,24306.0,,,,,,,,,,,,,,34858.0,,,,,,,,,,,,,,,,,,,,,,,,,,,,,,,,3,2009-07-01,2009-Q3,,,,,,,,,,,Требуется ручная проверка,0,
948,"ЗАО ""МОССТРОЙЭКОНОМБАНК""",2009,1200000.0,1587734.0,229137.0,,175274.0,126489.0,62345.0,423085.0,894958.0,408480.0,,8804277.0,7486095.0,3550649.0,1863870.0,1683225.0,,105950.0,778613.0,430510.0,580.0,459792.0,446536.0,5686397.0,1421033.0,9490.0,15326.0,,,,,,,,,,,,2023.0,759847.0,16738.0,88413.0,166606.0,35822.0,,,,,,,,,,,,,,24816.0,,,,,,,,,,,,,,,,,,,,,,,,,,,,,,,,4,2009-10-01,2009-Q4,,,,,,,,,,,Требуется ручная проверка,0,
948,"ЗАО ""МОССТРОЙЭКОНОМБАНК""",2010,1200000.0,1587734.0,229137.0,,230945.0,376762.0,75345.0,519138.0,1249421.0,383603.0,,8629322.0,6860763.0,3315755.0,1508933.0,1805266.0,,130597.0,1020710.0,582075.0,614.0,629281.0,581435.0,7717764.0,2376854.0,11375.0,65620.0,,,,,,,,,,,,2270.0,996483.0,21952.0,135224.0,212182.0,45075.0,,,,,,,,,,,,,,76995.0,,,,,,,,,,,,,,,,,,,,,,,,,,,,,,,,1,2010-01-01,2010-Q1,,,,,,,,,,,Требуется ручная проверка,0,
948,"ЗАО ""МОССТРОЙЭКОНОМБАНК""",2010,1200000.0,1587734.0,229137.0,,367448.0,283406.0,70345.0,449268.0,1463301.0,363056.0,,9644751.0,7732182.0,4188556.0,1901507.0,2285208.0,,132453.0,265564.0,190120.0,0.0,91275.0,41244.0,1505266.0,604107.0,664.0,15979.0,,,,,,,,,,,,1186.0,259582.0,4796.0,63804.0,52695.0,10634.0,,,,,,,,,,,,,,16643.0,,,,,,,,,,,,,,,,,,,,,,,,,,,,,,,,2,2010-04-01,2010-Q2,,,,,,,,,,,Требуется ручная проверка,0,
948,"ЗАО ""МОССТРОЙЭКОНОМБАНК""",2010,1200000.0,1587734.0,229137.0,0.0,398199.0,192595.0,470345.0,504232.0,1463103.0,361578.0,,10422975.0,8455391.0,5068934.0,2422448.0,2644504.0,,149056.0,519804.0,365268.0,0.0,289976.0,221646.0,3242619.0,937167.0,22645.0,30795.0,,,,,,,,,,,,2725.0,507346.0,9733.0,100535.0,112680.0,14108.0,,,,,,,,,,,,,,53440.0,,,,,,,,,,,,,,,,,,,,,,,,,,,,,,,,3,2010-07-01,2010-Q3,,,,,,,,,,,Требуется ручная проверка,0,
948,"ЗАО ""МОССТРОЙЭКОНОМБАНК""",2010,1200000.0,1647161.0,229137.0,38024.0,346479.0,491008.0,575345.0,417103.0,1411278.0,362009.0,,10149245.0,8320861.0,4526872.0,1735653.0,2788905.0,,183515.0,779892.0,530526.0,19.0,413741.0,273597.0,4772838.0,1525310.0,34219.0,44062.0,,,,,,,,,,,,3883.0,761297.0,14712.0,128405.0,156682.0,29800.0,,,,,,,,,,,,,,78281.0,,,,,,,,,,,,,,,,,,,,,,,,,,,,,,,,4,2010-10-01,2010-Q4,,,,,,,,,,,Требуется ручная проверка,0,
948,"ЗАО ""МОССТРОЙЭКОНОМБАНК""",2011,,,,,,,,,,,,,,,,,,,1053611.0,681874.0,1484.0,557079.0,358614.0,6451177.0,2123810.0,36054.0,60591.0,,,,,,,,,,,,5054.0,1028530.0,20027.0,157114.0,194368.0,33735.0,,,,,,,,,,,,,,96645.0,,,,,,,,,,,,,,,,,,,,,,,,,,,,,,,,1,2011-01-01,2011-Q1,,,,,,,,,,,Требуется ручная проверка,0,
948,"ЗАО ""МОССТРОЙЭКОНОМБАНК""",2011,1200000.0,1647161.0,229137.0,38024.0,407638.0,559504.0,1110000.0,755097.0,1389987.0,414135.0,,11215353.0,9070124.0,5615348.0,2094566.0,3518542.0,,205472.0,274225.0,143991.0,0.0,109765.0,74471.0,1317946.0,428162.0,6852.0,13192.0,,,,,,,,,,,,547.0,267353.0,6325.0,18474.0,41230.0,6369.0,,,,,,,,,,,,,,20044.0,,,,,,,,,,14.13,48.07,51.94,109.63,421.56,18.02,0.54,0.42,,,,,,,,,,,,,,,2,2011-04-01,2011-Q2,,,,,,,,,,,Требуется ручная проверка,0,
948,"ЗАО ""МОССТРОЙЭКОНОМБАНК""",2011,,,,,,,,,,,,,,,,,,,539067.0,289280.0,2662.0,252731.0,151941.0,2967020.0,1160078.0,6123.0,34831.0,,,,,,,,,,,,1071.0,516766.0,12341.0,35948.0,84932.0,14117.0,,,,,,,,,,,,,,40954.0,,,,,,,,,,14.12,42.47,69.84,96.94,373.94,18.55,0.66,0.41,,,,,,,,,,,,,,,3,2011-07-01,2011-Q3,,,,,,,,,,,Требуется ручная проверка,0,
948,"ЗАО ""МОССТРОЙЭКОНОМБАНК""",2011,1200000.0,1687496.0,229137.0,78359.0,526268.0,176823.0,3760000.0,495853.0,1823333.0,388447.0,,7664931.0,5345601.0,5392343.0,1910452.0,3479642.0,,359332.0,770158.0,434832.0,2989.0,439724.0,255760.0,4810617.0,1778162.0,29928.0,37603.0,,,,,,,,,,,,1362.0,709914.0,17971.0,40111.0,129292.0,33242.0,,,,,,,,,,,,,,7675.0,,,,,,,,,,16.42,40.92,65.0,75.7,348.55,19.79,0.88,0.43,,,,,,,,,,,,,,,4,2011-10-01,2011-Q4,,,,,,,,,,,Требуется ручная проверка,0,
948,"ЗАО ""МОССТРОЙЭКОНОМБАНК""",2012,,,,,,,,,,,,,,,,,,,1009785.0,573436.0,2989.0,617917.0,468814.0,7016107.0,2799273.0,22835.0,50319.0,,,,,,,,,,,,1710.0,903639.0,21523.0,44608.0,163731.0,48615.0,,,,,,,,,,,,,,73154.0,,,,,,,,,,15.74,30.03,59.33,74.89,286.75,1.47,0.58,0.41,,,,,,,,,,,,,,,1,2012-01-01,2012-Q1,,,,,,,,,,,Требуется ручная проверка,0,
948,"ЗАО ""МОССТРОЙЭКОНОМБАНК""",2012,1200000.0,1687647.0,229137.0,78510.0,587944.0,291594.0,3088200.0,412890.0,1100487.0,281582.0,,7834175.0,6320756.0,5481838.0,1673254.0,3375019.0,,394133.0,234925.0,132672.0,0.0,120479.0,165853.0,1714255.0,803446.0,2777.0,36375.0,,,,,,,,,,,,370.0,186065.0,3560.0,2750.0,37666.0,5993.0,,,,,,,,,,,,,,39152.0,,,,,,,,,,14.16,41.86,59.47,95.6,353.18,4.17,0.57,0.41,,,,,,,,,,,,,,,2,2012-04-01,2012-Q2,,,,,,,,,,,Требуется ручная проверка,0,
948,"ЗАО ""М БАНК""",2012,1200000.0,1687757.0,229247.0,78510.0,368577.0,333075.0,4535200.0,539536.0,1153041.0,465506.0,,9774818.0,8082114.0,6129708.0,2082237.0,3253927.0,,401071.0,505964.0,279883.0,0.0,629579.0,342812.0,3662957.0,1214046.0,43880.0,50696.0,,,,,,,,,,,,1263.0,403799.0,9798.0,13255.0,82540.0,11464.0,,,,,,,,,,,,,,94576.0,,,,,,,,,,13.14,38.42,67.9,90.3,378.57,3.45,2.98,0.36,,,,,,,,,,,,,,,3,2012-07-01,2012-Q3,,,,,,,,,,,Требуется ручная проверка,0,
948,"ЗАО ""М БАНК""",2012,1200000.0,1715322.0,229140.0,106182.0,225823.0,56996.0,3435000.0,669488.0,888814.0,1574629.0,,10138183.0,8276565.0,8895232.0,3561945.0,4337617.0,,383954.0,876169.0,501166.0,3086.0,950352.0,704929.0,5986230.0,1996061.0,60652.0,52384.0,,,,,,,,,,,,2767.0,704071.0,30096.0,43484.0,140244.0,34002.0,,,,,,,,,,,,,,113036.0,,,,,,,,,,12.59,74.37,75.73,67.27,380.26,2.75,1.25,0.33,,,,,,,,,,,,,,,4,2012-10-01,2012-Q4,,0409135,,,,,,,,,Требуется ручная проверка,0,
948,"ЗАО ""М БАНК""",2013,1200000.0,1715339.0,229157.0,106182.0,365175.0,254284.0,1784357.0,588979.0,908055.0,1593680.0,,10790457.0,9001469.0,9843312.0,3134564.0,6134543.0,,423992.0,1264588.0,777705.0,3086.0,1163680.0,907617.0,7851494.0,2806909.0,28660.0,202472.0,,,,,,,,,,,,23246.0,1023588.0,53430.0,70786.0,191440.0,76892.0,,,,,,,,,,,,,,231132.0,,,,,,,,,,12.13,69.18,80.93,50.59,418.08,1.96,0.94,0.29,,,,,,,,,,,,,,,1,2013-01-01,2013-Q1,,,,,,,,,,,Требуется ручная проверка,0,
948,"ЗАО ""М БАНК""",2013,1200000.0,1715357.0,35.0,335322.0,570303.0,298622.0,3083101.0,684584.0,1275038.0,1602887.0,,11529505.0,9502182.0,11931117.0,2605469.0,8259395.0,34.0,438597.0,403178.0,317528.0,0.0,115618.0,108710.0,2683383.0,1614486.0,47499.0,9772.0,,,,,,,,,,,,11283.0,348169.0,22504.0,15331.0,44320.0,26638.0,,,,,,,,,,,,,,57271.0,,,,,,,,,,11.9,66.13,109.19,21.99,445.57,1.66,0.95,0.0,,,,,,,,,4407658.0,,,,,,2,2013-04-01,2013-Q2,,0409135,,,,,,,,,Требуется ручная проверка,0,
948,"ЗАО ""М БАНК""",2013,1200000.0,1715349.0,27.0,335322.0,491786.0,374202.0,3365331.0,2032049.0,1008176.0,1675234.0,,15676860.0,12567611.0,15005060.0,1100389.0,12873010.0,15.0,678541.0,891582.0,720963.0,0.0,239643.0,236823.0,5854674.0,2972165.0,16111.0,11817.0,,,,,,,,,,,,21965.0,783205.0,44822.0,23444.0,95788.0,30636.0,,,,,,,,,,,,,,27928.0,,,,,,,,,,11.26,80.98,107.17,45.84,472.66,1.06,0.5,0.0,,,,,,,,,4259423.0,,,,,,3,2013-07-01,2013-Q3,,0409135,,,,,,,,,Требуется ручная проверка,0,
948,"ЗАО ""М БАНК""",2013,1200000.0,1884164.0,93.0,504071.0,718095.0,166552.0,2616237.0,1948543.0,1058466.0,2575413.0,,18329505.0,15024258.0,17697493.0,823281.0,15799108.0,17.0,673246.0,1492250.0,1180141.0,504.0,380872.0,300273.0,8382580.0,4164283.0,11682.0,152515.0,,,,,,,,,,,,25225.0,1347605.0,67759.0,40580.0,111902.0,36541.0,,,,,,,,,,,,,,164197.0,,,,,,,,,,10.06,119.21,125.85,49.96,587.05,1.01,0.25,0.0,,,,,,,,,7779176.0,,,,,,4,2013-10-01,2013-Q4,,0409135,,,,,,,,,Требуется ручная проверка,0,
948,"ЗАО ""М БАНК""",2014,1200000.0,1884469.0,398.0,504071.0,462625.0,263405.0,1893809.0,2025449.0,844671.0,4633498.0,,16140089.0,13269864.0,19042092.0,484710.0,16970631.0,71242.0,701892.0,2214473.0,1729038.0,504.0,513541.0,365983.0,11023464.0,5447505.0,38999.0,125997.0,,,,,,,,,,,,27394.0,2017041.0,110643.0,88175.0,124375.0,47815.0,,,,,,,,,,,,,,164996.0,,,,,,,,,,11.23,67.38,124.22,58.82,482.93,0.84,0.13,0.0,,,,,,,,,2514285.0,,,,,,1,2014-01-01,2014-Q1,,,,,,,,,,,Требуется ручная проверка,0,
948,"ЗАО ""М БАНК""",2014,1200000.0,1884095.0,24.0,504071.0,318483.0,903443.0,1901442.0,1763324.0,571828.0,3572053.0,,16291564.0,13956392.0,19608737.0,512363.0,17557029.0,73518.0,643301.0,638621.0,558728.0,0.0,340893.0,468690.0,2594412.0,761532.0,27265.0,103181.0,,,,,,,,,,,,13542.0,584992.0,38341.0,48249.0,12655.0,1289.0,,,,,,,,,,,,,,130446.0,,,,,5.95,6.75,11.33,,,,99.59,85.27,69.66,506.56,0.72,0.3,0.0,,,,,,,,,5355885.0,,,,,,2,2014-04-01,2014-Q2,,,,,,,,,,,Требуется ручная проверка,0,
948,"ЗАО ""М БАНК""",2014,1150516.0,,265000.0,634442.0,,,,,,,,,,,,,,,1458852.0,1151963.0,0.0,1045063.0,745191.0,6027435.0,1665262.0,80520.0,309855.0,265000.0,0.0,,1242000.0,1242000.0,,,,,,,68007.0,1314057.0,73134.0,98223.0,24884.0,1289.0,,,,,,,,,,,,,,390375.0,,,,,5.91,6.64,10.58,,,,88.99,76.89,84.69,546.5,0.7,0.14,0.0,,,,,,,,,9165524.0,,,,,3854647.0,3,2014-07-01,2014-Q3,,,,,,,,,,,Требуется ручная проверка,0,
948,"ЗАО ""М БАНК""",2014,1200000.0,2215534.0,201092.0,634442.0,286618.0,441702.0,2653461.0,1134941.0,380545.0,790040.0,,20478151.0,18962665.0,20061333.0,317943.0,18220499.0,74075.0,727242.0,2360124.0,1742291.0,605.0,5327690.0,3286726.0,14311062.0,3218937.0,102438.0,324570.0,265000.0,0.0,,1242000.0,1242000.0,,,,,,,123742.0,2067686.0,95113.0,153847.0,35347.0,1289.0,,,,,,,,,,,,,,427008.0,,,,,6.38,7.15,11.28,,,,92.63,89.95,114.0,534.94,10.92,0.49,0.0,,,,,,,,,7458084.0,,,,,3921030.0,4,2014-10-01,2014-Q4,,,,,,,,,,,Требуется ручная проверка,0,
948,"ЗАО ""М БАНК""",2015,1200000.0,2215531.0,201084.0,634447.0,260590.0,96851.0,2482520.0,1056264.0,486162.0,1906950.0,,22461383.0,20918957.0,21467416.0,360000.0,18874993.0,81709.0,745858.0,3542880.0,2361645.0,605.0,6998577.0,5558474.0,26303650.0,5096128.0,116375.0,503728.0,265000.0,0.0,,1242000.0,1242000.0,,,,,,,246724.0,2928414.0,138031.0,267737.0,44732.0,1289.0,,,,,,,,,,,,,,620103.0,,,,,5.95,6.64,11.03,,,,114.76,64.79,102.99,503.76,9.5,0.29,0.0,,,,,,,,,13254318.0,,,,,4248775.0,1,2015-01-01,2015-Q1,,,,,,,,,,,Требуется ручная проверка,0,
948,"ЗАО ""М БАНК""",2015,1200000.0,2390106.0,375659.0,634447.0,338262.0,414980.0,2572471.0,962948.0,707858.0,2985887.0,,24902360.0,23231554.0,22473189.0,281226.0,19341400.0,736.0,212778.0,1266714.0,936255.0,0.0,2738642.0,909845.0,9959525.0,2610226.0,37039.0,53623.0,265000.0,0.0,,1242000.0,1242000.0,,,,,,,69178.0,928134.0,81748.0,205551.0,8575.0,0.0,,,,,,,,,,,,,,90662.0,,,,,6.24,6.98,11.31,,,,95.82,65.81,93.69,555.33,8.01,2.84,0.0,,,,,,,,,7192341.0,,,,,4102402.0,2,2015-04-01,2015-Q2,,,,,,,,,,,Требуется ручная проверка,0,
948,"ЗАО ""М БАНК""",2015,1200000.0,2415232.0,400785.0,634447.0,249208.0,596458.0,2592156.0,502691.0,307660.0,2773328.0,,21456066.0,20645715.0,19871296.0,274960.0,16750077.0,691.0,243135.0,2548580.0,1997219.0,19827.0,3931867.0,1458048.0,18854071.0,7028394.0,20910.0,628601.0,265000.0,0.0,,1242000.0,1242000.0,,,,,,,218379.0,1772949.0,163794.0,486297.0,20126.0,0.0,,,,,,,,,,,,,,607691.0,,,,,7.64,8.36,12.41,,,,142.16,63.97,53.15,450.54,6.59,0.28,0.0,,,,,,,,,13454854.0,,,,,4611793.0,3,2015-07-01,2015-Q3,,,,,,,,,,,Требуется ручная проверка,0,
96,"ОАО ""КЕМСОЦИНБАНК""",2007,5181.0,34699.0,1673.0,,2387.0,38846.0,,5152.0,2335.0,0.0,,76377.0,68890.0,57066.0,10095.0,46971.0,,2421.0,3671.0,479.0,0.0,3532.0,219.0,17369.0,512.0,0.0,1228.0,,,,,,,,,,,,,,,,,,,,,,,,,,,,,,,,,,,,,,,,,,,,,,,,,,,,,,,,,,,,,,,2,2007-04-01,2007-Q2,,,,,,,,,,,Требуется ручная проверка,0,
96,"ОАО ""КЕМСОЦИНБАНК""",2007,5181.0,34185.0,1673.0,,13694.0,57633.0,7000.0,5341.0,2758.0,1003.0,,74965.0,66866.0,88348.0,37145.0,51203.0,,2105.0,8039.0,821.0,0.0,6638.0,766.0,32414.0,557.0,0.0,5548.0,,,,,,,,,,,,,,,,,,,,,,,,,,,,,,,,,,,,,,,,,,,,,,,,,,,,,,,,,,,,,,,3,2007-07-01,2007-Q3,,,,,,,,,,,Требуется ручная проверка,0,
96,"ОАО ""КЕМСОЦИНБАНК""",2007,5181.0,40290.0,1673.0,,7843.0,44125.0,,18050.0,2560.0,0.0,,141284.0,120674.0,84913.0,36745.0,48168.0,,3736.0,13810.0,1490.0,0.0,10094.0,1365.0,54136.0,606.0,0.0,8219.0,,,,,,,,,,,,,,,,,,,,,,,,,,,,,,,,,,,,,,,,,,,,,,,,,,,,,,,,,,,,,,,4,2007-10-01,2007-Q4,,,,,,,,,,,Требуется ручная проверка,0,
96,"ОАО ""КЕМСОЦИНБАНК""",2008,47181.0,82087.0,1673.0,,26512.0,111179.0,,26074.0,5224.0,,,189879.0,158581.0,72647.0,16245.0,56402.0,,2578.0,20667.0,2669.0,0.0,11680.0,1885.0,102195.0,647.0,0.0,13650.0,,,,,,,,,,,,,,,,,,,,,,,,,,,,,,,,,,,,,,,,,,,,,,,,,,,,,,,,,,,,,,,1,2008-01-01,2008-Q1,,,,,,,,,,,Требуется ручная проверка,0,
96,"ОАО ""КЕМСОЦИНБАНК""",2008,47181.0,81415.0,1673.0,29103.0,10805.0,55134.0,10000.0,32556.0,18992.0,,,280479.0,228931.0,132380.0,41745.0,90635.0,,5455.0,10985.0,4097.0,74.0,14171.0,0.0,52373.0,28020.0,0.0,3955.0,,,,,,,,,,,,0.0,10984.0,1.0,691.0,1133.0,0.0,,,,,,,,,,,,,,,,,,,,,,,,,,,,,,,,,,,,,,,,,,,,,,2,2008-04-01,2008-Q2,,,,,,,,,,,Требуется ручная проверка,0,
96,"ОАО ""КЕМСОЦИНБАНК""",2008,47181.0,80194.0,1673.0,27882.0,6706.0,86164.0,,57765.0,18274.0,,,345679.0,269640.0,135614.0,31178.0,104436.0,,4301.0,25754.0,9938.0,74.0,28800.0,0.0,112648.0,64291.0,0.0,9411.0,,,,,,,,,,,,0.0,25487.0,267.0,3055.0,1740.0,0.0,,,,,,,,,,,,,,,,,,,,,,,,,,,,,,,,,,,,,,,,,,,,,,3,2008-07-01,2008-Q3,,,,,,,,,,,Требуется ручная проверка,0,
96,"ОАО ""КЕМСОЦИНБАНК""",2008,47181.0,89247.0,1673.0,36935.0,5454.0,137082.0,,98040.0,17724.0,,,433324.0,317560.0,184608.0,28078.0,156530.0,,5789.0,44310.0,18008.0,74.0,52775.0,0.0,177910.0,97720.0,0.0,20145.0,,,,,,,,,,,,0.0,44043.0,267.0,6310.0,2187.0,0.0,,,,,,,,,,,,,,,,,,,,,,,,,,,,,,,,,,,,,,,,,,,,,,4,2008-10-01,2008-Q4,,,,,,,,,,,Требуется ручная проверка,0,
96,"ОАО ""КЕМСОЦИНБАНК""",2009,47181.0,89247.0,1673.0,36935.0,3522.0,30932.0,,95826.0,17487.0,,,435148.0,321835.0,150222.0,15078.0,135144.0,,564.0,62992.0,25269.0,74.0,79264.0,0.0,258060.0,145003.0,0.0,32493.0,,,,,,,,,,,,0.0,62725.0,267.0,9386.0,2249.0,0.0,,,,,,,,,,,,,,,,,,,,,,,,,,,,,,,,,,,,,,,,,,,,,,1,2009-01-01,2009-Q1,,,,,,,,,,,Требуется ручная проверка,0,
96,"ОАО ""КЕМСОЦИНБАНК""",2009,47181.0,89247.0,1673.0,36935.0,10300.0,56815.0,,84020.0,17806.0,,,417918.0,316092.0,193288.0,18078.0,175210.0,,423.0,18605.0,8189.0,0.0,13797.0,0.0,58981.0,28656.0,251.0,2456.0,,,,,,,,,,,,0.0,18605.0,0.0,2996.0,77.0,0.0,,,,,,,,,,,,,,2707.0,,,,,,,,,,,,,,,,,,,,,,,,,,,,,,,,2,2009-04-01,2009-Q2,,,,,,,,,,,Требуется ручная проверка,0,
96,"ОАО ""КЕМСОЦИНБАНК""",2009,47181.0,89247.0,1673.0,36935.0,11679.0,44205.0,,62655.0,20793.0,,,391161.0,307713.0,177934.0,23500.0,154434.0,,368.0,36598.0,18175.0,,27321.0,,116016.0,55925.0,957.0,4349.0,,,,,,,,,,,,,36598.0,,7084.0,423.0,1.0,,,,,,,,,,,,,,5306.0,,,,,,,,,,,,,,,,,,,,,,,,,,,,,,,,3,2009-07-01,2009-Q3,,,,,,,,,,,Требуется ручная проверка,0,
96,"ОАО ""КЕМСОЦИНБАНК""",2009,47181.0,108731.0,1673.0,55419.0,20241.0,31736.0,0.0,52761.0,19766.0,,,387340.0,314813.0,164998.0,21100.0,143898.0,,1499.0,55541.0,28122.0,,42650.0,,184229.0,91913.0,1828.0,6543.0,,,,,,,,,,,,,55541.0,,11342.0,960.0,12.0,,,,,,,,,,,,,,8371.0,,,,,,,,,,,,,,,,,,,,,,,,,,,,,,,,4,2009-10-01,2009-Q4,,,,,,,,,,,Требуется ручная проверка,0,
96,"ОАО ""КЕМСОЦИНБАНК""",2010,47181.0,108731.0,1673.0,55419.0,19543.0,82335.0,28.0,55820.0,22465.0,,,395183.0,316898.0,228778.0,42100.0,186678.0,,2037.0,75511.0,39074.0,,63782.0,,281595.0,151629.0,2672.0,10134.0,,,,,,,,,,,,,75511.0,,14964.0,1523.0,26.0,,,,,,,,,,,,,,12806.0,,,,,,,,,,,,,,,,,,,,,,,,,,,,,,,,1,2010-01-01,2010-Q1,,,,,,,,,,,Требуется ручная проверка,0,
96,"ОАО ""КЕМСОЦИНБАНК""",2010,47181.0,108731.0,1673.0,55419.0,12750.0,141330.0,28.0,55071.0,26678.0,,,378733.0,296984.0,322634.0,34600.0,288034.0,,3109.0,19459.0,12364.0,0.0,12559.0,,53584.0,23943.0,796.0,2492.0,,,,,,,,,,,,0.0,19459.0,0.0,986.0,777.0,11.0,,,,,,,,,,,,,,3288.0,,,,,,,,,,,,,,,,,,,,,,,,,,,,,,,,2,2010-04-01,2010-Q2,,,,,,,,,,,Требуется ручная проверка,0,
96,"ОАО ""Кемсоцинбанк""",2010,47181.0,117894.0,1673.0,59582.0,19086.0,107267.0,37.0,52565.0,27860.0,,,432578.0,352153.0,348415.0,27600.0,320815.0,,3304.0,39876.0,24548.0,,27457.0,,119346.0,54646.0,1935.0,2831.0,,,,,,,,,,,,,39519.0,127.0,1201.0,1482.0,18.0,,,,,,,,,,,,,,4766.0,,,,,,,,,,,,,,,,,,,,,,,,,,,,,,,,3,2010-07-01,2010-Q3,,,,,,,,,,,Требуется ручная проверка,0,
96,"ОАО ""Кемсоцинбанк""",2010,47181.0,117894.0,1673.0,59582.0,30083.0,59754.0,37.0,50092.0,26602.0,,,441642.0,364948.0,377283.0,17505.0,359778.0,,3903.0,61383.0,37089.0,,49213.0,,182084.0,76345.0,1658.0,5177.0,,,,,,,,,,,,,60033.0,395.0,1201.0,1851.0,19.0,,,,,,,,,,,,,,6835.0,,,,,,,,,,,,,,,,,,,,,,,,,,,,,,,,4,2010-10-01,2010-Q4,,,,,,,,,,,Требуется ручная проверка,0,
96,"ОАО ""Кемсоцинбанк""",2011,,,,,,,,,,,,,,,,,,,82099.0,50688.0,,85011.0,,330270.0,173027.0,2100.0,10449.0,,,,,,,,,,,,,79620.0,596.0,1201.0,1991.0,19.0,,,,,,,,,,,,,,12549.0,,,,,,,,,,,,,,,,,,,,,,,,,,,,,,,,1,2011-01-01,2011-Q1,,,,,,,,,,,Требуется ручная проверка,0,
96,"ОАО ""Кемсоцинбанк""",2011,90000.0,160466.0,1426.0,59582.0,32007.0,87357.0,40037.0,60119.0,27915.0,,,489811.0,401777.0,514381.0,11005.0,503376.0,,5923.0,20380.0,15763.0,,29656.0,,64873.0,16648.0,679.0,1895.0,,,,,,,,,,,,,17639.0,1597.0,,118.0,,,,,,,,,,,,,,,2574.0,,,,,,,,,,28.38,77.05,176.89,18.96,226.22,0.0,2.73,0.0,,,,,,,,,,,,,,,2,2011-04-01,2011-Q2,,,,,,,,,,,Требуется ручная проверка,0,
96,"ОАО ""Кемсоцинбанк""",2011,,,,,,,,,,,,,,,,,,,46254.0,33028.0,,61907.0,,143634.0,39761.0,2148.0,5134.0,,,,,,,,,,,,,39152.0,4787.0,,242.0,,,,,,,,,,,,,,,7282.0,,,,,,,,,,21.59,59.48,128.11,34.22,306.59,0.0,2.59,0.0,,,,,,,,,,,,,,,3,2011-07-01,2011-Q3,,,,,,,,,,,Требуется ручная проверка,0,
96,"ОАО ""Кемсоцинбанк""",2011,90000.0,170538.0,1426.0,69654.0,42823.0,373237.0,37.0,122881.0,31766.0,,,763025.0,608378.0,565662.0,15000.0,550662.0,,11123.0,76020.0,47926.0,,97645.0,,240601.0,79447.0,4190.0,13632.0,,,,,,,,,,,,,65842.0,6765.0,,368.0,,,,,,,,,,,,,,,17822.0,,,,,,,,,,20.13,63.13,100.92,42.65,304.0,0.0,2.9,0.0,,,,,,,,,,,,,,,4,2011-10-01,2011-Q4,,,,,,,,,,,Требуется ручная проверка,0,
96,"ОАО ""Кемсоцинбанк""",2012,,,,,,,,,,,,,,,,,,,107569.0,62061.0,,126456.0,,373129.0,158471.0,6625.0,20424.0,,,,,,,,,,,,,94422.0,8675.0,,477.0,,,,,,,,,,,,,,,27049.0,,,,,,,,,,22.31,85.83,115.67,55.58,262.3,0.0,2.72,0.0,,,,,,,,,,,,,,,1,2012-01-01,2012-Q1,,,,,,,,,,,Требуется ручная проверка,0,
96,"ОАО ""Кемсоцинбанк""",2012,90000.0,170538.0,,71080.0,46993.0,143276.0,37.0,155310.0,82596.0,,,925310.0,687404.0,682176.0,17000.0,665176.0,,12852.0,30945.0,16537.0,,25103.0,,103406.0,55248.0,1577.0,7980.0,,,,,,,,,,,,,28956.0,301.0,,100.0,,,,,,,,,,,,,,,9557.0,,,,,,,,,,20.34,58.71,113.27,51.11,295.5,0.0,2.19,0.0,,,,,,,,,,,,,,,2,2012-04-01,2012-Q2,,,,,,,,,,,Требуется ручная проверка,0,
96,"ОАО ""Кемсоцинбанк""",2012,90000.0,189773.0,,90315.0,36504.0,361412.0,30037.0,162165.0,98988.0,,,929431.0,668278.0,756043.0,17500.0,738543.0,,12052.0,64768.0,35160.0,,48878.0,,234553.0,136757.0,4567.0,16035.0,,,,,,,,,,,,,60060.0,1895.0,,219.0,,,,,,,,,,,,,,,20602.0,,,,,,,,,,21.03,62.36,163.5,39.39,277.75,0.0,1.89,0.0,,,,,,,,,,,,,,,3,2012-07-01,2012-Q3,,,,,,,,,,,Требуется ручная проверка,0,
96,"ОАО ""Кемсоцинбанк""",2012,90000.0,189773.0,,90315.0,34610.0,427400.0,120037.0,191643.0,89966.0,,,981795.0,700186.0,802397.0,10500.0,791897.0,,13607.0,103761.0,56408.0,,78149.0,,350253.0,195132.0,7707.0,27283.0,,,,,,,,,,,,,95732.0,5113.0,,260.0,,,,,,,,,,,,,,,34990.0,,,,,,,,,,19.53,100.47,126.26,46.5,278.09,0.0,2.14,0.0,,,,,,,,,,,,,,,4,2012-10-01,2012-Q4,,0409135,,,,,,,,,Требуется ручная проверка,0,
96,"ОАО ""Кемсоцинбанк""",2013,90000.0,189773.0,,90315.0,22646.0,223987.0,95037.0,219086.0,91869.0,,,1079202.0,768247.0,728746.0,23500.0,705146.0,,15083.0,145336.0,76419.0,0.0,110551.0,0.0,477517.0,262179.0,11592.0,41376.0,,,,,,,,,,,,0.0,134266.0,8154.0,265.0,377.0,0.0,,,,,,,,,,,,,,52968.0,,,,,,,,,,20.65,76.03,112.02,31.07,245.69,0.0,2.2,0.0,,,,,,,,,,,,,,,1,2013-01-01,2013-Q1,,,,,,,,,,,Требуется ручная проверка,0,
96,"ОАО ""Кемсоцинбанк""",2013,90000.0,189773.0,,90315.0,47890.0,465188.0,35037.0,216703.0,35426.0,,,944777.0,692648.0,869508.0,65500.0,804008.0,,15600.0,40001.0,21520.0,0.0,21231.0,0.0,104368.0,51354.0,1916.0,8312.0,,,,,,,,,,,,0.0,37746.0,2255.0,584.0,182.0,0.0,,,,,,,,,,,,,,10228.0,,,,,,,,,,23.0,120.04,144.35,25.43,203.58,0.0,2.51,0.0,,,,,,,,,560476.0,,,,,,2,2013-04-01,2013-Q2,,0409135,,,,,,,,,Требуется ручная проверка,0,
96,"ОАО ""Кемсоцинбанк""",2013,90000.0,230788.0,,131330.0,71653.0,292939.0,280037.0,195806.0,39178.0,,,995557.0,760573.0,887543.0,15500.0,872043.0,,14412.0,79440.0,44705.0,0.0,40251.0,0.0,269415.0,163250.0,3312.0,13899.0,,,,,,,,,,,,0.0,76786.0,2654.0,964.0,229.0,0.0,,,,,,,,,,,,,,17211.0,,,,,,,,,,19.84,115.66,151.7,36.63,268.56,0.0,2.18,0.0,,,,,,,,,677747.0,,,,,,3,2013-07-01,2013-Q3,,0409135,,,,,,,,,Требуется ручная проверка,0,
96,"ОАО ""Кемсоцинбанк""",2013,90000.0,230788.0,,131330.0,57096.0,367105.0,275287.0,190401.0,47256.0,,,976086.0,738429.0,945110.0,13000.0,932110.0,,15365.0,119451.0,69758.0,0.0,62889.0,0.0,503973.0,341953.0,6100.0,20831.0,,,,,,,,,,,,0.0,116213.0,3038.0,1460.0,230.0,0.0,,,,,,,,,,,,,,26931.0,,,,,,,,,,23.0,124.82,161.79,37.53,202.02,0.0,2.27,0.0,,,,,,,,,688117.0,,,,,,4,2013-10-01,2013-Q4,,0409135,,,,,,,,,Требуется ручная проверка,0,
96,"ОАО ""Кемсоцинбанк""",2014,90000.0,230788.0,,131330.0,51519.0,615447.0,151537.0,171342.0,59225.0,,,812012.0,581445.0,987058.0,,987058.0,,42726.0,153360.0,95973.0,0.0,74381.0,0.0,751266.0,548672.0,7200.0,25801.0,,,,,,,,,,,,0.0,149016.0,3239.0,1460.0,220.0,0.0,,,,,,,,,,,,,,33001.0,,,,,,,,,,24.49,185.7,198.41,34.17,187.73,0.0,2.15,0.0,,,,,,,,,729519.0,,,,,,1,2014-01-01,2014-Q1,,,,,,,,,,,Требуется ручная проверка,0,
96,"ОАО ""Кемсоцинбанк""",2014,90000.0,230788.0,,131330.0,62885.0,782641.0,152.0,153171.0,68659.0,,,859643.0,637813.0,891547.0,,891547.0,,38428.0,31117.0,23763.0,0.0,5011.0,0.0,127438.0,60119.0,36.0,65657.0,,,,,,,,,,,,0.0,30757.0,360.0,0.0,23763.0,0.0,,,,,,,,,,,,,,65693.0,,,,,18.93,18.93,26.15,,,,138.43,143.12,45.23,156.66,0.0,1.66,0.0,,,,,,,,,414614.0,,,,,318887.0,2,2014-04-01,2014-Q2,,,,,,,,,,,Требуется ручная проверка,0,
96,"ОАО ""Кемсоцинбанк""",2014,90000.0,,,156367.0,,,,,,,,,,,,,,,64992.0,44863.0,0.0,9633.0,0.0,262042.0,155255.0,129.0,66853.0,,,,,,,,,,,,0.0,64249.0,743.0,0.0,44855.0,0.0,,,,,,,,,,,,,,66982.0,,,,,21.11,21.11,26.44,,,,131.46,135.52,40.28,163.85,0.0,1.64,0.0,,,,,,,,,489856.0,,,,,320318.0,3,2014-07-01,2014-Q3,,,,,,,,,,,Требуется ручная проверка,0,
96,"ОАО ""Кемсоцинбанк""",2014,90000.0,255825.0,,156367.0,54021.0,390566.0,152.0,141875.0,76402.0,,,865105.0,646828.0,812286.0,,812286.0,4.0,32290.0,99955.0,65852.0,0.0,14734.0,0.0,565510.0,417953.0,222.0,68785.0,,,,,,,,,,,,0.0,98757.0,1198.0,0.0,65843.0,0.0,,,,,,,,,,,,,,69007.0,,,,,20.86,20.86,26.3,,,,131.63,162.95,43.76,168.39,0.0,1.63,0.0,,,,,,,,,395326.0,,,,,322457.0,4,2014-10-01,2014-Q4,,,,,,,,,,,Требуется ручная проверка,0,
96,"ОАО ""Кемсоцинбанк""",2015,90000.0,255825.0,,156367.0,39496.0,268188.0,150152.0,167045.0,76010.0,,,797764.0,554709.0,795408.0,0.0,795408.0,2.0,9638.0,137843.0,85392.0,0.0,20240.0,0.0,671908.0,480359.0,321.0,55534.0,,,,,,,,,,,,0.0,136128.0,1715.0,0.0,5.0,0.0,,,,,,,,,,,,,,55855.0,,,,,20.87,20.87,25.23,,,,94.36,136.45,44.62,178.15,0.0,1.34,0.0,,,,,,,,,222320.0,,,,,309298.0,1,2015-01-01,2015-Q1,,,,,,,,,,,Требуется ручная проверка,0,
96,"ОАО ""Кемсоцинбанк""",2015,90000.0,255825.0,,156367.0,52487.0,116167.0,100152.0,156291.0,82532.0,,,895898.0,657075.0,725078.0,,725078.0,1.0,8552.0,40772.0,26842.0,0.0,5729.0,0.0,88789.0,42876.0,56.0,907.0,,,,,,,,,,,,0.0,40272.0,500.0,0.0,67.0,0.0,,,,,,,,,,,,,,963.0,,,,,19.86,19.86,24.16,,,,101.84,160.27,56.14,203.46,0.0,1.24,0.0,,,,,,,,,334342.0,,,,,310240.0,2,2015-04-01,2015-Q2,,,,,,,,,,,Требуется ручная проверка,0,
96,"ОАО ""Кемсоцинбанк""",2015,90000.0,255825.0,,156367.0,34747.0,75753.0,100152.0,141203.0,130444.0,,,1013145.0,741498.0,808878.0,,808878.0,2.0,9121.0,88641.0,58195.0,0.0,10154.0,0.0,215587.0,95384.0,145.0,39728.0,,,,,,,,,,,,0.0,84464.0,4177.0,0.0,67.0,0.0,,,,,,,,,,,,,,39873.0,,,,,22.26,22.26,25.0,,,,100.37,125.85,49.72,202.93,0.0,1.12,0.0,,,,,,,,,291276.0,,,,,349367.0,3,2015-07-01,2015-Q3,,,,,,,,,,,Требуется ручная проверка,0,
96,"АО ""Кемсоцинбанк""",2015,90000.0,,,211629.0,,,,,,,,,,,,,,,139674.0,95601.0,0.0,14109.0,0.0,397081.0,189004.0,161.0,6926.0,,,,,,,,,,,,0.0,130423.0,9251.0,0.0,80.0,0.0,,,,,,,,,,,,,,7087.0,,,,,22.54,22.54,22.96,,,,130.03,155.31,51.74,215.88,0.0,1.15,0.0,,,,,,,,,575250.0,,,,,316832.0,4,2015-10-01,2015-Q4,,,,,,,,,,,Требуется ручная проверка,0,
96,"АО ""Кемсоцинбанк""",2016,90000.0,311087.0,,211629.0,70555.0,197741.0,270152.0,211350.0,135624.0,,,954961.0,607987.0,1055576.0,,1055576.0,357.0,8512.0,191153.0,135689.0,0.0,17802.0,200.0,543595.0,278866.0,174.0,5510.0,,,,,,,,,,,,0.0,179260.0,11893.0,0.0,80.0,0.0,,,,,,,,,,,,,,5684.0,,,,,19.62,19.62,19.91,,,,60.17,50.17,79.9,189.68,0.0,0.99,0.0,,,,,,,,,163444.0,,,,,315699.0,1,2016-01-01,2016-Q1,,,,,,,,,,,Требуется ручная проверка,0,
96,"АО ""Кемсоцинбанк""",2016,90000.0,311087.0,0.0,211629.0,88089.0,73447.0,495152.0,187902.0,143971.0,,,808085.0,476212.0,1058031.0,,1058031.0,360.0,7217.0,44008.0,126.0,0.0,856.0,0.0,38275.0,8164.0,3134.0,0.0,,,,,,,,,,,,0.0,42000.0,1807.0,126.0,36812.0,0.0,,,,,,,,,,,,,,29516.0,,,0.0,,20.06,20.06,31.9,,,,166.25,124.09,47.82,98.32,0.0,0.56,0.0,,,,,,,,,623005.0,,,,,493970.0,2,2016-04-01,2016-Q2,,,,,,,,,,,Требуется ручная проверка,0,
96,"АО ""Кемсоцинбанк""",2016,90000.0,,,224640.0,,,,,,,,,,,,,,,92032.0,307.0,0.0,2955.0,0.0,76920.0,12699.0,1603.0,54860.0,,,,,,,,,,,,3.0,87317.0,3174.0,307.0,70906.0,0.0,,,,,,,,,,,,,,56463.0,,,0.0,54860.0,20.3,20.3,29.38,,,,132.71,133.07,34.1,139.96,0.0,0.52,0.0,,,,,,,,,419258.0,,,,,468763.0,3,2016-07-01,2016-Q3,,,,,,,,,,,Требуется ручная проверка,0,
96,"АО ""Кемсоцинбанк""",2016,90000.0,524098.0,200000.0,224640.0,82097.0,147667.0,220152.0,170825.0,150493.0,,,1047996.0,726678.0,1201742.0,0.0,1201742.0,360.0,8154.0,160537.0,103848.0,0.0,6670.0,0.0,187827.0,27228.0,1603.0,54750.0,,,,70000.0,70000.0,,,,,,,3.0,153539.0,4557.0,0.0,109.0,0.0,,,,,,,,,,,,,,56353.0,,,0.0,0.0,18.3,18.3,29.83,,,,105.06,117.15,33.16,137.81,0.0,0.65,0.0,,,,,,,,,400505.0,,,,,528211.0,4,2016-10-01,2016-Q4,,,,,,,,,,,Требуется ручная проверка,0,
96,"АО ""Кемсоцинбанк""",2017,90000.0,524098.0,200000.0,224640.0,68869.0,87828.0,273662.0,125041.0,18433.0,,,968115.0,824641.0,1275460.0,,1205460.0,357.0,9879.0,215521.0,137830.0,0.0,8926.0,0.0,436109.0,67903.0,1603.0,220115.0,,,,70000.0,70000.0,,,,,,,3.0,206714.0,5941.0,0.0,109.0,0.0,,,,,,,,,,,,,,221718.0,,,0.0,220115.0,18.81,18.81,22.86,,,,53.16,148.17,35.13,222.12,0.0,0.87,0.0,,,,,,,,,207211.0,,,,,369126.0,1,2017-01-01,2017-Q1,,,,,,,,,,,Требуется ручная проверка,0,
96,"АО ""Кемсоцинбанк""",2017,90000.0,524098.0,200000.0,224640.0,55308.0,58454.0,334112.0,135209.0,20106.0,,,960814.0,805499.0,1335712.0,,1265712.0,357.0,10614.0,51271.0,60.0,0.0,1958.0,0.0,36785.0,8193.0,6370.0,5814.0,,,,70000.0,70000.0,,,,,,,0.0,50029.0,824.0,60.0,32388.0,0.0,,,,,,,,,,,,,,5814.0,,,0.0,5814.0,16.955,16.955,21.516,,,,65.414,89.271,33.052,243.618,0.0,1.076,0.0,,,,,,,,,221947.0,,,,,331556.0,2,2017-04-01,2017-Q2,,,,,,,,,,,Требуется ручная проверка,0,
96,"АО ""Кемсоцинбанк""",2017,90000.0,524098.0,200000.0,224640.0,35912.0,305403.0,190152.0,127261.0,18139.0,,,1026737.0,881337.0,1382063.0,,1312063.0,357.0,10905.0,99015.0,60.0,0.0,5551.0,0.0,127609.0,407365.0,356.0,333354.0,,,,70000.0,70000.0,,,,,,,0.0,97300.0,846.0,60.0,64324.0,0.0,,,,,,,,,,,,,,333710.0,,,0.0,333354.0,12.343,12.343,31.074,,,,78.042,128.639,25.842,117.48,0.0,0.848,0.0,,,,,,,,,296270.0,,,,,654756.0,3,2017-07-01,2017-Q3,,,,,,,,,,,Требуется ручная проверка,0,
96,"АО ""Кемсоцинбанк""",2017,90000.0,261268.0,,161810.0,59359.0,278654.0,220152.0,116579.0,16212.0,,,1036903.0,904112.0,1447004.0,,1377004.0,357.0,11272.0,149857.0,60.0,0.0,7358.0,0.0,162065.0,416442.0,7547.0,316568.0,,,,70000.0,70000.0,,,,,,,0.0,147735.0,846.0,60.0,8.0,0.0,,,,,,,,,,,,,,324115.0,,,0.0,316568.0,12.113,12.113,29.27,,,,78.449,87.761,27.187,123.244,0.0,0.616,0.0,,,,,,,,,321411.0,,,,,624677.0,4,2017-10-01,2017-Q4,,,,,,,,,,,Требуется ручная проверка,0,
96,"АО ""Кемсоцинбанк""",2018,90000.0,261268.0,,161810.0,32330.0,284093.0,230152.0,136412.0,28984.0,,,1121624.0,956228.0,1497066.0,,1427066.0,357.0,11784.0,206875.0,410.0,0.0,9081.0,81.0,213863.0,433436.0,7347.0,275737.0,,,,70000.0,70000.0,,,,,,,0.0,204378.0,856.0,410.0,8.0,0.0,,,,,,,,,,,,,,283084.0,,,0.0,275737.0,11.643,11.643,24.924,,,,48.049,93.205,25.683,173.315,0.299,0.713,0.0,,,,,,,,,287482.0,,,,,544933.0,1,2018-01-01,2018-Q1,,,,,,,,,,,Требуется ручная проверка,0,
96,"АО ""Кемсоцинбанк""",2018,90000.0,261268.0,,161810.0,42862.0,244803.0,200152.0,139557.0,71464.0,,,1238869.0,1027848.0,1642328.0,,1572328.0,357.0,13355.0,50013.0,3.0,0.0,1716.0,71.0,34593.0,97595.0,8076.0,101422.0,,,,70000.0,70000.0,,,,,,,0.0,49286.0,148.0,3.0,33506.0,0.0,,,,,,,,,,,,,,101422.0,,,0.0,101422.0,22.407,22.407,25.439,22.403,,,62.598,79.181,42.824,145.999,0.152,0.831,0.0,,,,,,,,,287121.0,,,,,592199.0,2,2018-04-01,2018-Q2,,,,,,,,,,,Требуется ручная проверка,0,
96,"АО ""Кемсоцинбанк""",2018,90000.0,261268.0,,161810.0,41748.0,249753.0,185152.0,161371.0,87891.0,,,1266068.0,1016806.0,1617555.0,,1547555.0,357.0,12890.0,92825.0,3.0,0.0,3778.0,71.0,64396.0,178813.0,21860.0,124161.0,,,,70000.0,70000.0,,,,,,,0.0,91149.0,551.0,3.0,65725.0,0.0,,,,,,,,,,,,,,146021.0,,,0.0,124161.0,21.635,21.635,23.537,22.16,,,53.098,76.054,48.829,168.893,0.146,1.32,0.0,,,,,,,,,229665.0,,,,,553978.0,3,2018-07-01,2018-Q3,,,,,,,,,,,Требуется ручная проверка,0,
96,"АО ""Кемсоцинбанк""",2018,90000.0,554737.0,,455279.0,62386.0,235567.0,180152.0,163323.0,138141.0,,,1237681.0,936217.0,1660571.0,577.0,1589994.0,357.0,12491.0,139469.0,3.0,0.0,4048.0,71.0,106605.0,185859.0,29316.0,107151.0,,,,70000.0,70000.0,,,,,,,0.0,137229.0,595.0,3.0,35.0,0.0,,,,,,,,,,,,,,136467.0,,,0.0,107151.0,19.265,19.265,20.834,20.603,,,71.902,96.289,57.681,198.114,0.0,1.173,0.0,,,,,,,,,330652.0,,,,,523209.0,4,2018-10-01,2018-Q4,,,,,,,,,,,Требуется ручная проверка,0,
96,"АО ""Кемсоцинбанк""",2019,90000.0,554737.0,,455279.0,32684.0,259785.0,263012.0,153408.0,213452.0,,,1090828.0,723968.0,1662346.0,0.0,1592346.0,357.0,12993.0,186367.0,3.0,0.0,5809.0,71.0,185836.0,192328.0,34121.0,14075.0,,,,66500.0,66500.0,,,,,,,0.0,184165.0,595.0,3.0,36.0,0.0,,,,,,,,,,,,,,48196.0,,,0.0,14075.0,,20.511,22.479,0.0,,,,81.216,0.0,0.0,,0.0,0.0,,,,,,,,,,,,,,600167.0,1,2019-01-01,2019-Q1,,,,,,,,,,,Требуется ручная проверка,0,
96,"АО ""Кемсоцинбанк""",2019,90000.0,554737.0,,455279.0,50498.0,237625.0,66239.0,170520.0,379695.0,,,1346951.0,796736.0,1776029.0,6000.0,1700029.0,357.0,2884.0,67834.0,32945.0,0.0,433.0,0.0,217703.0,6184.0,1995.0,240182.0,,,,63000.0,63000.0,,,,,,,3561.0,63997.0,0.0,0.0,74.0,6.0,,,,,,,,,,,,,,240182.0,,,0.0,240182.0,,18.492,20.562,,,,,121.11,,,,,,,,,,,,,,132905.0,,,,,521788.0,2,2019-04-01,2019-Q2,,,,,,,,,,,Требуется ручная проверка,0,
963,"ООО ИКБ ""СОВКОМБАНК""",2010,1097561.0,3089018.0,1902339.0,81061.0,954437.0,1115898.0,63521.0,9639824.0,2153369.0,11315123.0,0.0,18213146.0,6419553.0,17544854.0,424760.0,16939830.0,87.0,180090.0,1211143.0,705713.0,0.0,478842.0,352371.0,5093943.0,2244961.0,6670.0,717041.0,,,,,,,,,,,,1148.0,793312.0,377427.0,28249.0,19235.0,11510.0,,,,,,,,,,,,,,723711.0,,,,,,,,,,,,,,,,,,,,,,,,,,,,,,,,2,2010-04-01,2010-Q2,,,,,,,,,,,Требуется ручная проверка,0,
963,"ООО ИКБ ""Совкомбанк""",2010,1097561.0,3213985.0,1910907.0,191670.0,954077.0,211809.0,803707.0,10694122.0,2861146.0,10329773.0,0.0,21840869.0,8285071.0,19441898.0,484550.0,18212515.0,198.0,190544.0,2522452.0,1394069.0,0.0,1001499.0,657297.0,11859028.0,5093826.0,205772.0,691856.0,,,,,,,,,,,,2030.0,1748081.0,707444.0,42687.0,29742.0,37079.0,,,,,,,,,,,,,,897628.0,,,,,,,,,,,,,,,,,,,,,,,,,,,,,,,,3,2010-07-01,2010-Q3,,,,,,,,,,,Требуется ручная проверка,0,
963,"ООО ИКБ ""Совкомбанк""",2010,1097561.0,3327312.0,2024234.0,191670.0,944560.0,475239.0,114754.0,12954628.0,3093664.0,12780508.0,,23916320.0,7867590.0,21618079.0,676815.0,20180800.0,35.0,202450.0,3945559.0,2094205.0,0.0,1423166.0,865728.0,17154757.0,7712145.0,110388.0,1551575.0,,,,,,,,,,,,3063.0,2827913.0,1036789.0,54485.0,44270.0,65742.0,,,,,,,,,,,,,,1661963.0,,,,,,,,,,,,,,,,,,,,,,,,,,,,,,,,4,2010-10-01,2010-Q4,,,,,,,,,,,Требуется ручная проверка,0,
963,"ООО ИКБ ""Совкомбанк""",2011,,,,,,,,,,,,,,,,,,,5501368.0,2815807.0,0.0,1889322.0,1732016.0,25015401.0,11049533.0,450112.0,1667187.0,,,,,,,,,,,,3802.0,4025257.0,1359746.0,66906.0,61152.0,96278.0,,,,,,,,,,,,,,2117299.0,,,,,,,,,,,,,,,,,,,,,,,,,,,,,,,,1,2011-01-01,2011-Q1,,,,,,,,,,,Требуется ручная проверка,0,
963,"ООО ИКБ ""Совкомбанк""",2011,1097561.0,3314420.0,1977810.0,225202.0,1386026.0,718570.0,525.0,15188037.0,3914185.0,14146832.0,,27418837.0,8316121.0,25741556.0,1076930.0,24475177.0,236.0,263822.0,1599322.0,765495.0,0.0,401699.0,471046.0,6149810.0,2610722.0,170407.0,798504.0,,,,,,,,,,,,466.0,1212897.0,339867.0,15078.0,17987.0,46524.0,,,,,,,,,,,,,,968911.0,,,,,,,,,,13.33,29.52,101.17,116.71,305.02,0.0,0.51,2.42,,,,,,,,,,,,,,,2,2011-04-01,2011-Q2,,,,,,,,,,,Требуется ручная проверка,0,
963,"ООО ИКБ ""Совкомбанк""",2011,,,,,,,,,,,,,,,,,,,3381275.0,1599777.0,0.0,925890.0,856129.0,14689626.0,5220812.0,391361.0,274185.0,,,,,,,,,,,,872.0,2598318.0,683022.0,67069.0,34460.0,86567.0,,,,,,,,,,,,,,665546.0,,,,,,,,,,12.6,40.86,99.68,98.64,295.42,0.0,0.39,2.59,,,,,,,,,,,,,,,3,2011-07-01,2011-Q3,,,,,,,,,,,Требуется ручная проверка,0,
963,"ООО ИКБ ""Совкомбанк""",2011,2242358.0,4263253.0,1927855.0,,1781363.0,82435.0,437.0,21650103.0,2079377.0,10221063.0,0.0,34782261.0,11051501.0,32878029.0,1688816.0,29793643.0,262.0,445210.0,5359655.0,2476059.0,0.0,2241594.0,1862754.0,22914350.0,7005218.0,123085.0,1287207.0,,,,,,,,,,,,1069.0,4267723.0,954707.0,81399.0,59970.0,130298.0,,,,,,,,,,,,,,1410292.0,,,,,,,,,,11.7,61.08,107.92,64.36,275.74,0.0,0.54,1.9,,,,,,,,,,,,,,,4,2011-10-01,2011-Q4,,,,,,,,,,,Требуется ручная проверка,0,
963,"ООО ИКБ ""Совкомбанк""",2012,,,,,,,,,,,,,,,,,,,7610369.0,3473490.0,0.0,3204505.0,2843561.0,32028401.0,8966455.0,586980.0,1699485.0,,,,,,,,,,,,1083.0,6161967.0,1267378.0,112074.0,90268.0,176688.0,,,,,,,,,,,,,,2286465.0,,,,,,,,,,11.68,51.45,122.46,62.31,278.21,0.0,1.47,1.78,,,,,,,,,,,,,,,1,2012-01-01,2012-Q1,,,,,,,,,,,Требуется ручная проверка,0,
963,"ООО ИКБ ""Совкомбанк""",2012,2242358.0,4244047.0,1908649.0,,2232197.0,405532.0,788577.0,27974087.0,2421772.0,12396092.0,,40310032.0,9911729.0,39997747.0,1242288.0,38755459.0,459.0,578117.0,2417428.0,1056744.0,0.0,592261.0,479938.0,6570181.0,1087322.0,231063.0,868834.0,,,,,,,,,,,,31.0,2081353.0,318966.0,11643.0,26533.0,34901.0,,,,,,,,,,,,,,1099897.0,,,,,,,,,,11.65,59.86,137.46,53.02,265.99,0.0,1.16,1.77,,,,,,,,,,,,,,,2,2012-04-01,2012-Q2,,,,,,,,,,,Требуется ручная проверка,0,
963,"ООО ИКБ ""Совкомбанк""",2012,2242358.0,5729230.0,2187441.0,782698.0,2352347.0,322460.0,35843.0,34684324.0,2785762.0,13949769.0,,47552058.0,10080963.0,44020878.0,2345643.0,40598869.0,134.0,612885.0,5187226.0,2241533.0,0.0,1240725.0,872798.0,16731612.0,2680868.0,479063.0,860959.0,,,,,,,,,,,,59.0,4495249.0,656392.0,76783.0,66561.0,66731.0,,,,,,,,,,,,,,1340022.0,,,,,,,,,,11.46,123.14,116.51,59.28,230.03,0.0,1.76,8.59,,,,,,,,,,,,,,,3,2012-07-01,2012-Q3,,,,,,,,,,,Требуется ручная проверка,0,
963,"ООО ИКБ ""Совкомбанк""",2012,1906004.0,5028047.0,2158966.0,782698.0,2862982.0,371508.0,158764.0,41401619.0,3497884.0,18148968.0,,52960903.0,8060417.0,48989790.0,1968732.0,45664107.0,133.0,666904.0,8371300.0,3522789.0,0.0,1881447.0,1512943.0,27195889.0,4401833.0,617521.0,1666876.0,,,,,,,,,,,,91.0,7290230.0,1039042.0,88146.0,112022.0,95446.0,,,,,,,,,,,,,,2284397.0,,,,,,,,,,11.64,240.88,162.78,54.28,237.0,0.0,1.18,3.91,,,,,,,,,,,,,,,4,2012-10-01,2012-Q4,,0409135,,,,,,,,,Требуется ручная проверка,0,
963,"ООО ИКБ ""Совкомбанк""",2013,1906004.0,5041286.0,2172205.0,782698.0,2855014.0,1810550.0,635619.0,46065047.0,4315045.0,26633419.0,,57413105.0,7032206.0,57502972.0,2229734.0,52545868.0,64.0,754950.0,12086254.0,5137620.0,0.0,2622869.0,2137143.0,37930377.0,7248301.0,841617.0,2462978.0,,,,,,,,,,,,119.0,10366365.0,1648434.0,108858.0,151395.0,124621.0,,,,,,,,,,,,,,3304595.0,,,,,,,,,,11.45,140.03,130.63,56.77,235.93,0.0,1.02,3.56,,,,,,,,,,,,,,,1,2013-01-01,2013-Q1,,,,,,,,,,,Требуется ручная проверка,0,
963,"ООО ИКБ ""Совкомбанк""",2013,1906004.0,5107467.0,2238386.0,782698.0,2774298.0,895358.0,59275.0,49688128.0,4297433.0,31379952.0,,61050225.0,7062610.0,57676793.0,1404669.0,54923547.0,941.0,810590.0,3956953.0,1723237.0,0.0,607668.0,420917.0,8894368.0,1991820.0,210796.0,3002080.0,,,,,,,,,,,,24.0,3234513.0,704959.0,33441.0,27172.0,29571.0,,,,,,,,,,,,,,3212876.0,,,,,,,,,,14.55,144.46,160.96,57.62,155.08,0.0,0.94,2.85,,,,,,,,,9322515.0,,,,,,2,2013-04-01,2013-Q2,,0409135,,,,,,,,,Требуется ручная проверка,0,
963,"ООО ИКБ ""Совкомбанк""",2013,1906004.0,7323126.0,2296882.0,2832003.0,2657670.0,2664878.0,36023.0,55084547.0,4676994.0,32769071.0,,66951567.0,7188502.0,60106249.0,1382310.0,56052676.0,1151.0,873925.0,8277889.0,3569459.0,0.0,1200575.0,673902.0,20495791.0,4073322.0,413458.0,3751070.0,,,,,,,,,,,,49.0,6800645.0,1451433.0,123365.0,50726.0,65504.0,,,,,,,,,,,,,,4164528.0,,,,,,,,,,14.06,124.89,147.12,61.63,170.98,0.17,1.17,2.71,,,,,,,,,8142867.0,,,,,,3,2013-07-01,2013-Q3,,0409135,,,,,,,,,Требуется ручная проверка,0,
963,"ООО ИКБ ""Совкомбанк""",2013,1906004.0,7290215.0,2263971.0,2832003.0,2855592.0,1726478.0,1995.0,60754604.0,5259957.0,38151675.0,,73230634.0,7173983.0,64024819.0,1542765.0,61915094.0,1365.0,929165.0,13133739.0,5563776.0,0.0,1577632.0,857837.0,32270826.0,6709177.0,672315.0,4582422.0,,,,,,,,,,,,61.0,10810670.0,2295426.0,145846.0,79104.0,166382.0,,,,,,,,,,,,,,5254737.0,,,,,,,,,,13.47,65.6,116.17,65.82,171.81,0.0,1.08,2.39,,,,,,,,,6683958.0,,,,,,4,2013-10-01,2013-Q4,,0409135,,,,,,,,,Требуется ручная проверка,0,
963,"ООО ИКБ ""Совкомбанк""",2014,1906004.0,7344225.0,2317981.0,2832003.0,3252113.0,2033148.0,3319.0,63588406.0,5131598.0,44540646.0,,75396643.0,6674570.0,68953211.0,1855407.0,66768095.0,1450.0,998479.0,18350653.0,7677160.0,0.0,2118205.0,1184151.0,45231978.0,10346538.0,858468.0,5276010.0,,,,,,,,,,,,64.0,15069278.0,3252995.0,170041.0,111512.0,266068.0,,,,,,,,,,,,,,6134478.0,,,,,,,,,,14.21,131.75,188.56,60.27,173.09,0.0,0.93,2.15,,,,,,,,,9652775.0,,,,,,1,2014-01-01,2014-Q1,,,,,,,,,,,Требуется ручная проверка,0,
963,"ООО ИКБ ""Совкомбанк""",2014,1906004.0,7256853.0,2230609.0,2832003.0,3206244.0,320059.0,12370635.0,64385829.0,5204671.0,45850439.0,0.0,74934227.0,5331799.0,81859629.0,2064422.0,77803130.0,53716.0,832674.0,5150228.0,2435036.0,2781600.0,330232.0,135125.0,15251008.0,3309086.0,202991.0,3476482.0,,,,,,,,,,,,3.0,4173187.0,974282.0,42799.0,39099.0,113754.0,,,,,,,,,,,,,,3679473.0,,,,,9.88,10.26,11.39,,,,98.75,117.9,73.44,228.33,0.0,1.79,4.15,,,,,,,,,9920496.0,,,,,,2,2014-04-01,2014-Q2,,,,,,,,,,,Требуется ручная проверка,0,
963,"ООО ИКБ ""Совкомбанк""",2014,1906004.0,,2041393.0,7702054.0,,,,,,,,,,,,,,,10753606.0,5549700.0,7896337.0,2163077.0,783770.0,40611981.0,7547201.0,342319.0,3953529.0,,3177083.0,,672612.0,672612.0,,,,,,,6.0,8555210.0,2156128.0,301442.0,81514.0,251856.0,,,,,,,,,,,,,,4295848.0,,,,,9.95,11.4,12.49,,,,66.97,71.93,74.6,161.53,0.0,0.3,2.83,,,,,,,,,8311106.0,,,,,18547060.0,3,2014-07-01,2014-Q3,,,,,,,,,,,Требуется ручная проверка,0,
963,"ОАО ИКБ ""Совкомбанк""",2014,1906004.0,12195320.0,2269990.0,7733425.0,3380049.0,3904333.0,221035.0,74248302.0,6281989.0,67522588.0,23115.0,83603311.0,3071264.0,92910132.0,2140252.0,86360354.0,56511.0,987928.0,16895199.0,8939263.0,8313618.0,4930991.0,2837436.0,68344175.0,11748394.0,226420.0,2714937.0,,3720852.0,,3720852.0,3720852.0,,,,,,,7.0,13270611.0,3578061.0,652878.0,117683.0,337915.0,,,,,,,,,,,,,,2941357.0,,,,,9.59,11.42,11.66,,,,52.97,62.16,88.5,206.7,0.0,1.14,2.92,,,,,,,,,8686985.0,,,,,16857648.0,4,2014-10-01,2014-Q4,,,,,,,,,,,Требуется ручная проверка,0,
963,"ПАО ""Совкомбанк""",2015,1906004.0,12593757.0,2606291.0,7733425.0,4843089.0,3641801.0,821483.0,74491280.0,7952602.0,70827528.0,222548.0,86836495.0,4392018.0,97396466.0,1463527.0,90867456.0,57395.0,1015325.0,23268889.0,12298291.0,0.0,17065128.0,16616124.0,154927482.0,29122610.0,691183.0,6784023.0,,5314731.0,,5314731.0,5314731.0,,,,,,,8.0,18071487.0,5142346.0,894707.0,151647.0,406444.0,,,,,,,,,,,,,,6092840.0,,,,,8.57,11.39,13.73,,,,127.32,173.32,76.14,189.16,0.0,0.03,20.56,,,,,,,,,21536722.0,,,,,25090606.0,1,2015-01-01,2015-Q1,,,,,,,,,,,Требуется ручная проверка,0,
963,"ПАО ""Совкомбанк""",2015,1906004.0,16480785.0,4696664.0,9401806.0,5849017.0,5647658.0,997153.0,69550559.0,8442096.0,142166068.0,2504978.0,81465691.0,3471607.0,114700054.0,5589561.0,103297085.0,57734.0,1173416.0,7696475.0,5105711.0,0.0,8708613.0,7987211.0,124772007.0,9967485.0,52713.0,499192.0,,5523122.0,,5523122.0,5523122.0,,,,,,,1.0,4477471.0,3097451.0,34410.0,127294.0,68993.0,,,,,,,,,,,,,,551905.0,,,,,9.59,12.58,16.0,,,,67.18,253.91,72.45,364.06,0.0,1.35,3.95,,,,,,,,,9857266.0,,,,,25759397.0,2,2015-04-01,2015-Q2,,,,,,,,,,,Требуется ручная проверка,0,
963,"ПАО ""Совкомбанк""",2015,1906004.0,14487309.0,2703188.0,9401806.0,3507249.0,3152530.0,3824303.0,66375508.0,8911792.0,149817982.0,8344541.0,89946277.0,14641866.0,113465532.0,5172676.0,96645103.0,57149.0,1152856.0,16267817.0,10541828.0,7325.0,20722376.0,20101796.0,241001779.0,18490503.0,1243202.0,4878129.0,,5245352.0,,6272750.0,6272750.0,,,,,,,4.0,9314364.0,6809230.0,177085.0,279535.0,143580.0,,,,,,,,,,,,,,6121331.0,,,,,11.95,14.37,20.43,,,,59.88,122.68,63.21,349.67,0.0,0.94,18.05,,,,,,,,,11395842.0,,,,,35247653.0,3,2015-07-01,2015-Q3,,,,,,,,,,,Требуется ручная проверка,0,
963,"ПАО ""Совкомбанк""",2015,1906004.0,,4347601.0,14755843.0,,,,,,,,,,,,,,,26567612.0,17524863.0,40784.0,41276092.0,46822194.0,368810659.0,26731136.0,3112079.0,7124287.0,,6257381.0,,6272750.0,6272750.0,,,,,,,6.0,14811002.0,11550438.0,559393.0,537043.0,299479.0,,,,,,,,,,,,,,10236366.0,,,,,9.14,10.96,14.11,,,,60.75,262.69,57.42,493.38,0.0,0.83,19.64,,,,,,,,,10188370.0,,,,,35118943.0,4,2015-10-01,2015-Q4,,,,,,,,,,,Требуется ручная проверка,0,
963,"ПАО ""Совкомбанк""",2016,1906004.0,20027161.0,3079604.0,14755843.0,3614936.0,454500.0,67311417.0,60157553.0,8939423.0,248609032.0,16028572.0,132635878.0,63537288.0,184614396.0,7457318.0,114776698.0,57609.0,906481.0,39063453.0,26375132.0,105734.0,67452963.0,74982854.0,516482353.0,38267501.0,4705450.0,11112759.0,,6885229.0,,6272750.0,6272750.0,,,,,,,31.0,20994140.0,17648594.0,1393126.0,1967841.0,419777.0,,,,,,,,,,,,,,15818209.0,,,,,8.53,10.5,14.49,,,,108.21,185.04,73.51,483.2,0.0,0.96,18.68,,,,,,,,,17569227.0,,,,,40999628.0,1,2016-01-01,2016-Q1,,,,,,,,,,,Требуется ручная проверка,0,
963,"ПАО ""Совкомбанк""",2016,1906004.0,21250121.0,4302564.0,14755843.0,3679392.0,1087753.0,76730498.0,57273186.0,17984996.0,214740045.0,4589574.0,171107762.0,95846927.0,229145033.0,4931120.0,162468863.0,10472.0,1039288.0,12196889.0,863899.0,0.0,5340.0,500709.0,188677708.0,30.0,122851.0,1595743.0,,6386890.0,,6272750.0,6272750.0,,,,,,,2322.0,6778907.0,2732672.0,863899.0,1522391.0,105882.0,,,,,,,,,,,,,,1718594.0,,,4066181.0,4299989.0,8.26,10.1,13.93,,,,35.34,87.37,75.13,484.99,0.0,0.53,19.42,,,,,,,,,6119113.0,,,,,41637334.0,2,2016-04-01,2016-Q2,,,,,,,,,,,Требуется ручная проверка,0,
963,"ПАО ""Совкомбанк""",2016,1906004.0,,4616182.0,19776449.0,,,,,,,,,,,,,,,24031442.0,1692810.0,0.0,15923.0,4556965.0,304769453.0,569.0,169760.0,9362207.0,,6070406.0,,6272750.0,6272750.0,,,,,,,2322.0,13721638.0,5778774.0,1692810.0,3016732.0,227962.0,,,,,,,,,,,,,,9192447.0,,,11185348.0,13453068.0,8.37,9.79,14.63,,,,143.18,72.23,77.82,428.67,0.0,0.45,17.09,,,,,,,,,30721265.0,,,,,48627728.0,3,2016-07-01,2016-Q3,,,,,,,,,,,Требуется ручная проверка,0,
963,"ПАО ""Совкомбанк""",2016,1906004.0,32052525.0,10084360.0,19776451.0,3976160.0,2695148.0,92343152.0,60243131.0,22912361.0,214491082.0,1454400.0,166547266.0,83390063.0,251646003.0,20090737.0,175215336.0,10025.0,1318374.0,36549239.0,2454498.0,0.0,42688.0,6432707.0,374336346.0,774.0,3220202.0,11521505.0,,5966546.0,,6272750.0,6272750.0,,,,,,,2322.0,21245265.0,9728247.0,2454498.0,4767012.0,416461.0,,,,,,,,,,,,,,14741707.0,,,16234120.0,16362561.0,11.7,13.09,14.93,,,,47.57,98.5,71.52,371.97,0.0,0.75,15.37,,,,,,,,,14156671.0,,,,,50442837.0,4,2016-10-01,2016-Q4,,,,,,,,,,,Требуется ручная проверка,0,
963,"ПАО ""Совкомбанк""",2017,1715594.0,30110985.0,8523640.0,19776451.0,3782290.0,3141542.0,83773239.0,61252177.0,24815144.0,222403031.0,10497335.0,159565539.0,73496989.0,255816766.0,12056734.0,191437474.0,16564.0,1812911.0,49566116.0,3191307.0,0.0,53138.0,8397774.0,447126063.0,774.0,3647547.0,16649053.0,,5730257.0,,6272750.0,6272750.0,,,,,,,11.0,29137301.0,12935483.0,3191307.0,5675880.0,1155563.0,,,,,,,,,,,,,,20296600.0,,,18472880.0,19261992.0,9.18,9.86,12.78,,,,90.51,51.99,81.88,327.5,0.0,0.97,20.29,,,,,,,,,21691174.0,,,,,50052622.0,1,2017-01-01,2017-Q1,,,,,,,,,,,Требуется ручная проверка,0,
963,"ПАО ""Совкомбанк""",2017,1715594.0,28882130.0,8292766.0,18778470.0,4839130.0,20927060.0,96625179.0,62123427.0,16381780.0,214403218.0,8016437.0,165586844.0,87081145.0,286330940.0,17628070.0,214826424.0,22979.0,1960068.0,13125906.0,699290.0,0.0,12224.0,529606.0,66472610.0,4350402.0,1933979.0,2192219.0,,6613128.0,,6648750.0,6648750.0,,,,,,,268.0,8619192.0,2782296.0,699290.0,1633249.0,276209.0,,,,,,,,,,,,,,4126198.0,,,2843379.0,3522318.0,8.409,9.652,13.194,,,,121.804,97.653,79.113,269.89,0.0,1.015,14.0,,,,,,,,,44192478.0,,,,,57273575.0,2,2017-04-01,2017-Q2,,,,,,,,,,,Требуется ручная проверка,0,
963,"ПАО ""Совкомбанк""",2017,1715594.0,48626787.0,10411028.0,36414385.0,5962738.0,20893057.0,99996473.0,91531389.0,23567364.0,250973791.0,6131610.0,189403240.0,74303019.0,304500649.0,13746705.0,240683224.0,22043.0,2161604.0,27036921.0,1798474.0,0.0,23085.0,2622036.0,141564534.0,7443441.0,2481338.0,4233353.0,,6930729.0,,6625250.0,6625250.0,,,,,,,1981.0,17558042.0,6091947.0,1798474.0,3176509.0,560405.0,,,,,,,,,,,,,,6714691.0,,,6645334.0,4714307.0,9.767,11.051,12.936,,,,99.479,94.364,81.339,275.547,0.0,0.911,13.289,,,,,,,,,40294472.0,,,,,60929790.0,3,2017-07-01,2017-Q3,,,,,,,,,,,Требуется ручная проверка,0,
963,"ПАО ""Совкомбанк""",2017,1715594.0,47706077.0,9490318.0,36414385.0,4685927.0,17736266.0,129783494.0,110294723.0,25336946.0,216179386.0,6819603.0,217362777.0,81729807.0,330388428.0,20299647.0,261657312.0,31208.0,2307266.0,41579955.0,2840807.0,0.0,35917.0,3931139.0,194606997.0,230.0,2723441.0,6817645.0,,6805382.0,,6601750.0,6601750.0,,,,,,,3856.0,27952556.0,8825171.0,2840807.0,4840023.0,803817.0,,,,,,,,,,,,,,9541086.0,,,10031345.0,8124571.0,9.06,10.153,12.084,,,,74.553,100.386,95.842,242.712,0.0,0.846,12.054,,,,,,,,,40416806.0,,,,,64076188.0,4,2017-10-01,2017-Q4,,,,,,,,,,,Требуется ручная проверка,0,
963,"ПАО ""Совкомбанк""",2018,1715594.0,48015672.0,9799913.0,36414385.0,4877764.0,36577129.0,194904007.0,127565152.0,27270896.0,193811104.0,8019500.0,234302692.0,79465383.0,362808259.0,34864688.0,278170358.0,46843.0,2553847.0,56839376.0,4508837.0,0.0,533277.0,5073131.0,251979809.0,230.0,2618723.0,13457539.0,,6756503.0,,6272750.0,6272750.0,,,,,,,3856.0,38371306.0,11413080.0,4508837.0,6566802.0,1130817.0,,,,,,,,,,,,,,16076262.0,,,17788703.0,15280647.0,10.026,11.02,12.937,,,,85.601,88.87,91.098,228.935,0.0,0.74,13.208,,,,,,,,,42059065.0,,,,,68842373.0,1,2018-01-01,2018-Q1,,,,,,,,,,,Требуется ручная проверка,0,
963,"ПАО ""Совкомбанк""",2018,1715594.0,47667926.0,9452270.0,36414282.0,5386131.0,4853490.0,129397965.0,136785363.0,30387763.0,196660607.0,6606278.0,262234786.0,95039575.0,392007773.0,51781472.0,292153720.0,111591.0,2803595.0,14663216.0,800556.0,0.0,105908.0,2213886.0,60713408.0,4291194.0,599509.0,6981327.0,,12443663.0,,14862485.0,14862485.0,,,,,,,6614.0,10559537.0,2921985.0,800556.0,1792724.0,461325.0,,,,,,,,,,,,,,7580836.0,,,7975135.0,5297559.0,9.701,11.95,14.846,8.64,,,88.418,117.213,73.813,169.909,0.0,0.595,9.388,,,,,,,,,48683775.0,,,,,82165796.0,2,2018-04-01,2018-Q2,,,,,,,,,,,Требуется ручная проверка,0,
963,"ПАО ""Совкомбанк""",2018,1715594.0,58756763.0,11668231.0,45287158.0,5547474.0,68242903.0,149522807.0,148619114.0,30370696.0,220987083.0,2830558.0,278677900.0,99665461.0,407203703.0,49186633.0,307828541.0,118199.0,3270590.0,29880123.0,1569643.0,0.0,367414.0,5910829.0,184676793.0,9118891.0,3096444.0,9383484.0,,6275650.0,,15686225.0,15686225.0,,,,,,,11753.0,21629036.0,5305527.0,1569643.0,3744834.0,1156676.0,,,,,,,,,,,,,,12479928.0,,,12545613.0,3628944.0,8.01,9.104,12.038,6.553,,,84.963,90.143,73.03,300.216,0.034,0.753,6.843,,,,,,,,,58496987.0,,,,,69071885.0,3,2018-07-01,2018-Q3,,,,,,,,,,,Требуется ручная проверка,0,
963,"ПАО ""Совкомбанк""",2018,1871497.0,65755939.0,20511504.0,43287158.0,5634351.0,38067331.0,183073262.0,162720586.0,35127991.0,221998042.0,4544335.0,282586110.0,84715112.0,394755418.0,32576181.0,315064525.0,185864.0,3588702.0,45517657.0,3718007.0,0.0,742508.0,6247930.0,328108397.0,14458940.0,2220863.0,16904660.0,,6559060.0,,16111340.0,16111340.0,,,,,,,29.0,33387042.0,7303479.0,3718007.0,5489448.0,1811930.0,,,,,,,,,,,,,,19125523.0,,,15074576.0,11313808.0,8.803,9.892,13.277,7.273,,,96.906,98.054,39.512,243.942,0.0,0.642,7.362,,,,,,,,,49502412.0,,,,,79981191.0,4,2018-10-01,2018-Q4,,,,,,,,,,,Требуется ручная проверка,0,
963,"ПАО ""Совкомбанк""",2019,1871497.0,70753014.0,25684382.0,43111355.0,8467565.0,45871380.0,172257994.0,196494811.0,44560337.0,277259627.0,4460659.0,429879505.0,188763420.0,455636955.0,52571478.0,353832003.0,354750.0,4888578.0,64150887.0,4890693.0,0.0,1507757.0,6362152.0,480276207.0,26241028.0,3450276.0,13428369.0,,6947060.0,,16793340.0,16793340.0,,,,,,,962.0,47490229.0,9844214.0,4890693.0,7286659.0,2461804.0,,,,,,,,,,,,,,16878645.0,,,17753717.0,8110783.0,9.442,10.277,12.554,7.425,,,145.746,84.943,42.244,239.882,,0.826,7.986,,,,,,,,,101980138.0,,,,,104658374.0,1,2019-01-01,2019-Q1,,,,,,,,,,,Требуется ручная проверка,0,
963,"ПАО ""Совкомбанк""",2019,1871497.0,159760659.0,24374552.0,93040558.0,8839972.0,62944185.0,175196933.0,221470977.0,60808461.0,278396457.0,,488390300.0,206051208.0,484876538.0,82836779.0,353208583.0,33239.0,5089261.0,19565101.0,653596.0,323466.0,604039.0,2454896.0,125638813.0,16623651.0,50701.0,9528472.0,,6473470.0,,16082955.0,16082955.0,,,,,,,1019.0,14697849.0,2434471.0,653596.0,2440771.0,588128.0,,,,,,,,,,,,,,9579173.0,,,27127.0,9501345.0,8.898,9.654,12.015,7.49,,,112.752,92.959,45.809,246.413,,0.627,8.773,,,,,,,,,109418161.0,,,,,103187971.0,2,2019-04-01,2019-Q2,,,,,,,,,,,Требуется ручная проверка,0,
963,"ПАО ""Совкомбанк""",2019,1969405.0,98043119.0,30652612.0,65322632.0,8872898.0,64205229.0,166887993.0,250368981.0,68794967.0,258306851.0,,519946046.0,200719303.0,546384115.0,140778848.0,356675968.0,44310.0,5336977.0,39633468.0,1569776.0,373874.0,1275332.0,7713760.0,241501351.0,24054560.0,2987140.0,13126326.0,,6307560.0,,15834090.0,15834090.0,,,,,,,1985.0,30135165.0,5025921.0,1569234.0,5885015.0,1253458.0,,,,,,,,,,,,,,16113466.0,,,214721.0,12911605.0,9.785,10.523,12.576,8.213,,,119.499,113.278,46.691,220.964,,0.45,8.296,,,,,,,,,134765836.0,,,,,107740382.0,3,2019-07-01,2019-Q3,,,,,,,,,,,Требуется ручная проверка,0,
963,"ПАО ""Совкомбанк""",2019,1969405.0,96293119.0,30652612.0,63572632.0,9505411.0,50555622.0,231172711.0,272046693.0,68000109.0,259144396.0,,546891036.0,206785224.0,583377417.0,159915918.0,374587203.0,38053.0,5658947.0,60553840.0,5749637.0,376740.0,2579435.0,11466810.0,391698131.0,4.0,3013879.0,22961113.0,,6441560.0,,16035090.0,16035090.0,,,,,,,3184.0,46340895.0,7530634.0,5744050.0,9428106.0,2080806.0,,,,,,,,,,,,,,25974992.0,,,214721.0,22746392.0,9.148,9.845,12.222,7.806,,,121.215,159.242,47.345,205.99,,0.44,7.805,,,,,,0.0,,,103946129.0,,,,,113126083.0,4,2019-10-01,2019-Q4,,,,,,,,,,,Требуется ручная проверка,0,
963,"ПАО ""Совкомбанк""",2020,1969405.0,93992946.0,30652439.0,61272632.0,10841741.0,73743121.0,168407715.0,293663937.0,72279923.0,341775398.0,,563601682.0,197603971.0,600068754.0,163677776.0,387392378.0,57535.0,6222975.0,84585381.0,6664185.0,377016.0,4329736.0,17927373.0,541310305.0,4.0,4543671.0,41164297.0,,6190570.0,,24944460.0,24944460.0,,,,,,,3749.0,64610681.0,11011953.0,6658290.0,12962726.0,2746530.0,,,,,,,,,,,,,,45707968.0,,,214547.0,40949750.0,9.25,9.832,13.041,8.873,,,110.156,139.471,43.848,176.336,,0.264,8.922,,,,,,0.0,,,92287381.0,,,,,138918780.0,1,2020-01-01,2020-Q1,,,,,,,,,,,Требуется ручная проверка,0,
963,"ПАО ""Совкомбанк""",2020,1969405.0,98797491.0,37502439.0,59072632.0,12575115.0,67934438.0,155286792.0,303809209.0,74955660.0,429051117.0,,611714105.0,232895813.0,672670304.0,206143355.0,397515112.0,81910.0,7266615.0,25173041.0,2540944.0,96.0,1945914.0,4864497.0,459374529.0,204.0,1905036.0,291052.0,,23903800.0,,26470020.0,26470020.0,,,,,,,556.0,16949473.0,3643310.0,2267880.0,3598772.0,565716.0,,,,,,,,,,,,,,2196088.0,,,7475028.0,2609058.0,9.269,11.521,14.63,10.474,,,73.42,90.083,43.14,116.055,,,10.288,,,,,,0.0,,,115188309.0,,,,,156570658.0,2,2020-04-01,2020-Q2,,,,,,,,,,,Требуется ручная проверка,0,
963,"ПАО ""Совкомбанк""",2020,1969404.0,94488960.0,33193909.0,59072632.0,17979570.0,62314395.0,141958817.0,301773260.0,83746143.0,590995320.0,,640930420.0,255348180.0,666734100.0,170721558.0,393285915.0,65149.0,7077201.0,50973931.0,4620392.0,308.0,4428454.0,8060608.0,802786495.0,204.0,1899085.0,552747.0,,23903800.0,,26470020.0,26470020.0,,,,,,,704.0,33935323.0,5414381.0,4263499.0,6808895.0,1233280.0,,,,,,,,,,,,,,2451832.0,,,7545916.0,1869359.0,10.074,11.958,14.53,8.865,,,81.561,79.147,37.58,202.778,,,14.175,,,,,,0.0,,,127979318.0,,,,,184674942.0,3,2020-07-01,2020-Q3,,,,,,,,,,,Требуется ручная проверка,0,
963,"ПАО ""Совкомбанк""",2020,1969404.0,119509136.0,32666047.0,84620539.0,14008188.0,72299030.0,26808558.0,312216417.0,98384420.0,748773272.0,,660520536.0,249875961.0,687820310.0,199518014.0,390158425.0,976655.0,7560124.0,81306256.0,7199977.0,551.0,8105676.0,12831556.0,1160694670.0,2158.0,5383679.0,2433369.0,,23903800.0,,26470020.0,26470020.0,,,,,,,885.0,51257889.0,10857225.0,6891496.0,8958343.0,1933250.0,,,,,,,,,,,,,,7817048.0,,,7610466.0,3401930.0,11.059,13.012,15.433,9.837,,,116.639,80.478,43.122,191.539,,,10.647,,,,,,0.0,,,161686660.0,,,,,189239123.0,4,2020-10-01,2020-Q4,,,,,,,,,,,Требуется ручная проверка,0,
963,"ПАО ""Совкомбанк""",2021,1969404.0,156960312.0,31882314.0,122855448.0,15709827.0,62863694.0,28714215.0,324993047.0,102211953.0,647908359.0,,698698011.0,271469203.0,713939845.0,237137729.0,380654970.0,979388.0,7414192.0,108889672.0,8630888.0,705.0,12499380.0,25016049.0,1538225040.0,14889.0,4815439.0,18466194.0,,26360445.0,,28535460.0,28535460.0,,,,,,,1070.0,67645733.0,17734698.0,8296327.0,11244901.0,2578138.0,,,,,,,,,,,,,,23281633.0,,,8327588.0,19016836.0,10.683,12.619,15.274,10.413,,,161.043,163.601,45.898,150.072,,,10.165,,,,,,0.0,,,206881398.0,,,,,208212212.0,1,2021-01-01,2021-Q1,,,,,,,,,,,Требуется ручная проверка,0,
963,"ПАО ""Совкомбанк""",2021,1969404.0,157037868.0,37160937.0,117654381.0,14600083.0,34112987.0,108070806.0,346488723.0,102998971.0,546567478.0,,833535637.0,384024899.0,834189520.0,305016385.0,400575017.0,990520.0,8823003.0,27135290.0,2055926.0,133.0,4117555.0,24305611.0,388711640.0,1471.0,158115.0,12984111.0,,27012216.0,,28828530.0,28828530.0,,,,,,,168.0,16744928.0,5726357.0,2050544.0,3189530.0,695019.0,,,,,,,,,,,,,,13142226.0,,,7699257.0,5767159.0,10.149,11.893,13.83,10.708,,,143.31,160.327,38.743,172.454,,,12.538,,,,,,0.0,,,222819305.0,,,,,214343024.0,2,2021-04-01,2021-Q2,,,,,,,,,,,Требуется ручная проверка,0,
963,"ПАО ""Совкомбанк""",2021,1969404.0,158850479.0,38973442.0,117654487.0,15740913.0,46625055.0,191881604.0,381171813.0,103985030.0,542569982.0,,969976183.0,484796402.0,974236806.0,456037405.0,400024311.0,1089597.0,10702489.0,56262025.0,4195155.0,233.0,8813605.0,40224589.0,808997249.0,3436.0,3789282.0,26149814.0,,25824000.0,,27765803.0,27765803.0,,,,,,,277.0,35848995.0,11460675.0,4054606.0,8254227.0,1344162.0,,,,,,,,,,,,,,29939096.0,,,21779110.0,19321398.0,9.73,11.326,13.309,10.299,,,96.671,167.703,50.561,172.016,,,9.272,,,,,,0.0,,,229676555.0,,,,,215563722.0,3,2021-07-01,2021-Q3,,,,,,,,,,,Требуется ручная проверка,0,
963,"ПАО ""Совкомбанк""",2021,1969404.0,171543453.0,37058766.0,132416813.0,16983064.0,92048945.0,114283079.0,423357825.0,105467085.0,508011282.0,,1105849127.0,576796662.0,987297927.0,465978153.0,400664547.0,1112155.0,10667627.0,88017881.0,8512825.0,452.0,14077903.0,50560568.0,1117432721.0,3599.0,7255910.0,39397642.0,,25962625.0,,28232384.0,28232384.0,,,,,,,361.0,58465438.0,16890047.0,8350704.0,14063730.0,1968511.0,,,,,,,,,,,,,,46653552.0,,,28101604.0,30858439.0,9.558,10.806,12.699,9.685,,,97.457,131.406,59.461,180.13,,,7.911,,,,,,0.0,,,240046489.0,,,,,214096669.0,4,2021-10-01,2021-Q4,,,,,,,,,,,Требуется ручная проверка,0,
965,"ЗАО ""ПЕРВОУРАЛЬСКБАНК""",2007,21964.0,50432.0,20120.0,,15786.0,118762.0,0.0,66138.0,1780.0,62137.0,40057.0,318561.0,250643.0,275878.0,95003.0,180875.0,,10396.0,49874.0,55.0,0.0,13439.0,10686.0,103817.0,19.0,0.0,13188.0,,,,,,,,,,,,,,,,,,,,,,,,,,,,,,,,,,,,,,,,,,,,,,,,,,,,,,,,,,,,,,,1,2007-01-01,2007-Q1,,,,,,,,,,,Требуется ручная проверка,0,
965,"ЗАО ""ПЕРВОУРАЛЬСКБАНК""",2007,21964.0,66830.0,36606.0,,18764.0,166316.0,21062.0,63031.0,2110.0,98956.0,73416.0,312992.0,247851.0,285962.0,96099.0,189863.0,,11543.0,13314.0,0.0,0.0,3787.0,2516.0,27274.0,3.0,0.0,5113.0,,,,,,,,,,,,,,,,,,,,,,,,,,,,,,,,,,,,,,,,,,,,,,,,,,,,,,,,,,,,,,,2,2007-04-01,2007-Q2,,,,,,,,,,,Требуется ручная проверка,0,
965,"ЗАО ""ПЕРВОУРАЛЬСКБАНК""",2007,22000.0,76015.0,36606.0,,20123.0,159571.0,26055.0,70119.0,3945.0,75619.0,54950.0,329398.0,255334.0,331663.0,144467.0,187196.0,,13535.0,27965.0,0.0,0.0,6719.0,5434.0,58724.0,12.0,0.0,9149.0,,,,,,,,,,,,,,,,,,,,,,,,,,,,,,,,,,,,,,,,,,,,,,,,,,,,,,,,,,,,,,,3,2007-07-01,2007-Q3,,,,,,,,,,,Требуется ручная проверка,0,
965,"ЗАО ""ПЕРВОУРАЛЬСКБАНК""",2007,22000.0,75090.0,36606.0,,15452.0,123778.0,32084.0,70091.0,3951.0,131870.0,95236.0,370211.0,296169.0,385313.0,166768.0,218545.0,,17905.0,43622.0,0.0,0.0,10768.0,9095.0,93647.0,20.0,0.0,14321.0,,,,,,,,,,,,,,,,,,,,,,,,,,,,,,,,,,,,,,,,,,,,,,,,,,,,,,,,,,,,,,,4,2007-10-01,2007-Q4,,,,,,,,,,,Требуется ручная проверка,0,
965,"ЗАО ""ПЕРВОУРАЛЬСКБАНК""",2008,27000.0,79995.0,36606.0,,32768.0,81469.0,1012.0,77751.0,4015.0,66833.0,,447503.0,365737.0,369732.0,124961.0,244771.0,,10708.0,60332.0,191.0,0.0,12458.0,12173.0,127326.0,24.0,0.0,18403.0,,,,,,,,,,,,,,,,,,,,,,,,,,,,,,,,,,,,,,,,,,,,,,,,,,,,,,,,,,,,,,,1,2008-01-01,2008-Q1,,,,,,,,,,,Требуется ручная проверка,0,
965,"ЗАО ""ПЕРВОУРАЛЬСКБАНК""",2008,27000.0,84978.0,41516.0,2572.0,18687.0,104672.0,46005.0,91029.0,879.0,94859.0,,446197.0,354289.0,370839.0,125937.0,244902.0,,14174.0,17965.0,8647.0,0.0,14218.0,94.0,32974.0,5693.0,0.0,7475.0,,,,,,,,,,,,31.0,17325.0,545.0,238.0,2992.0,234.0,,,,,,,,,,,,,,,,,,,,,,,,,,,,,,,,,,,,,,,,,,,,,,2,2008-04-01,2008-Q2,,,,,,,,,,,Требуется ручная проверка,0,
965,"ЗАО ""ПЕРВОУРАЛЬСКБАНК""",2008,27000.0,95011.0,41516.0,3005.0,22682.0,122249.0,113995.0,93803.0,2823.0,101686.0,,460224.0,363598.0,420822.0,176337.0,244485.0,,13733.0,37253.0,17887.0,0.0,31571.0,184.0,70319.0,10388.0,0.0,13564.0,,,,,,,,,,,,68.0,36150.0,950.0,238.0,6657.0,481.0,,,,,,,,,,,,,,,,,,,,,,,,,,,,,,,,,,,,,,,,,,,,,,3,2008-07-01,2008-Q3,,,,,,,,,,,Требуется ручная проверка,0,
965,"ЗАО ""ПЕРВОУРАЛЬСКБАНК""",2008,27000.0,94927.0,41516.0,2921.0,24930.0,75933.0,145341.0,93492.0,2097.0,104353.0,,469165.0,373576.0,389695.0,135357.0,254338.0,,13768.0,57127.0,27453.0,5.0,51519.0,324.0,119398.0,15528.0,0.0,21744.0,,,,,,,,,,,,105.0,55511.0,1359.0,267.0,10098.0,766.0,,,,,,,,,,,,,,,,,,,,,,,,,,,,,,,,,,,,,,,,,,,,,,4,2008-10-01,2008-Q4,,,,,,,,,,,Требуется ручная проверка,0,
965,"ЗАО ""ПЕРВОУРАЛЬСКБАНК""",2009,27000.0,95148.0,41516.0,3142.0,22688.0,96609.0,782.0,91367.0,937.0,38721.0,,484018.0,391714.0,357962.0,97190.0,260772.0,,976.0,77784.0,37395.0,7.0,71222.0,1253.0,186771.0,19808.0,0.0,26115.0,,,,,,,,,,,,130.0,75474.0,1457.0,708.0,12970.0,1087.0,,,,,,,,,,,,,,,,,,,,,,,,,,,,,,,,,,,,,,,,,,,,,,1,2009-01-01,2009-Q1,,,,,,,,,,,Требуется ручная проверка,0,
965,"ЗАО ""ПЕРВОУРАЛЬСКБАНК""",2009,27000.0,112446.0,58801.0,3155.0,24281.0,78768.0,4516.0,81607.0,6931.0,4745.0,,442328.0,353790.0,326159.0,90700.0,235459.0,,1001.0,19189.0,9172.0,0.0,13506.0,750.0,102578.0,4714.0,692.0,3282.0,,,,,,,,,,,,29.0,17585.0,0.0,397.0,2312.0,315.0,,,,,,,,,,,,,,3974.0,,,,,,,,,,,,,,,,,,,,,,,,,,,,,,,,2,2009-04-01,2009-Q2,,,,,,,,,,,Требуется ручная проверка,0,
965,"ЗАО ""ПЕРВОУРАЛЬСКБАНК""",2009,34000.0,138123.0,58801.0,3155.0,19363.0,31633.0,850.0,74541.0,6303.0,4159.0,,384993.0,304149.0,293654.0,53166.0,240488.0,,916.0,36482.0,17878.0,0.0,23947.0,1632.0,186539.0,25053.0,1253.0,5082.0,,,,,,,,,,,,96.0,33109.0,0.0,503.0,3990.0,633.0,,,,,,,,,,,,,,6335.0,,,,,,,,,,,,,,,,,,,,,,,,,,,,,,,,3,2009-07-01,2009-Q3,,,,,,,,,,,Требуется ручная проверка,0,
965,"ЗАО ""ПЕРВОУРАЛЬСКБАНК""",2009,34000.0,138123.0,58801.0,3155.0,31021.0,54443.0,861.0,78422.0,9432.0,3976.0,,372900.0,285046.0,278745.0,53320.0,225425.0,,4158.0,52927.0,26475.0,31.0,34734.0,2149.0,310835.0,31010.0,1567.0,5430.0,,,,,,,,,,,,351.0,48022.0,77.0,579.0,5768.0,922.0,,,,,,,,,,,,,,6997.0,,,,,,,,,,,,,,,,,,,,,,,,,,,,,,,,4,2009-10-01,2009-Q4,,,,,,,,,,,Требуется ручная проверка,0,
965,"ЗАО ""ПЕРВОУРАЛЬСКБАНК""",2010,34000.0,138123.0,58801.0,3155.0,27516.0,63693.0,826.0,75457.0,10496.0,4523.0,,349756.0,263803.0,254011.0,43624.0,210387.0,,4848.0,68704.0,34257.0,35.0,48103.0,2295.0,398186.0,37977.0,2056.0,6449.0,,,,,,,,,,,,649.0,62544.0,83.0,706.0,7340.0,1182.0,,,,,,,,,,,,,,8505.0,,,,,,,,,,,,,,,,,,,,,,,,,,,,,,,,1,2010-01-01,2010-Q1,,,,,,,,,,,Требуется ручная проверка,0,
965,"ЗАО ""ПЕРВОУРАЛЬСКБАНК""",2010,34000.0,142079.0,62757.0,3155.0,25671.0,72401.0,829.0,82355.0,45365.0,2979.0,,379534.0,251814.0,320990.0,103117.0,217873.0,,4359.0,15040.0,7742.0,0.0,11352.0,59.0,73505.0,7127.0,0.0,14974.0,,,,,,,,,,,,251.0,13751.0,0.0,173.0,1358.0,280.0,,,,,,,,,,,,,,14974.0,,,,,,,,,,,,,,,,,,,,,,,,,,,,,,,,2,2010-04-01,2010-Q2,,,,,,,,,,,Требуется ручная проверка,0,
965,"ЗАО ""ПЕРВОУРАЛЬСКБАНК""",2010,34000.0,148281.0,62757.0,3155.0,25601.0,75670.0,840.0,64416.0,56134.0,3685.0,,382648.0,262098.0,286232.0,59091.0,227141.0,,4539.0,30281.0,15795.0,0.0,23001.0,174.0,162530.0,17294.0,0.0,11567.0,,,,,,,,,,,,660.0,27448.0,0.0,370.0,3145.0,575.0,,,,,,,,,,,,,,11567.0,,,,,,,,,,,,,,,,,,,,,,,,,,,,,,,,3,2010-07-01,2010-Q3,,,,,,,,,,,Требуется ручная проверка,0,
965,"ЗАО ""ПЕРВОУРАЛЬСКБАНК""",2010,34000.0,148281.0,62754.0,3158.0,29915.0,49175.0,843.0,71788.0,41683.0,55002.0,,325632.0,212161.0,298622.0,62614.0,236008.0,,5366.0,44059.0,23354.0,22.0,38794.0,272.0,224914.0,27319.0,0.0,6360.0,,,,,,,,,,,,1108.0,39124.0,371.0,642.0,4801.0,860.0,,,,,,,,,,,,,,6360.0,,,,,,,,,,,,,,,,,,,,,,,,,,,,,,,,4,2010-10-01,2010-Q4,,,,,,,,,,,Требуется ручная проверка,0,
965,"ЗАО ""ПЕРВОУРАЛЬСКБАНК""",2011,,,,,,,,,,,,,,,,,,,57671.0,30350.0,31.0,61757.0,369.0,290723.0,33800.0,75.0,1491.0,,,,,,,,,,,,1533.0,50420.0,1103.0,910.0,6166.0,1119.0,,,,,,,,,,,,,,1566.0,,,,,,,,,,,,,,,,,,,,,,,,,,,,,,,,1,2011-01-01,2011-Q1,,,,,,,,,,,Требуется ручная проверка,0,
965,"ЗАО ""ПЕРВОУРАЛЬСКБАНК""",2011,34000.0,154904.0,69376.0,3159.0,69431.0,59374.0,809.0,66650.0,45802.0,68308.0,,350120.0,237668.0,308532.0,39917.0,268615.0,,5664.0,13110.0,6220.0,0.0,19984.0,28.0,60488.0,8299.0,822.0,4961.0,,,,,,,,,,,,470.0,10758.0,521.0,272.0,840.0,242.0,,,,,,,,,,,,,,5783.0,,,,,,,,,,28.5,66.34,99.95,44.65,123.97,0.0,1.88,0.0,,,,,,,,,,,,,,,2,2011-04-01,2011-Q2,,,,,,,,,,,Требуется ручная проверка,0,
965,"ЗАО ""ПЕРВОУРАЛЬСКБАНК""",2011,,,,,,,,,,,,,,,,,,,27544.0,11968.0,0.0,42292.0,67.0,116954.0,14706.0,2507.0,12056.0,,,,,,,,,,,,821.0,22968.0,1114.0,572.0,1576.0,494.0,,,,,,,,,,,,,,14563.0,,,,,,,,,,29.67,51.29,90.71,57.13,148.05,0.0,2.67,0.0,,,,,,,,,,,,,,,3,2011-07-01,2011-Q3,,,,,,,,,,,Требуется ручная проверка,0,
965,"ЗАО ""ПЕРВОУРАЛЬСКБАНК""",2011,34000.0,155224.0,69366.0,3239.0,48147.0,68666.0,807.0,52191.0,38015.0,51047.0,,365886.0,275680.0,341611.0,66836.0,274775.0,,8154.0,42972.0,17730.0,38.0,66594.0,207.0,179368.0,22287.0,4817.0,20676.0,,,,,,,,,,,,1133.0,35742.0,1563.0,928.0,2474.0,738.0,,,,,,,,,,,,,,25493.0,,,,,,,,,,26.48,70.66,101.71,72.02,139.82,0.0,1.69,0.0,,,,,,,,,,,,,,,4,2011-10-01,2011-Q4,,,,,,,,,,,Требуется ручная проверка,0,
965,"ЗАО ""ПЕРВОУРАЛЬСКБАНК""",2012,,,,,,,,,,,,,,,,,,,58267.0,23503.0,38.0,95667.0,326.0,255514.0,27972.0,7660.0,32784.0,,,,,,,,,,,,1653.0,47970.0,1626.0,1408.0,3565.0,972.0,,,,,,,,,,,,,,40444.0,,,,,,,,,,30.27,82.85,103.73,67.18,120.1,0.0,1.49,0.0,,,,,,,,,,,,,,,1,2012-01-01,2012-Q1,,,,,,,,,,,Требуется ручная проверка,0,
965,"ЗАО ""ПЕРВОУРАЛЬСКБАНК""",2012,59000.0,181777.0,70919.0,3239.0,50813.0,132070.0,809.0,57521.0,19072.0,2341.0,,370015.0,293422.0,311705.0,57661.0,254044.0,,8485.0,15072.0,5783.0,0.0,24889.0,77.0,46192.0,2813.0,1187.0,8093.0,,,,,,,,,,,,190.0,12085.0,74.0,587.0,992.0,205.0,,,,,,,,,,,,,,9280.0,,,,,,,,,,36.23,50.3,108.17,67.01,117.04,0.0,1.77,0.0,,,,,,,,,,,,,,,2,2012-04-01,2012-Q2,,,,,,,,,,,Требуется ручная проверка,0,
965,"ЗАО ""ПЕРВОУРАЛЬСКБАНК""",2012,59000.0,208657.0,70919.0,30119.0,37917.0,160125.0,50879.0,70976.0,13714.0,38564.0,,378302.0,293612.0,301474.0,58771.0,242703.0,,9540.0,32061.0,11774.0,0.0,49751.0,206.0,134905.0,10476.0,4027.0,19442.0,,,,,,,,,,,,720.0,25487.0,526.0,1266.0,2074.0,432.0,,,,,,,,,,,,,,23469.0,,,,,,,,,,34.36,104.04,102.67,48.56,131.27,0.0,1.92,0.0,,,,,,,,,,,,,,,3,2012-07-01,2012-Q3,,,,,,,,,,,Требуется ручная проверка,0,
965,"ЗАО ""ПЕРВОУРАЛЬСКБАНК""",2012,59000.0,208657.0,70919.0,30119.0,28212.0,111678.0,50876.0,75458.0,13638.0,32550.0,,374425.0,285329.0,294456.0,51666.0,242790.0,,9261.0,48341.0,17540.0,107.0,75816.0,358.0,194174.0,22085.0,6250.0,27726.0,,,,,,,,,,,,902.0,38297.0,983.0,1717.0,3046.0,661.0,,,,,,,,,,,,,,33976.0,,,,,,,,,,33.21,101.05,104.55,51.44,106.74,0.0,2.07,0.0,,,,,,,,,,,,,,,4,2012-10-01,2012-Q4,,0409135,,,,,,,,,Требуется ручная проверка,0,
965,"ЗАО ""ПЕРВОУРАЛЬСКБАНК""",2013,59000.0,208662.0,70921.0,30122.0,30829.0,102146.0,80851.0,70021.0,35468.0,32123.0,,413928.0,308439.0,282986.0,51666.0,231320.0,,9091.0,65666.0,23336.0,112.0,107186.0,432.0,254365.0,39376.0,7683.0,38055.0,,,,,,,,,,,,1019.0,52592.0,1440.0,2265.0,4013.0,895.0,,,,,,,,,,,,,,45738.0,,,,,,,,,,34.16,88.57,99.32,45.61,117.75,0.0,1.84,0.0,,,,,,,,,,,,,,,1,2013-01-01,2013-Q1,,,,,,,,,,,Требуется ручная проверка,0,
965,"ЗАО ""ПЕРВОУРАЛЬСКБАНК""",2013,59000.0,208821.0,71079.0,30123.0,59597.0,146620.0,80842.0,63256.0,11648.0,33160.0,,390535.0,315631.0,289719.0,51916.0,237803.0,,8307.0,16849.0,5862.0,0.0,26041.0,48.0,38767.0,7148.0,2089.0,12985.0,,,,,,,,,,,,65.0,14065.0,447.0,695.0,940.0,224.0,,,,,,,,,,,,,,15074.0,,,,,,,,,,34.32,98.45,114.1,40.59,103.5,0.0,1.57,0.0,,,,,,,,,471469.0,,,,,,2,2013-04-01,2013-Q2,,0409135,,,,,,,,,Требуется ручная проверка,0,
965,"ЗАО ""ПЕРВОУРАЛЬСКБАНК""",2013,59000.0,239240.0,71140.0,60481.0,28394.0,107933.0,80000.0,64546.0,11816.0,34948.0,,390898.0,314536.0,285975.0,50616.0,235359.0,,8863.0,32938.0,11617.0,0.0,49453.0,202.0,80636.0,10901.0,4102.0,18436.0,,,,,,,,,,,,153.0,27494.0,899.0,1237.0,1892.0,458.0,,,,,,,,,,,,,,22538.0,,,,,,,,,,31.74,83.37,106.06,34.61,121.1,0.0,1.32,0.0,,,,,,,,,337982.0,,,,,,3,2013-07-01,2013-Q3,,0409135,,,,,,,,,Требуется ручная проверка,0,
965,"ЗАО ""ПЕРВОУРАЛЬСКБАНК""",2013,118000.0,239250.0,12063.0,60568.0,36255.0,79282.0,110000.0,61180.0,9814.0,6958.0,,358452.0,287458.0,298328.0,50166.0,248162.0,,9008.0,49052.0,17871.0,27.0,75406.0,326.0,140755.0,27379.0,6915.0,20365.0,,,,,,,,,,,,258.0,40726.0,983.0,1981.0,2875.0,694.0,,,,,,,,,,,,,,27280.0,,,,,,,,,,34.87,97.48,114.45,41.76,99.65,0.0,1.6,0.0,,,,,,,,,447050.0,,,,,,4,2013-10-01,2013-Q4,,0409135,,,,,,,,,Требуется ручная проверка,0,
965,"ЗАО ""ПЕРВОУРАЛЬСКБАНК""",2014,118000.0,239279.0,12087.0,60573.0,34293.0,52494.0,105000.0,56926.0,8733.0,2127.0,,369696.0,304037.0,291955.0,50166.0,241789.0,,21153.0,64221.0,23653.0,34.0,86766.0,363.0,176503.0,33260.0,5566.0,19297.0,,,,,,,,,,,,365.0,53750.0,983.0,2458.0,3885.0,930.0,,,,,,,,,,,,,,24863.0,,,,,,,,,,34.2,63.36,113.34,39.25,103.81,0.0,1.3,0.0,,,,,,,,,118787.0,,,,,,1,2014-01-01,2014-Q1,,,,,,,,,,,Требуется ручная проверка,0,
965,"ЗАО ""ПЕРВОУРАЛЬСКБАНК""",2014,118000.0,239612.0,12420.0,60573.0,24953.0,73311.0,170000.0,48945.0,4765.0,6664.0,,314916.0,261206.0,246719.0,50165.0,196554.0,,13167.0,12564.0,4312.0,0.0,7548.0,63.0,31419.0,6624.0,0.0,90.0,,,,,,,,,,,,47.0,12214.0,0.0,234.0,728.0,214.0,,,,,,,,,,,,,,90.0,,,,,20.98,20.98,32.26,,,,50.63,111.38,32.14,101.08,0.0,1.07,0.0,,,,,,,,,139776.0,,,,,256364.0,2,2014-04-01,2014-Q2,,,,,,,,,,,Требуется ручная проверка,0,
965,"ЗАО ""ПЕРВОУРАЛЬСКБАНК""",2014,57009.0,,,79770.0,,,,,,,,,,,,,,,24878.0,7819.0,117.0,14874.0,99.0,59270.0,9328.0,165.0,369.0,,,,,,,,,,,,152.0,24423.0,0.0,481.0,1229.0,229.0,,,,,,,,,,,,,,534.0,,,,,22.83,22.83,31.68,,,,41.63,115.54,23.87,95.1,0.0,1.12,0.0,,,,,,,,,102776.0,,,,,252197.0,3,2014-07-01,2014-Q3,,,,,,,,,,,Требуется ручная проверка,0,
965,"ЗАО ""ПЕРВОУРАЛЬСКБАНК""",2014,118000.0,263812.0,17423.0,79770.0,18589.0,62408.0,255000.0,49491.0,334.0,7347.0,,272164.0,222339.0,214967.0,35165.0,179802.0,,14045.0,38736.0,11447.0,149.0,21475.0,133.0,91730.0,13380.0,112.0,695.0,,,,,,,,,,,,280.0,38153.0,0.0,870.0,1810.0,229.0,,,,,,,,,,,,,,583.0,,,,,22.89,22.89,31.77,,,,30.89,114.19,25.44,103.96,0.0,1.08,0.0,,,,,,,,,78584.0,,,,,251936.0,4,2014-10-01,2014-Q4,,,,,,,,,,,Требуется ручная проверка,0,
965,"ЗАО ""ПЕРВОУРАЛЬСКБАНК""",2015,118000.0,263795.0,17403.0,79773.0,34396.0,105800.0,110000.0,47688.0,521.0,7259.0,,303560.0,255351.0,199606.0,35165.0,164441.0,,3656.0,53024.0,15088.0,154.0,30076.0,303.0,148609.0,17132.0,34.0,1602.0,,,,60000.0,60000.0,,,,,,,459.0,51134.0,0.0,1233.0,2341.0,229.0,,,,,,,,,,,,,,1636.0,,,,,24.66,24.66,42.23,,,,115.23,168.48,24.06,56.11,0.0,0.98,0.0,,,,,,,,,247900.0,,,,,313191.0,1,2015-01-01,2015-Q1,,,,,,,,,,,Требуется ручная проверка,0,
965,"ЗАО ""ПЕРВОУРАЛЬСКБАНК""",2015,118000.0,263686.0,17294.0,79773.0,17371.0,58560.0,0.0,46729.0,349.0,,,295915.0,248837.0,211698.0,164.0,151534.0,,3784.0,18683.0,4327.0,0.0,6597.0,98.0,58353.0,3821.0,608.0,4923.0,,,,60000.0,60000.0,,,,,,,196.0,10742.0,40.0,472.0,134.0,0.0,,,,,,,,,,,,,,5531.0,,,,,22.61,22.61,38.99,,,,119.03,123.83,22.09,69.32,0.0,0.93,0.0,,,,,,,,,398689.0,,,,,310637.0,2,2015-04-01,2015-Q2,,,,,,,,,,,Требуется ручная проверка,0,
965,"АО ""ПЕРВОУРАЛЬСКБАНК""",2015,118000.0,258171.0,13190.0,78362.0,11124.0,66026.0,100000.0,45837.0,613.0,,,317654.0,271204.0,260354.0,50163.0,150191.0,,5292.0,39954.0,10055.0,0.0,13435.0,163.0,128230.0,9719.0,1387.0,8398.0,,,,60000.0,60000.0,,,,,,,426.0,24836.0,40.0,1046.0,1180.0,0.0,,,,,,,,,,,,,,9785.0,,,,,25.83,25.83,43.66,,,,103.99,151.6,20.23,63.06,0.0,1.0,0.0,,,,,,,,,266729.0,,,,,314676.0,3,2015-07-01,2015-Q3,,,,,,,,,,,Требуется ручная проверка,0,
965,"АО ""ПЕРВОУРАЛЬСКБАНК""",2015,57009.0,,,78406.0,,,,,,,,,,,,,,,59753.0,15604.0,0.0,19829.0,315.0,238371.0,26028.0,2919.0,11685.0,,,,60000.0,60000.0,,,,,,,945.0,38010.0,40.0,1046.0,2188.0,0.0,,,,,,,,,,,,,,14604.0,,,,,25.87,25.87,44.5,,,,104.97,132.92,17.27,54.28,0.0,0.87,0.0,,,,,,,,,435047.0,,,,,320204.0,4,2015-10-01,2015-Q4,,,,,,,,,,,Требуется ручная проверка,0,
965,"АО ""ПЕРВОУРАЛЬСКБАНК""",2016,118000.0,256020.0,10994.0,78407.0,26006.0,20739.0,0.0,38582.0,7340.0,,,261008.0,215086.0,336740.0,116772.0,159968.0,,4418.0,80800.0,21431.0,0.0,26562.0,369.0,380440.0,41604.0,3193.0,21947.0,,,,60000.0,60000.0,,,,,,,1957.0,49614.0,40.0,1046.0,3325.0,0.0,,,,,,,,,,,,,,25140.0,,,,,26.05,26.05,45.52,,,,273.68,236.76,11.45,19.93,0.0,0.69,0.0,,,,,,,,,641243.0,,,,,325541.0,1,2016-01-01,2016-Q1,,,,,,,,,,,Требуется ручная проверка,0,
965,"АО ""ПЕРВОУРАЛЬСКБАНК""",2016,118000.0,261313.0,16141.0,78553.0,30223.0,11964.0,,30747.0,9189.0,,,158524.0,118588.0,345217.0,50000.0,205217.0,,3665.0,17550.0,558.0,0.0,0.0,0.0,89912.0,797.0,325.0,1734.0,,,,90000.0,90000.0,,,,,,,613.0,6189.0,0.0,558.0,1258.0,0.0,,,,,,,,,,,,,,2059.0,,,0.0,1734.0,27.72,27.72,53.16,,,,220.46,199.88,8.1,32.8,0.0,0.5,0.0,,,,,,,,,480533.0,,,,,352561.0,2,2016-04-01,2016-Q2,,,,,,,,,,,Требуется ручная проверка,0,
965,"АО ""ПЕРВОУРАЛЬСКБАНК""",2016,57009.0,,,95696.0,,,,,,,,,,,,,,,31730.0,18106.0,0.0,0.0,97.0,145654.0,1811.0,997.0,9987.0,,,,90000.0,90000.0,,,,,,,1315.0,11977.0,57.0,0.0,2750.0,0.0,,,,,,,,,,,,,,10984.0,,,0.0,9987.0,24.24,24.24,43.06,,,,157.08,123.55,6.18,78.82,0.0,0.3,0.0,,,,,,,,,443636.0,,,,,361123.0,3,2016-07-01,2016-Q3,,,,,,,,,,,Требуется ручная проверка,0,
965,"АО ""ПЕРВОУРАЛЬСКБАНК""",2016,118000.0,278456.0,16141.0,95696.0,18513.0,20962.0,100000.0,22052.0,10746.0,4996.0,,72479.0,39681.0,483454.0,50000.0,343454.0,10.0,5003.0,44449.0,47103.0,0.0,0.0,131.0,215622.0,6419.0,4965.0,23369.0,,,,90000.0,90000.0,,,,,,,1963.0,16050.0,153.0,0.0,4162.0,0.0,,,,,,,,,,,,,,28334.0,,,0.0,23369.0,17.67,17.67,32.66,,,,118.85,152.12,16.47,140.46,0.0,0.24,0.0,,,,,,,,,210690.0,,,,,374794.0,4,2016-10-01,2016-Q4,,,,,,,,,,,Требуется ручная проверка,0,
965,"АО ""ПЕРВОУРАЛЬСКБАНК""",2017,118000.0,278456.0,16141.0,95696.0,16839.0,27453.0,130000.0,23828.0,20414.0,4852.0,,227171.0,182929.0,743652.0,101000.0,552652.0,,6444.0,59553.0,113078.0,0.0,0.0,159.0,290684.0,21126.0,50.0,62806.0,,,,90000.0,90000.0,,,,,,,1976.0,24963.0,249.0,98.0,6942.0,0.0,,,,,,,,,,,,,,62756.0,,,0.0,62806.0,15.86,15.86,32.42,,,,206.75,97.21,20.36,169.91,0.0,0.21,0.0,,,,,,,,,223956.0,,,,,414259.0,1,2017-01-01,2017-Q1,,,,,,,,,,,Требуется ручная проверка,0,
965,"АО ""ПЕРВОУРАЛЬСКБАНК""",2017,118000.0,285807.0,23492.0,95696.0,22554.0,99356.0,300000.0,20705.0,20686.0,5028.0,,113967.0,72576.0,985702.0,100000.0,795702.0,72.0,7792.0,20291.0,36432.0,0.0,0.0,50.0,66466.0,16902.0,876.0,7798.0,,,,90000.0,90000.0,,,,,,,1.0,11515.0,94.0,0.0,2631.0,0.0,,,,,,,,,,,,,,8674.0,,,0.0,7798.0,13.101,13.101,26.104,,,,162.675,136.261,30.54,198.038,0.0,0.2,0.0,,,,,,,,,476474.0,,,,,404859.0,2,2017-04-01,2017-Q2,,,,,,,,,,,Требуется ручная проверка,0,
965,"АО ""ПЕРВОУРАЛЬСКБАНК""",2017,118000.0,284496.0,22178.0,95699.0,16686.0,2168.0,130000.0,39357.0,20804.0,5011.0,,275177.0,215016.0,1170579.0,104000.0,976579.0,133.0,9862.0,42778.0,90244.0,0.0,0.0,71.0,161960.0,42319.0,3329.0,9329.0,,,,90000.0,90000.0,,,,,,,20.0,20262.0,188.0,0.0,5238.0,0.0,,,,,,,,,,,,,,12658.0,,,0.0,9329.0,13.674,13.674,22.82,,,,116.915,184.135,26.885,264.401,0.0,0.266,0.0,,,,,,,,,270202.0,,,,,407607.0,3,2017-07-01,2017-Q3,,,,,,,,,,,Требуется ручная проверка,0,
965,"АО ""ПЕРВОУРАЛЬСКБАНК""",2017,118000.0,325461.0,22178.0,136664.0,14690.0,93678.0,0.0,42513.0,22358.0,5145.0,,294728.0,229857.0,1328916.0,136800.0,1102116.0,187.0,11404.0,62254.0,144288.0,0.0,0.0,114.0,249575.0,54944.0,3786.0,10524.0,,,,90000.0,90000.0,,,,,,,192.0,31243.0,284.0,21.0,8295.0,0.0,,,,,,,,,,,,,,14310.0,,,0.0,10524.0,11.801,11.801,19.867,,,,80.14,164.686,19.743,290.69,0.0,0.255,0.0,,,,,,,,,263526.0,,,,,409135.0,4,2017-10-01,2017-Q4,,,,,,,,,,,Требуется ручная проверка,0,
965,"АО ""ПЕРВОУРАЛЬСКБАНК""",2018,118000.0,325461.0,22178.0,136664.0,19284.0,40372.0,0.0,123487.0,26793.0,5113.0,,252783.0,102503.0,1396360.0,136300.0,1170060.0,164.0,14264.0,77652.0,207294.0,0.0,5.0,232.0,385477.0,116320.0,3946.0,19078.0,,,,90000.0,90000.0,,,,,,,388.0,41418.0,380.0,112.0,11338.0,0.0,,,,,,,,,,,,,,23024.0,,,0.0,19078.0,13.103,13.103,22.33,,,,92.931,284.141,18.7,265.289,0.0,0.507,0.0,,,,,,,,,209088.0,,,,,414301.0,1,2018-01-01,2018-Q1,,,,,,,,,,,Требуется ручная проверка,0,
965,"АО ""ПЕРВОУРАЛЬСКБАНК""",2018,118000.0,326702.0,23419.0,136664.0,26419.0,101917.0,300000.0,109290.0,30799.0,5301.0,,287769.0,147680.0,1434071.0,106300.0,1237771.0,251.0,15019.0,22330.0,49074.0,0.0,94.0,53.0,111513.0,34913.0,105.0,1670.0,,,,90000.0,90000.0,,,,,,,172.0,13633.0,387.0,0.0,2486.0,0.0,,,,,,,,,,,,,,1775.0,,,0.0,1670.0,14.463,14.463,23.357,11.338,,,250.294,231.39,18.76,222.228,0.0,0.52,0.0,,,,,,,,,830119.0,,,,,413221.0,2,2018-04-01,2018-Q2,,,,,,,,,,,Требуется ручная проверка,0,
965,"АО ""ПЕРВОУРАЛЬСКБАНК""",2018,118000.0,326300.0,21377.0,138304.0,25027.0,74212.0,300000.0,140850.0,24123.0,55980.0,,541355.0,376382.0,1524333.0,216625.0,1217708.0,532.0,16227.0,51349.0,91839.0,0.0,547.0,0.0,245943.0,68823.0,445.0,4661.0,,,,90000.0,90000.0,,,,,,,353.0,37123.0,1647.0,0.0,6064.0,0.0,,,,,,,,,,,,,,5106.0,,,0.0,4661.0,12.481,12.481,20.244,12.425,,,141.179,193.463,68.789,267.99,0.0,2.225,0.0,,,,,,,,,437523.0,,,,,417019.0,3,2018-07-01,2018-Q3,,,,,,,,,,,Требуется ручная проверка,0,
965,"АО ""ПЕРВОУРАЛЬСКБАНК""",2018,118000.0,343292.0,21297.0,155376.0,24898.0,57500.0,,271111.0,25853.0,35362.0,,855469.0,558505.0,1603760.0,190850.0,1322910.0,296.0,14048.0,87645.0,133745.0,0.0,1533.0,0.0,353666.0,85244.0,3992.0,6155.0,,,,90000.0,90000.0,,,,,,,655.0,68148.0,1984.0,0.0,9118.0,0.0,,,,,,,,,,,,,,10147.0,,,0.0,6155.0,10.768,10.768,17.55,10.993,,,105.216,179.136,76.369,334.146,0.0,0.693,0.0,,,,,,,,,416370.0,,,,,418464.0,4,2018-10-01,2018-Q4,,,,,,,,,,,Требуется ручная проверка,0,
965,"АО ""ПЕРВОУРАЛЬСКБАНК""",2019,118000.0,342026.0,20031.0,155376.0,20904.0,6211.0,0.0,292826.0,26409.0,5014.0,,1055233.0,735998.0,1619520.0,134850.0,1394670.0,36.0,4000.0,131848.0,174034.0,0.0,4805.0,0.0,456484.0,117431.0,7945.0,24632.0,,,,90000.0,90000.0,,,,,,,776.0,105749.0,2352.0,0.0,11898.0,0.0,,,,,,,,,,,,,,32577.0,,,0.0,24632.0,,11.481,18.633,,,,161.421,201.25,,,,,,,,,,,,,,398719.0,,,,,438475.0,1,2019-01-01,2019-Q1,,,,,,,,,,,Требуется ручная проверка,0,
965,"АО ""ПЕРВОУРАЛЬСКБАНК""",2019,118000.0,342026.0,20031.0,155376.0,26906.0,14585.0,180648.0,282023.0,31027.0,5144.0,,1174938.0,861888.0,1697651.0,107750.0,1499901.0,,3758.0,63642.0,30186.0,0.0,2910.0,17.0,146383.0,94796.0,14.0,16556.0,,,,90000.0,90000.0,,,,,,,52.0,48286.0,94.0,0.0,2159.0,0.0,,,,,,,,,,,,,,16570.0,,,0.0,16556.0,,11.364,18.532,,,,,194.776,,,,,,,,,,,,,,557287.0,,,,,441068.0,2,2019-04-01,2019-Q2,,,,,,,,,,,Требуется ручная проверка,0,
965,"АО ""ПЕРВОУРАЛЬСКБАНК""",2019,118000.0,339208.0,17100.0,155489.0,24506.0,10792.0,180648.0,407262.0,32363.0,5082.0,,1483523.0,1043898.0,1770587.0,113650.0,1566937.0,,3846.0,128056.0,59774.0,0.0,11143.0,57.0,293793.0,149639.0,4616.0,34806.0,,,,90000.0,90000.0,,,,,,,90.0,105611.0,187.0,0.0,4560.0,0.0,,,,,,,,,,,,,,30190.0,,,0.0,34806.0,,11.047,16.799,,,,,131.534,,,,,,,,,,,,,,492896.0,,,,,446092.0,3,2019-07-01,2019-Q3,,,,,,,,,,,Требуется ручная проверка,0,
965,"АО ""ПЕРВОУРАЛЬСКБАНК""",2019,118000.0,363092.0,18607.0,177866.0,29585.0,17219.0,180648.0,523556.0,50221.0,5216.0,,1614089.0,1040312.0,1923431.0,207441.0,1625990.0,,4222.0,200388.0,93496.0,0.0,13238.0,100.0,412172.0,194004.0,323.0,32727.0,,,,90000.0,90000.0,,,,,,,140.0,171952.0,284.0,0.0,8262.0,0.0,,,,,,,,,,,,,,33050.0,,,0.0,32727.0,,9.248,14.316,,,,,144.483,,,,,,,,,,,,,,517399.0,,,,,453977.0,4,2019-10-01,2019-Q4,,,,,,,,,,,Требуется ручная проверка,0,
965,"АО ""ПЕРВОУРАЛЬСКБАНК""",2020,118000.0,360061.0,15576.0,177866.0,66461.0,23802.0,180648.0,542896.0,66628.0,5140.0,,1787307.0,1177783.0,2322484.0,341967.0,1890517.0,,4567.0,283348.0,130709.0,0.0,13356.0,160.0,549526.0,243329.0,5688.0,33296.0,,,,90000.0,90000.0,,,,,,,1168.0,249282.0,380.0,0.0,14290.0,0.0,,,,,,,,,,,,,,38984.0,,,0.0,33296.0,,8.169,12.611,,,,,203.379,,,,,,,,,,,,,,550297.0,,,,,453327.0,1,2020-01-01,2020-Q1,,,,,,,,,,,Требуется ручная проверка,0,
965,"АО ""ПЕРВОУРАЛЬСКБАНК""",2020,118000.0,359989.0,15504.0,177866.0,54771.0,20428.0,541296.0,534839.0,71508.0,5292.0,,1756019.0,1149672.0,2372553.0,284726.0,1997827.0,,4693.0,76480.0,28646.0,0.0,849.0,0.0,145867.0,30670.0,1660.0,1405.0,,,,90000.0,90000.0,,,,,,,2068.0,70307.0,95.0,251.0,5481.0,0.0,,,,,,,,,,,,,,3065.0,,,0.0,1405.0,,8.968,13.99,,,,,162.059,,,,,,,,,,,,,,489767.0,,,,,457817.0,2,2020-04-01,2020-Q2,,,,,,,,,,,Требуется ручная проверка,0,
965,"АО ""ПЕРВОУРАЛЬСКБАНК""",2020,118000.0,361075.0,16590.0,177866.0,89047.0,22655.0,536640.0,415003.0,80683.0,244142.0,,1679199.0,1183513.0,2378570.0,322432.0,1966138.0,,5435.0,148721.0,57508.0,0.0,2179.0,0.0,334636.0,96343.0,2850.0,2454.0,,,,90000.0,90000.0,,,,,,,2371.0,132691.0,1050.0,312.0,10030.0,0.0,,,,,,,,,,,,,,5304.0,,,1306.0,940.0,,8.505,13.509,,,,,138.343,,,,,,,,,,,,,,613042.0,,,,,468892.0,3,2020-07-01,2020-Q3,,,,,,,,,,,Требуется ручная проверка,0,
965,"АО ""ПЕРВОУРАЛЬСКБАНК""",2020,118000.0,392992.0,20906.0,205467.0,62892.0,23100.0,115850.0,465481.0,95955.0,317989.0,,2158876.0,1597440.0,2313050.0,214813.0,2008237.0,,5752.0,239029.0,89441.0,0.0,3369.0,11.0,504429.0,143352.0,685.0,38134.0,,,,90000.0,90000.0,,,,,,,2382.0,213523.0,1144.0,4992.0,12996.0,0.0,,,,,,,,,,,,,,38819.0,,,5836.0,36444.0,,7.737,12.405,,,,,84.563,,,,,,,,,,,,,,365188.0,,,,,479904.0,4,2020-10-01,2020-Q4,,,,,,,,,,,Требуется ручная проверка,0,
965,"АО ""ПЕРВОУРАЛЬСКБАНК""",2021,118000.0,388970.0,16884.0,205467.0,38571.0,22230.0,200307.0,469270.0,87866.0,159844.0,,2311230.0,1754094.0,2644906.0,396399.0,2158507.0,,5407.0,334135.0,136226.0,0.0,4966.0,1404.0,674049.0,196743.0,7581.0,65380.0,,,,90000.0,90000.0,,,,,,,2385.0,297548.0,1240.0,23134.0,17893.0,0.0,,,,,,,,,,,,,,72961.0,,,9359.0,64874.0,,7.747,13.25,,,,,100.875,,,,,,,,,,,,,,645276.0,,,,,512365.0,1,2021-01-01,2021-Q1,,,,,,,,,,,Требуется ручная проверка,0,
965,"АО ""ПЕРВОУРАЛЬСКБАНК""",2021,118000.0,391679.0,19444.0,205616.0,45808.0,22501.0,191898.0,402047.0,130582.0,131494.0,,2557341.0,2024712.0,2756462.0,293729.0,2372733.0,,5608.0,95410.0,38695.0,0.0,2161.0,197.0,150225.0,50257.0,392.0,11318.0,,,,90000.0,90000.0,,,,,,,2.0,86068.0,94.0,249.0,4736.0,0.0,,,,,,,,,,,,,,11710.0,,,468.0,7366.0,,9.254,12.934,,,,,165.977,,,,,,,,,,,,,,780083.0,,,,,515056.0,2,2021-04-01,2021-Q2,,,,,,,,,,,Требуется ручная проверка,0,
965,"АО ""ПЕРВОУРАЛЬСКБАНК""",2021,118000.0,449323.0,17956.0,264748.0,41699.0,43138.0,0.0,368040.0,138424.0,76106.0,,2609874.0,2103410.0,2956234.0,322494.0,2543740.0,,6945.0,197200.0,71806.0,0.0,3978.0,58.0,348693.0,130245.0,1111.0,31469.0,,,,88500.0,88500.0,,,,,,,6.0,171554.0,363.0,1469.0,10246.0,0.0,,,,,,,,,,,,,,32580.0,,,3130.0,29576.0,,9.395,13.18,,,,,214.602,,,,,,,,,,,,,,1026021.0,,,,,517616.0,3,2021-07-01,2021-Q3,,,,,,,,,,,Требуется ручная проверка,0,
965,"АО ""ПЕРВОУРАЛЬСКБАНК""",2021,118000.0,450280.0,15390.0,268271.0,49865.0,90009.0,0.0,374198.0,138072.0,324035.0,,2631592.0,2119322.0,2994259.0,355757.0,2548502.0,0.0,6973.0,314536.0,140796.0,0.0,9132.0,283.0,579199.0,240397.0,4262.0,53363.0,0.0,0.0,,87000.0,87000.0,,,,,,,8.0,258178.0,363.0,1956.0,15092.0,0.0,,,,,,,,,,,,,,57625.0,,,4203.0,45829.0,,8.786,12.621,,,,,146.394,,,,,,,,,,,,,,833109.0,,,,,529607.0,4,2021-10-01,2021-Q4,,,,,,,,,,,Требуется ручная проверка,0,
967,"АКБ ""БАЛТИКА"" (ЗАО)",2007,37510.0,62464.0,21657.0,,6001.0,14513.0,263.0,14515.0,,,,129311.0,114796.0,82764.0,,82764.0,,2717.0,20074.0,0.0,0.0,0.0,0.0,64473.0,4.0,,1767.0,,,,,,,,,,,,,,,,,,,,,,,,,,,,,,,,,,,,,,,,,,,,,,,,,,,,,,,,,,,,,,,1,2007-01-01,2007-Q1,,,,,,,,,,,Требуется ручная проверка,0,
967,"АКБ ""БАЛТИКА"" (ЗАО)",2007,37600.0,62440.0,21657.0,,8457.0,27124.0,,8048.0,,,,122166.0,114118.0,88313.0,,88078.0,,3232.0,5648.0,0.0,0.0,0.0,0.0,16240.0,0.0,,1108.0,,,,,,,,,,,,,,,,,,,,,,,,,,,,,,,,,,,,,,,,,,,,,,,,,,,,,,,,,,,,,,,2,2007-04-01,2007-Q2,,,,,,,,,,,Требуется ручная проверка,0,
967,"АКБ ""БАЛТИКА"" (ЗАО)",2007,37600.0,62437.0,21657.0,,5093.0,37221.0,0.0,8960.0,362.0,,,120407.0,111085.0,79179.0,,78946.0,,2976.0,10631.0,0.0,0.0,0.0,0.0,33240.0,0.0,,1411.0,,,,,,,,,,,,,,,,,,,,,,,,,,,,,,,,,,,,,,,,,,,,,,,,,,,,,,,,,,,,,,,3,2007-07-01,2007-Q3,,,,,,,,,,,Требуется ручная проверка,0,
967,"АКБ ""БАЛТИКА"" (ЗАО)",2007,37600.0,62549.0,21657.0,,11317.0,17187.0,0.0,7315.0,0.0,,,122169.0,114854.0,79894.0,,79663.0,,3326.0,16244.0,0.0,0.0,0.0,0.0,51450.0,3.0,,3561.0,,,,,,,,,,,,,,,,,,,,,,,,,,,,,,,,,,,,,,,,,,,,,,,,,,,,,,,,,,,,,,,4,2007-10-01,2007-Q4,,,,,,,,,,,Требуется ручная проверка,0,
967,"АКБ ""БАЛТИКА"" (ЗАО)",2008,37600.0,62528.0,21657.0,,8766.0,24791.0,,7194.0,,,,164451.0,157257.0,63910.0,,63691.0,,2253.0,21993.0,0.0,0.0,0.0,0.0,80476.0,3.0,,8520.0,,,,,,,,,,,,,,,,,,,,,,,,,,,,,,,,,,,,,,,,,,,,,,,,,,,,,,,,,,,,,,,1,2008-01-01,2008-Q1,,,,,,,,,,,Требуется ручная проверка,0,
967,"АКБ ""БАЛТИКА"" (ЗАО)",2008,37600.0,62513.0,21657.0,1421.0,13771.0,17153.0,,5542.0,,,,168931.0,163389.0,64811.0,,64811.0,,2507.0,6385.0,1386.0,0.0,3068.0,38.0,19994.0,6778.0,0.0,530.0,,,,,,,,,,,,6.0,6379.0,0.0,0.0,1208.0,178.0,,,,,,,,,,,,,,,,,,,,,,,,,,,,,,,,,,,,,,,,,,,,,,2,2008-04-01,2008-Q2,,,,,,,,,,,Требуется ручная проверка,0,
967,"АКБ ""БАЛТИКА"" (ЗАО)",2008,37600.0,62499.0,27.0,23037.0,12014.0,15819.0,10000.0,12995.0,,,,162327.0,149332.0,74154.0,,74154.0,,3263.0,13156.0,3019.0,,7764.0,189.0,47749.0,18678.0,,1541.0,,,,,,,,,,,,12.0,13144.0,,,2580.0,439.0,,,,,,,,,,,,,,,,,,,,,,,,,,,,,,,,,,,,,,,,,,,,,,3,2008-07-01,2008-Q3,,,,,,,,,,,Требуется ручная проверка,0,
967,"АКБ ""БАЛТИКА"" (ЗАО)",2008,37600.0,67560.0,25.0,27700.0,11519.0,26581.0,,16235.0,,,,185008.0,168773.0,66167.0,,66167.0,,3442.0,20657.0,4763.0,,13124.0,338.0,74403.0,25282.0,,2453.0,,,,,,,,,,,,13.0,20644.0,,5.0,3883.0,875.0,,,,,,,,,,,,,,,,,,,,,,,,,,,,,,,,,,,,,,,,,,,,,,4,2008-10-01,2008-Q4,,,,,,,,,,,Требуется ручная проверка,0,
967,"АКБ ""БАЛТИКА"" (ЗАО)",2009,37600.0,67506.0,25.0,27646.0,11364.0,94179.0,30000.0,15403.0,0.0,,,211545.0,196142.0,61428.0,,61428.0,,289.0,29889.0,7223.0,,18885.0,835.0,104935.0,28404.0,,3165.0,,,,,,,,,,,,15.0,29874.0,,5.0,1.0,2074.0,,,,,,,,,,,,,,,,,,,,,,,,,,,,,,,,,,,,,,,,,,,,,,1,2009-01-01,2009-Q1,,,,,,,,,,,Требуется ручная проверка,0,
967,"АКБ ""БАЛТИКА"" (ЗАО)",2009,37600.0,67616.0,25.0,27756.0,18890.0,58631.0,101898.0,15841.0,0.0,,,220455.0,204614.0,68789.0,,68789.0,,599.0,10711.0,2761.0,0.0,11911.0,4478.0,83765.0,2111.0,354.0,1404.0,,,,,,,,,,,,15.0,10695.0,1.0,0.0,1349.0,1412.0,,,,,,,,,,,,,,1758.0,,,,,,,,,,,,,,,,,,,,,,,,,,,,,,,,2,2009-04-01,2009-Q2,,,,,,,,,,,Требуется ручная проверка,0,
967,"АКБ ""БАЛТИКА"" (ЗАО)",2009,37600.0,67616.0,15.0,27766.0,21739.0,30231.0,30570.0,13566.0,0.0,,,228621.0,215055.0,58636.0,,58636.0,,529.0,22654.0,5954.0,0.0,20426.0,6196.0,130104.0,4145.0,618.0,1925.0,,,,,,,,,,,,355.0,22298.0,1.0,11.0,2724.0,3192.0,,,,,,,,,,,,,,2543.0,,,,,,,,,,,,,,,,,,,,,,,,,,,,,,,,3,2009-07-01,2009-Q3,,,,,,,,,,,Требуется ручная проверка,0,
967,"АКБ ""БАЛТИКА"" (ЗАО)",2009,37600.0,69541.0,15.0,29691.0,22107.0,32380.0,30570.0,13862.0,62.0,,,230733.0,216809.0,58180.0,,58180.0,,2204.0,36181.0,9680.0,0.0,28180.0,7676.0,201620.0,7156.0,705.0,2477.0,,,,,,,,,,,,2235.0,33945.0,1.0,154.0,4165.0,4397.0,,,,,,,,,,,,,,3182.0,,,,,,,,,,,,,,,,,,,,,,,,,,,,,,,,4,2009-10-01,2009-Q4,,,,,,,,,,,Требуется ручная проверка,0,
967,"АКБ ""БАЛТИКА"" (ЗАО)",2010,192970.0,224911.0,15.0,29691.0,26726.0,151639.0,20860.0,32023.0,0.0,,,223808.0,191785.0,62976.0,,62976.0,,3552.0,51909.0,13722.0,0.0,42202.0,10895.0,266890.0,11026.0,895.0,5874.0,,,,,,,,,,,,5906.0,45809.0,194.0,821.0,5656.0,5081.0,,,,,,,,,,,,,,6769.0,,,,,,,,,,,,,,,,,,,,,,,,,,,,,,,,1,2010-01-01,2010-Q1,,,,,,,,,,,Требуется ручная проверка,0,
967,"АКБ ""БАЛТИКА"" (ЗАО)",2010,192970.0,224911.0,15.0,29691.0,22180.0,64990.0,101050.0,29935.0,762.0,,,473030.0,442333.0,75686.0,,75686.0,,3468.0,19268.0,5490.0,0.0,8415.0,1391.0,142400.0,74222.0,781.0,3140.0,,,,,,,,,,,,4034.0,15234.0,0.0,1429.0,1786.0,917.0,,,,,,,,,,,,,,3921.0,,,,,,,,,,,,,,,,,,,,,,,,,,,,,,,,2,2010-04-01,2010-Q2,,,,,,,,,,,Требуется ручная проверка,0,
967,"ОАО АКБ ""Балтика""",2011,,,,,,,,,,,,,,,,,,,165834.0,79797.0,0.0,634016.0,506975.0,1935353.0,777080.0,2016.0,23759.0,,,,,,,,,,,,12390.0,130684.0,19211.0,6550.0,578.0,4472.0,,,,,,,,,,,,,,25775.0,,,,,,,,,,18.81,35.35,56.98,87.08,208.79,1.09,1.31,0.0,,,,,,,,,,,,,,,3,2011-07-01,2011-Q3,,,,,,,,,,,Требуется ручная проверка,0,
967,"ОАО АКБ ""Балтика""",2011,692970.0,1075668.0,15.0,300625.0,520086.0,239275.0,136800.0,508751.0,153292.0,920224.0,,3582887.0,2907744.0,2677796.0,,2677764.0,308.0,62365.0,345990.0,159479.0,,2250970.0,1932196.0,5192848.0,1652435.0,12761.0,29943.0,,,,,,,,,,,,20428.0,278187.0,39077.0,10781.0,398.0,7406.0,,,,,,,,,,,,,,42704.0,,,,,,,,,,14.91,28.98,55.75,116.09,255.11,1.04,1.49,0.0,,,,,,,,,,,,,,,4,2011-10-01,2011-Q4,,,,,,,,,,,Требуется ручная проверка,0,
967,"ОАО АКБ ""Балтика""",2012,,,,,,,,,,,,,,,,,,,599211.0,250650.0,0.0,10369840.0,9793383.0,15509857.0,2756940.0,8870.0,73579.0,,,,,,,,,,,,27291.0,486566.0,76161.0,13297.0,571.0,10733.0,,,,,,,,,,,,,,82449.0,,,,,,,,,,11.75,30.72,74.93,84.04,413.53,0.98,1.87,0.0,,,,,,,,,,,,,,,1,2012-01-01,2012-Q1,,,,,,,,,,,Требуется ручная проверка,0,
967,"ОАО АКБ ""Балтика""",2012,692970.0,1075677.0,15.0,300700.0,455178.0,426064.0,4629.0,1464028.0,285952.0,2696032.0,,5479155.0,3714305.0,2910705.0,0.0,2910672.0,698.0,241182.0,274328.0,100532.0,0.0,1423084.0,1429111.0,3340618.0,1061313.0,2414.0,32017.0,,,,,,,,,,,,4998.0,214460.0,53141.0,3550.0,114.0,7155.0,,,,,,,,,,,,,,34431.0,,,,,,,,,,11.99,30.99,51.58,108.36,405.95,4.05,0.7,0.0,,,,,,,,,,,,,,,2,2012-04-01,2012-Q2,,,,,,,,,,,Требуется ручная проверка,0,
967,"ОАО АКБ ""Балтика""",2012,692970.0,1140894.0,10.0,365922.0,826700.0,170324.0,73290.0,1984416.0,219087.0,3212737.0,,6630278.0,4414752.0,3466792.0,5000.0,3336093.0,3491.0,231416.0,582105.0,228588.0,0.0,3594706.0,3367190.0,8312549.0,2467923.0,17625.0,53089.0,,,,,,,,,,,,9706.0,450339.0,119173.0,9242.0,294.0,10869.0,,,,,,,,,,,,,,70714.0,,,,,,,,,,11.01,27.07,55.18,97.28,488.44,2.91,0.63,0.0,,,,,,,,,,,,,,,3,2012-07-01,2012-Q3,,,,,,,,,,,Требуется ручная проверка,0,
967,"ОАО АКБ ""Балтика""",2012,831564.0,1279488.0,10.0,365922.0,598433.0,185697.0,152761.0,2478423.0,307136.0,2660544.0,,8049007.0,5259791.0,3879910.0,69148.0,3679722.0,3327.0,253838.0,917622.0,375700.0,0.0,5610121.0,5407103.0,13062120.0,3765997.0,29047.0,70544.0,,,,,,,,,,,,14165.0,720803.0,179391.0,19448.0,1097.0,14820.0,,,,,,,,,,,,,,99591.0,,,,,,,,,,11.36,35.71,57.89,105.12,440.33,2.65,0.94,0.0,,,,,,,,,,,,,,,4,2012-10-01,2012-Q4,,0409135,,,,,,,,,Требуется ручная проверка,0,
967,"ОАО АКБ ""Балтика""",2013,831564.0,1279488.0,10.0,365922.0,573216.0,464280.0,125246.0,2836576.0,361825.0,3553722.0,,8531918.0,5330189.0,4382458.0,77299.0,4141119.0,432.0,283555.0,1278602.0,536525.0,0.0,7309604.0,7091209.0,17163485.0,5065300.0,41448.0,113718.0,,,,,,,,,,,,14245.0,1018909.0,240846.0,30549.0,2798.0,18503.0,,,,,,,,,,,,,,155166.0,,,,,,,,,,10.58,45.54,70.26,104.19,489.21,6.61,0.99,0.0,,,,,,,,,,,,,,,1,2013-01-01,2013-Q1,,,,,,,,,,,Требуется ручная проверка,0,
967,"ОАО АКБ ""Балтика""",2013,831564.0,1314366.0,34850.0,365960.0,702260.0,384378.0,403116.0,3293564.0,364816.0,4275328.0,,9231076.0,5569712.0,5071558.0,125432.0,4782086.0,976.0,343066.0,382077.0,193377.0,0.0,1394736.0,1282465.0,3451311.0,1006558.0,11747.0,44082.0,,,,,,,,,,,,3.0,309377.0,70305.0,11553.0,2666.0,18505.0,,,,,,,,,,,,,,55829.0,,,,,,,,,,10.55,43.28,66.86,110.79,464.72,11.06,0.98,0.0,,,,,,,,,2562793.0,,,,,,2,2013-04-01,2013-Q2,,0409135,,,,,,,,,Требуется ручная проверка,0,
967,"ОАО АКБ ""Балтика""",2013,1250328.0,1750927.0,52647.0,365960.0,767822.0,453864.0,330703.0,4090109.0,1015760.0,4478043.0,,11607498.0,6499005.0,5582460.0,154984.0,5427432.0,116.0,388289.0,858472.0,401097.0,0.0,4531772.0,4331955.0,10702752.0,2332208.0,18870.0,60507.0,,,,,,,,,,,,548.0,709104.0,144055.0,16834.0,4870.0,39244.0,,,,,,,,,,,,,,79377.0,,,,,,,,,,11.27,28.33,56.49,114.09,415.95,15.73,0.84,0.0,,,,,,,,,1790130.0,,,,,,3,2013-07-01,2013-Q3,,0409135,,,,,,,,,Требуется ручная проверка,0,
967,"ОАО АКБ ""Балтика""",2013,1250328.0,1902068.0,105111.0,464637.0,928501.0,774279.0,604051.0,4492215.0,1019816.0,4727084.0,,13217621.0,7703337.0,6227339.0,157325.0,5969966.0,860.0,412323.0,1354979.0,631807.0,0.0,7398150.0,7057486.0,18082619.0,3512099.0,19157.0,144629.0,,,,,,,,,,,,831.0,1126795.0,222256.0,20804.0,7292.0,61070.0,,,,,,,,,,,,,,163786.0,,,,,,,,,,10.56,31.83,57.65,118.09,426.94,9.21,0.76,0.0,,,,,,,,,2296591.0,,,,,,4,2013-10-01,2013-Q4,,0409135,,,,,,,,,Требуется ручная проверка,0,
967,"ОАО АКБ ""Балтика""",2014,1250328.0,1903833.0,106876.0,464637.0,774122.0,1212926.0,374492.0,4813865.0,786948.0,5348488.0,,15582037.0,9929161.0,6529609.0,417740.0,6011818.0,201.0,462989.0,1959799.0,858425.0,0.0,9455079.0,9069052.0,24659312.0,4866760.0,35017.0,350582.0,,,,,,,,,,,,838.0,1649818.0,303606.0,25080.0,13003.0,77713.0,,,,,,,,,,,,,,385599.0,,,,,,,,,,11.42,37.5,55.58,115.41,380.43,6.55,2.45,0.0,,,,,,,,,3136866.0,,,,,,1,2014-01-01,2014-Q1,,,,,,,,,,,Требуется ручная проверка,0,
967,"ОАО АКБ ""Балтика""",2014,1250328.0,1923984.0,126987.0,464677.0,1048784.0,349641.0,385494.0,4905312.0,842682.0,5973374.0,,14514381.0,8714727.0,6675510.0,394600.0,6180858.0,1250.0,507443.0,634261.0,202739.0,0.0,2651962.0,2538065.0,10872091.0,1611149.0,7100.0,365497.0,0.0,0.0,,0.0,0.0,,,,,,,5.0,545941.0,87699.0,268.0,6833.0,11744.0,,,,,,,,,,,,,,372597.0,,,,,8.66,8.66,11.18,,,,45.63,60.74,96.64,376.79,3.97,2.32,0.0,,,,,,,,,4117243.0,,,,,2306027.0,2,2014-04-01,2014-Q2,,,,,,,,,,,Требуется ручная проверка,0,
967,"ОАО АКБ ""Балтика""",2014,1250238.0,,0.0,791303.0,,,,,,,,,,,,,,,1217076.0,443882.0,0.0,5552477.0,5458990.0,17346097.0,3283817.0,86932.0,280283.0,0.0,0.0,,0.0,0.0,,,,,,,12.0,1031521.0,180126.0,4122.0,13641.0,22506.0,,,,,,,,,,,,,,367215.0,,,,,9.76,9.76,10.44,,,,53.75,69.65,58.05,456.18,3.75,2.44,0.0,,,,,,,,,3902415.0,,,,,2260777.0,3,2014-07-01,2014-Q3,,,,,,,,,,,Требуется ручная проверка,0,
967,"ОАО АКБ ""Балтика""",2014,1250328.0,2319620.0,195997.0,791303.0,1265217.0,1008338.0,590771.0,4352108.0,277575.0,6722857.0,,16279336.0,11598533.0,8492285.0,648438.0,7843794.0,1417.0,460986.0,1830185.0,725240.0,0.0,8795275.0,8445661.0,25444214.0,5868653.0,94349.0,781320.0,0.0,0.0,,0.0,0.0,,,,,,,19.0,1545995.0,263838.0,13320.0,24204.0,32448.0,,,,,,,,,,,,,,875669.0,,,,,8.76,8.76,10.48,,,,61.64,83.37,51.44,391.09,3.34,2.25,0.0,,,,,,,,,3022828.0,,,,,2531302.0,4,2014-10-01,2014-Q4,,,,,,,,,,,Требуется ручная проверка,0,
967,"ПАО АКБ ""Балтика""",2015,1250328.0,2445459.0,321836.0,791303.0,1048673.0,388442.0,524955.0,4336978.0,445297.0,9617762.0,,14597315.0,9755127.0,7988538.0,587488.0,7400993.0,1278.0,452497.0,2453191.0,1036468.0,0.0,24051352.0,22924867.0,54456852.0,9846743.0,118279.0,1168307.0,0.0,0.0,,0.0,0.0,,,,,,,21.0,2053758.0,368775.0,25496.0,35394.0,64066.0,,,,,,,,,,,,,,1286586.0,,,,,9.09,9.09,12.12,,,,60.51,91.32,45.23,373.88,3.0,2.1,0.0,,,,,,,,,3719076.0,,,,,2823225.0,1,2015-01-01,2015-Q1,,,,,,,,,,,Требуется ручная проверка,0,
967,"ПАО АКБ ""Балтика""",2015,1250328.0,2782623.0,659000.0,791303.0,1238065.0,603590.0,355263.0,5105530.0,523373.0,11417956.0,,14925914.0,9237422.0,8784067.0,997877.0,7546600.0,2242.0,471246.0,689849.0,505779.0,0.0,11804904.0,11943857.0,22062532.0,2952005.0,22917.0,69355.0,0.0,0.0,,0.0,0.0,,,,,,,3.0,535898.0,143804.0,52609.0,19601.0,26658.0,,,,,,,,,,,,,,92272.0,,,,,12.3,12.3,12.3,,,,74.86,106.55,43.69,300.6,1.17,2.09,0.0,,,,,,,,,4205853.0,,,,,3204360.0,2,2015-04-01,2015-Q2,,,,,,,,,,,Требуется ручная проверка,0,
967,"ПАО АКБ ""Балтика""",2015,1250328.0,2355219.0,231596.0,791303.0,784714.0,502945.0,774425.0,5269699.0,539067.0,9724231.0,,16812175.0,10943773.0,8811394.0,613541.0,7994527.0,2057.0,132655.0,1457915.0,1052314.0,0.0,22560678.0,22645558.0,41009275.0,5769009.0,25331.0,165907.0,0.0,0.0,,0.0,0.0,,,,,,,4.0,1145283.0,295926.0,110456.0,27494.0,56408.0,,,,,,,,,,,,,,191238.0,,,,,10.78,10.78,11.06,,,,60.69,76.42,52.02,331.08,4.3,1.96,0.0,,,,,,,,,3974372.0,,,,,3413509.0,3,2015-07-01,2015-Q3,,,,,,,,,,,Требуется ручная проверка,0,
967,"ПАО АКБ ""Балтика""",2015,1250238.0,,0.0,1999097.0,,,,,,,,,,,,,,,2309123.0,1595287.0,0.0,34017896.0,33933585.0,62793272.0,9779903.0,46029.0,9815.0,0.0,0.0,,1250238.0,1250238.0,,,,,,,56.0,1828704.0,438330.0,159663.0,40865.0,96106.0,,,,,,,,,,,,,,55844.0,,,,,11.29,11.29,15.54,,,,24.47,75.18,64.82,249.73,1.15,1.67,0.0,,,,,,,,,1135905.0,,,,,4564778.0,4,2015-10-01,2015-Q4,,,,,,,,,,,Требуется ручная проверка,0,
969,"ОАО БАНК ""ТРОЙКА ДИАЛОГ""",2010,239210.0,448379.0,148500.0,36213.0,1315.0,273518.0,,7027.0,,596141.0,,7027.0,,974886.0,973471.0,1415.0,,26507.0,77295.0,57413.0,0.0,684949.0,689544.0,2679842.0,456417.0,9126.0,104936.0,,,,,,,,,,,,0.0,385.0,76910.0,5871.0,41809.0,4631.0,,,,,,,,,,,,,,114062.0,,,,,,,,,,,,,,,,,,,,,,,,,,,,,,,,1,2010-01-01,2010-Q1,,,,,,,,,,,Требуется ручная проверка,0,
969,"ОАО ""ЕВРАЗИЙСКИЙ БАНК""",2010,239210.0,448379.0,148500.0,36213.0,1492.0,47618.0,,,,357270.0,,,,1404.0,,1404.0,,2077.0,10054.0,151.0,0.0,65023.0,4752.0,92847.0,4950.0,1756.0,52681.0,,,,,,,,,,,,0.0,9.0,10045.0,0.0,0.0,140.0,,,,,,,,,,,,,,54437.0,,,,,,,,,,,,,,,,,,,,,,,,,,,,,,,,2,2010-04-01,2010-Q2,,,,,,,,,,,Требуется ручная проверка,0,
969,"ОАО ""Евразийский банк""",2011,239210.0,550224.0,148500.0,138058.0,3260.0,1542.0,69357.0,4850.0,,994911.0,209356.0,133600.0,128750.0,620199.0,600000.0,20199.0,,4004.0,21741.0,6318.0,0.0,12166.0,1938.0,68983.0,12568.0,1445.0,2244.0,,,,,,,,,,,,0.0,5016.0,16344.0,0.0,6316.0,0.0,,,,,,,,,,,,,,3689.0,,,,,,,,,,64.3,255.57,654.9,2.87,92.65,0.0,0.0,0.0,,,,,,,,,,,,,,,2,2011-04-01,2011-Q2,,,,,,,,,,,Требуется ручная проверка,0,
969,"ОАО ""Евразийский банк""",2011,,,,,,,,,,,,,,,,,,,49598.0,15274.0,0.0,15226.0,3701.0,125639.0,17478.0,2719.0,2979.0,,,,,,,,,,,,0.0,14325.0,34378.0,0.0,15225.0,0.0,,,,,,,,,,,,,,5698.0,,,,,,,,,,49.59,147.32,567.59,6.49,157.65,0.0,0.12,0.0,,,,,,,,,,,,,,,3,2011-07-01,2011-Q3,,,,,,,,,,,Требуется ручная проверка,0,
969,"ОАО ""Евразийский банк""",2011,239210.0,558593.0,148500.0,146427.0,4437.0,22850.0,30000.0,23010.0,,820021.0,209472.0,548110.0,525100.0,751398.0,750000.0,1398.0,,13435.0,83455.0,25451.0,10.0,17625.0,5199.0,193537.0,21956.0,3809.0,1290.0,,,,,,,,,,,,0.0,30318.0,51505.0,135.0,25244.0,0.0,,,,,,,,,,,,,,5099.0,,,,,,,,,,39.47,181.39,379.12,6.33,175.74,6.28,0.1,0.0,,,,,,,,,,,,,,,4,2011-10-01,2011-Q4,,,,,,,,,,,Требуется ручная проверка,0,
969,"ОАО ""Евразийский банк""",2012,,,,,,,,,,,,,,,,,,,123599.0,38835.0,10.0,29929.0,13130.0,331003.0,39634.0,4906.0,10849.0,,,,,,,,,,,,0.0,55829.0,65437.0,804.0,36155.0,0.0,,,,,,,,,,,,,,15755.0,,,,,,,,,,27.41,175.42,196.11,3.82,255.72,6.56,0.08,0.0,,,,,,,,,,,,,,,1,2012-01-01,2012-Q1,,,,,,,,,,,Требуется ручная проверка,0,
969,"ОАО ""Евразийский банк""",2012,239210.0,558593.0,148500.0,146427.0,7183.0,23345.0,0.0,37150.0,1.0,573565.0,169943.0,978453.0,941302.0,753105.0,750000.0,3105.0,,17641.0,44969.0,17920.0,0.0,9569.0,4343.0,133357.0,28297.0,1078.0,10308.0,,,,,,,,,,,,0.0,32009.0,12944.0,2917.0,12845.0,0.0,,,,,,,,,,,,,,11386.0,,,,,,,,,,33.04,158.29,324.62,8.0,209.89,6.13,0.06,0.0,,,,,,,,,,,,,,,2,2012-04-01,2012-Q2,,,,,,,,,,,Требуется ручная проверка,0,
969,"ОАО ""Евразийский банк""",2012,239210.0,558593.0,148500.0,146427.0,56649.0,50745.0,164311.0,27698.0,0.0,484318.0,209530.0,970053.0,942355.0,793334.0,760000.0,33334.0,,14414.0,88386.0,35667.0,0.0,26130.0,19197.0,325143.0,47874.0,2157.0,15340.0,,,,,,,,,,,,0.0,62778.0,24349.0,5905.0,26951.0,0.0,,,,,,,,,,,,,,17497.0,,,,,,,,,,31.4,106.79,144.9,30.85,226.04,5.82,0.04,0.0,,,,,,,,,,,,,,,3,2012-07-01,2012-Q3,,,,,,,,,,,Требуется ручная проверка,0,
969,"ОАО ""Евразийский банк""",2012,239210.0,569210.0,148500.0,157044.0,13941.0,22941.0,276295.0,26974.0,3749.0,425169.0,209588.0,1066191.0,1035468.0,793937.0,760000.0,33937.0,,16794.0,135482.0,54025.0,0.0,43101.0,30870.0,528204.0,65451.0,3247.0,28424.0,,,,,,,,,,,,0.0,99384.0,34302.0,9051.0,41443.0,0.0,,,,,,,,,,,,,,31671.0,,,,,,,,,,27.05,92.38,104.15,9.96,240.51,0.0,0.03,0.0,,,,,,,,,,,,,,,4,2012-10-01,2012-Q4,,0409135,,,,,,,,,Требуется ручная проверка,0,
969,"ОАО ""Евразийский банк""",2013,239210.0,569210.0,148500.0,157044.0,110646.0,130094.0,102485.0,9070.0,1977.0,337569.0,57034.0,1251562.0,1240515.0,1185583.0,1058232.0,127351.0,,20429.0,179210.0,75230.0,0.0,133588.0,85804.0,861737.0,93252.0,4018.0,37252.0,,,,,,,,,,,,32.0,136414.0,40681.0,12361.0,57981.0,0.0,,,,,,,,,,,,,,41270.0,,,,,,,,,,34.76,163.46,147.2,20.35,175.01,0.0,0.01,0.0,,,,,,,,,,,,,,,1,2013-01-01,2013-Q1,,,,,,,,,,,Требуется ручная проверка,0,
969,"ОАО ""Евразийский банк""",2013,239210.0,569210.0,148500.0,157044.0,27230.0,74529.0,602481.0,13267.0,3488.0,284789.0,56573.0,843647.0,826892.0,899964.0,765674.0,134290.0,0.0,30257.0,35285.0,20541.0,0.0,70782.0,56272.0,247847.0,24070.0,651.0,9276.0,,,,,,,,,,,,73.0,28756.0,4295.0,3358.0,14569.0,0.0,,,,,,,,,,,,,,9927.0,,,,,,,,,,38.46,158.79,105.74,14.32,176.26,0.0,0.0,0.0,,,,,,,,,1254266.0,,,,,,2,2013-04-01,2013-Q2,,0409135,,,,,,,,,Требуется ручная проверка,0,
969,"ОАО ""Евразийский банк""",2013,239210.0,569210.0,148500.0,157044.0,33188.0,96227.0,120000.0,3148.0,18802.0,282480.0,,794935.0,772985.0,535630.0,384072.0,151558.0,,19977.0,68392.0,31299.0,0.0,221309.0,199938.0,705148.0,95230.0,1758.0,32551.0,,,,,,,,,,,,182.0,56249.0,8813.0,4537.0,20424.0,0.0,,,,,,,,,,,,,,34309.0,,,,,,,,,,39.01,134.41,164.43,32.75,156.71,0.0,0.09,0.0,,,,,,,,,1085935.0,,,,,,3,2013-07-01,2013-Q3,,0409135,,,,,,,,,Требуется ручная проверка,0,
969,"ОАО ""Евразийский банк""",2013,239210.0,606049.0,148500.0,193883.0,73652.0,65038.0,80000.0,2559.0,9448.0,280771.0,,986149.0,974142.0,637465.0,427567.0,209898.0,,17894.0,101761.0,40263.0,0.0,271479.0,230222.0,1021950.0,120544.0,6865.0,40734.0,,,,,,,,,,,,259.0,84799.0,13555.0,6710.0,23342.0,0.0,,,,,,,,,,,,,,47599.0,,,,,,,,,,35.78,136.64,166.15,32.07,208.14,0.0,0.09,0.0,,,,,,,,,739139.0,,,,,,4,2013-10-01,2013-Q4,,0409135,,,,,,,,,Требуется ручная проверка,0,
969,"ОАО ""Евразийский банк""",2014,239210.0,606049.0,148500.0,193883.0,136666.0,24771.0,0.0,2323.0,10080.0,360641.0,,1196158.0,1182855.0,633884.0,421897.0,211987.0,,80180.0,144615.0,49737.0,0.0,327885.0,276280.0,1362295.0,137154.0,9365.0,55132.0,,,,,,,,,,,,317.0,122729.0,18405.0,10830.0,26193.0,0.0,,,,,,,,,,,,,,64497.0,,,,,,,,,,34.6,351.04,346.83,40.28,199.95,0.0,0.49,0.0,,,,,,,,,491550.0,,,,,,1,2014-01-01,2014-Q1,,,,,,,,,,,Требуется ручная проверка,0,
969,"ОАО ""Евразийский банк""",2014,239210.0,606049.0,148500.0,193883.0,42003.0,36397.0,240000.0,8275.0,16149.0,247174.0,,1113829.0,1088730.0,519886.0,434950.0,84936.0,,54881.0,44485.0,8298.0,0.0,24009.0,30238.0,316879.0,23471.0,586.0,1659.0,0.0,0.0,,0.0,0.0,,,,,,,12.0,40668.0,3805.0,3353.0,3225.0,0.0,,,,,,,,,,,,,,2245.0,,,,,55.54,55.54,58.13,,,,691.32,589.55,26.66,88.83,0.0,0.07,0.0,,,,,,,,,779763.0,,,,,1148895.0,2,2014-04-01,2014-Q2,,,,,,,,,,,Требуется ручная проверка,0,
969,"ОАО ""Евразийский банк""",2014,739210.0,,0.0,242345.0,,,,,,,,,,,,,,,85680.0,13773.0,0.0,46433.0,42918.0,636009.0,55062.0,1819.0,9068.0,0.0,0.0,,0.0,0.0,,,,,,,12.0,79210.0,6454.0,5786.0,6111.0,0.0,,,,,,,,,,,,,,10887.0,,,,,57.51,57.51,57.51,,,,469.68,576.04,37.55,93.2,0.0,0.06,0.0,,,,,,,,,729367.0,,,,,1157091.0,3,2014-07-01,2014-Q3,,,,,,,,,,,Требуется ручная проверка,0,
969,"ОАО ""Евразийский банк""",2014,739210.0,1157251.0,148500.0,242345.0,60279.0,37845.0,160000.0,9287.0,21150.0,176828.0,,1262350.0,1231313.0,470153.0,445585.0,24568.0,,34578.0,136362.0,19114.0,0.0,64690.0,56834.0,1005569.0,76728.0,3397.0,21081.0,0.0,0.0,,0.0,0.0,,,,,,,26.0,127199.0,9133.0,7927.0,9127.0,0.0,,,,,,,,,,,,,,24478.0,,,,,52.76,52.76,53.35,,,,224.91,188.91,34.07,138.79,0.0,0.04,0.0,,,,,,,,,525990.0,,,,,1170246.0,4,2014-10-01,2014-Q4,,,,,,,,,,,Требуется ручная проверка,0,
969,"ОАО ""Евразийский банк""",2015,739210.0,1157251.0,148500.0,242345.0,97339.0,90203.0,160000.0,8905.0,21234.0,179502.0,,1809448.0,1767697.0,1215019.0,1167749.0,47270.0,,9764.0,200192.0,27253.0,0.0,211411.0,209150.0,3304872.0,543299.0,6640.0,54323.0,0.0,0.0,,0.0,0.0,,,,,,,40.0,188336.0,11812.0,9031.0,14869.0,0.0,,,,,,,,,,,,,,60963.0,,,,,43.32,43.32,43.32,,,,322.1,282.7,30.9,179.24,0.0,0.16,0.0,,,,,,,,,633740.0,,,,,1108280.0,1,2015-01-01,2015-Q1,,,,,,,,,,,Требуется ручная проверка,0,
969,"ПАО ""Евразийский банк""",2015,739210.0,1157251.0,148500.0,242345.0,177879.0,65828.0,2256688.0,6621.0,19601.0,171860.0,,1812873.0,1777112.0,1371258.0,1229928.0,141330.0,1.0,19901.0,114835.0,35688.0,0.0,247054.0,148715.0,1946365.0,187345.0,440.0,34863.0,0.0,0.0,,0.0,0.0,,,,,,,0.0,98109.0,3859.0,1048.0,8402.0,22573.0,,,,,,,,,,,,,,35303.0,,,,,37.99,37.99,40.13,,,,187.15,160.21,27.79,186.29,0.0,0.56,0.0,,,,,,,,,1285084.0,,,,,1222503.0,2,2015-04-01,2015-Q2,,,,,,,,,,,Требуется ручная проверка,0,
969,"ПАО ""Евразийский банк""",2015,739210.0,1157251.0,148500.0,242345.0,168160.0,124098.0,145000.0,6727.0,209332.0,175805.0,,2082501.0,1858119.0,1024806.0,700245.0,324561.0,2.0,24389.0,203468.0,54065.0,0.0,434579.0,275742.0,3711017.0,334226.0,7043.0,160457.0,0.0,0.0,,0.0,0.0,,,,,,,14.0,181696.0,6602.0,2107.0,13652.0,24561.0,,,,,,,,,,,,,,153414.0,,,,,31.17,31.17,31.17,,,,104.36,172.83,34.61,225.0,0.0,0.68,0.0,,,,,,,,,975240.0,,,,,1026355.0,3,2015-07-01,2015-Q3,,,,,,,,,,,Требуется ручная проверка,0,
969,"ПАО ""Евразийский банк""",2015,1239210.0,,0.0,286468.0,,,,,,,,,,,,,,,293372.0,75186.0,0.0,623167.0,485562.0,5498920.0,708268.0,892.0,136444.0,0.0,0.0,,0.0,0.0,,,,,,,286.0,271104.0,6602.0,3186.0,18844.0,24561.0,,,,,,,,,,,,,,135552.0,,,,,52.8,52.8,52.8,,,,146.84,270.26,10.29,105.29,0.0,0.61,0.0,,,,,,,,,725291.0,,,,,1550992.0,4,2015-10-01,2015-Q4,,,,,,,,,,,Требуется ручная проверка,0,
969,"ПАО ""Евразийский банк""",2016,1239210.0,1703696.0,148500.0,286468.0,263855.0,156194.0,860000.0,7353.0,280002.0,10523.0,10523.0,1975342.0,1681557.0,1081090.0,265312.0,815778.0,2.0,15560.0,371881.0,100775.0,0.0,808407.0,694376.0,6815338.0,1041630.0,1430.0,129965.0,0.0,0.0,,0.0,0.0,,,,,,,367.0,349338.0,6795.0,4256.0,20621.0,24561.0,,,,,,,,,,,,,,128535.0,,,,,52.2,52.2,52.2,,,,79.31,218.48,10.33,127.35,0.0,0.56,0.0,,,,,,,,,861672.0,,,,,1555109.0,1,2016-01-01,2016-Q1,,,,,,,,,,,Требуется ручная проверка,0,
969,"ПАО ""Евразийский банк""",2016,1239210.0,1703696.0,148500.0,286468.0,229522.0,83359.0,1298545.0,2923.0,512443.0,22112.0,10419.0,1638518.0,1116169.0,1061938.0,17720.0,1044218.0,22.0,25145.0,84080.0,2010.0,0.0,482.0,1.0,1586519.0,32264.0,18.0,1657.0,0.0,0.0,,0.0,0.0,,,,,,,0.0,70378.0,666.0,2010.0,567.0,0.0,,,,,,,,,,,,,,1675.0,,,0.0,0.0,55.48,55.63,55.63,,,,133.59,158.24,12.35,90.66,0.0,0.71,0.0,,,,,,,,,2068727.0,,,,,1519926.0,2,2016-04-01,2016-Q2,,,,,,,,,,,Требуется ручная проверка,0,
969,"ПАО ""Евразийский банк""",2016,1239210.0,,0.0,148336.0,,,,,,,,,,,,,,,150696.0,3290.0,0.0,1472.0,7.0,2447395.0,51015.0,224.0,1714.0,0.0,0.0,,0.0,0.0,,,,,,,4.0,116035.0,2188.0,3290.0,1123.0,0.0,,,,,,,,,,,,,,1938.0,,,0.0,1714.0,58.84,58.84,58.86,,,,114.3,171.0,8.66,68.12,0.0,0.75,0.0,,,,,,,,,1895805.0,,,,,1546722.0,3,2016-07-01,2016-Q3,,,,,,,,,,,Требуется ручная проверка,0,
969,"ПАО ""Евразийский банк""",2016,1239210.0,1565564.0,148500.0,148336.0,181378.0,44816.0,1975013.0,49251.0,486605.0,60861.0,50822.0,1419106.0,883250.0,981109.0,17200.0,963909.0,148.0,18704.0,217040.0,3583.0,0.0,2612.0,17.0,3085104.0,124119.0,6811.0,90930.0,0.0,0.0,,0.0,0.0,,,,,,,5.0,159252.0,3556.0,3583.0,1245.0,0.0,,,,,,,,,,,,,,84119.0,,,0.0,90930.0,55.96,55.96,55.96,,,,184.08,179.74,7.83,74.39,0.0,0.61,0.0,,,,,,,,,1809683.0,,,,,1448998.0,4,2016-10-01,2016-Q4,,,,,,,,,,,Требуется ручная проверка,0,
969,"ПАО ""Евразийский банк""",2017,1239210.0,1565564.0,148500.0,148336.0,232827.0,86418.0,1883768.0,65247.0,366829.0,193799.0,50107.0,1449970.0,1017894.0,1024266.0,17210.0,1007056.0,104.0,22870.0,339235.0,4690.0,0.0,6283.0,40.0,3788541.0,201454.0,514.0,222044.0,0.0,0.0,,0.0,0.0,,,,,,,5.0,247464.0,2079.0,4690.0,1387.0,0.0,,,,,,,,,,,,,,221530.0,,,0.0,222044.0,53.2,53.2,53.2,,,,73.35,179.35,7.79,71.67,0.0,0.38,0.0,,,,,,,,,1318645.0,,,,,1322172.0,1,2017-01-01,2017-Q1,,,,,,,,,,,Требуется ручная проверка,0,
969,"ПАО ""Евразийский банк""",2017,1239210.0,1565564.0,148500.0,148336.0,167066.0,103174.0,2263211.0,48047.0,382078.0,480698.0,51224.0,1330859.0,900734.0,1027771.0,23153.0,1004618.0,162.0,20308.0,81068.0,1583.0,0.0,944.0,2684.0,355788.0,19133.0,90.0,6007.0,0.0,0.0,,0.0,0.0,,,,,,,0.0,39435.0,2206.0,1583.0,210.0,0.0,,,,,,,,,,,,,,5917.0,,,0.0,6007.0,49.604,49.604,49.604,,,,77.475,169.208,7.735,72.562,0.0,0.346,0.0,,,,,,,,,1180607.0,,,,,1313449.0,2,2017-04-01,2017-Q2,,,,,,,,,,,Требуется ручная проверка,0,
969,"ПАО ""Евразийский банк""",2017,1239210.0,1492412.0,148939.0,,113935.0,71409.0,1996443.0,72198.0,408879.0,396445.0,50229.0,1318798.0,835541.0,906222.0,1.0,906221.0,2.0,17997.0,151413.0,2684.0,0.0,4035.0,2677.0,808464.0,34592.0,1488.0,29280.0,0.0,0.0,,0.0,0.0,,,,,,,17.0,74363.0,3296.0,2684.0,300.0,0.0,,,,,,,,,,,,,,27792.0,,,147.0,29427.0,39.868,39.868,39.868,,,,92.565,214.829,10.634,63.617,0.0,0.304,0.0,,,,,,,,,1882434.0,,,,,1289712.0,3,2017-07-01,2017-Q3,,,,,,,,,,,Требуется ручная проверка,0,
969,"ПАО ""Евразийский банк""",2017,1239210.0,1492292.0,148819.0,,296982.0,81470.0,2149652.0,104265.0,430265.0,623504.0,49758.0,1185673.0,640044.0,924131.0,40000.0,884131.0,0.0,19440.0,220352.0,4208.0,0.0,5845.0,3306.0,1331893.0,82815.0,715.0,42457.0,0.0,0.0,,0.0,0.0,,,,,,,129.0,103603.0,3295.0,4208.0,676.0,0.0,,,,,,,,,,,,,,41742.0,,,624.0,42457.0,27.88,27.88,27.88,,,,104.871,180.147,7.849,96.078,0.0,0.286,0.0,,,,,,,,,2406294.0,,,,,1275756.0,4,2017-10-01,2017-Q4,,,,,,,,,,,Требуется ручная проверка,0,
969,"ПАО ""Евразийский банк""",2018,1239210.0,1491973.0,148500.0,,147407.0,104858.0,1652599.0,202204.0,455322.0,82815.0,50822.0,1373299.0,714268.0,731096.0,21750.0,709346.0,11.0,24683.0,278530.0,5540.0,0.0,10305.0,3306.0,1761648.0,132818.0,7312.0,66817.0,0.0,0.0,,0.0,0.0,,,,,,,458.0,129791.0,3295.0,5540.0,875.0,0.0,,,,,,,,,,,,,,59505.0,,,624.0,66817.0,29.578,29.578,29.578,,,,34.091,204.31,10.966,83.435,0.0,0.258,0.0,,,,,,,,,320922.0,,,,,1250984.0,1,2018-01-01,2018-Q1,,,,,,,,,,,Требуется ручная проверка,0,
969,"ПАО ""Евразийский банк""",2018,1239210.0,1491973.0,148500.0,,97059.0,53908.0,1677572.0,149674.0,449951.0,0.0,,1223922.0,620873.0,733705.0,15031.0,718674.0,0.0,16853.0,50865.0,899.0,0.0,1598.0,1.0,311112.0,42829.0,393.0,18202.0,0.0,0.0,,171795.0,171795.0,,,,,,,84.0,24530.0,5022.0,899.0,113.0,0.0,,,,,,,,,,,,,,17809.0,,,0.0,18202.0,47.033,47.033,53.599,31.37,,,270.615,310.57,13.037,39.436,0.0,0.0,0.0,,,,,,,,,1867757.0,,,,,1402235.0,2,2018-04-01,2018-Q2,,,,,,,,,,,Требуется ручная проверка,0,
969,"ПАО ""Евразийский банк""",2018,1239210.0,1560221.0,148500.0,,115371.0,55034.0,776940.0,158313.0,303319.0,0.0,,1189514.0,721196.0,910295.0,21000.0,889295.0,2.0,14458.0,157976.0,2289.0,0.0,3229.0,12.0,895969.0,135482.0,1092.0,351.0,0.0,0.0,,188270.0,188270.0,,,,,,,84.0,105757.0,6036.0,2289.0,204.0,0.0,,,,,,,,,,,,,,1443.0,,,0.0,351.0,44.049,44.049,50.691,30.36,,,130.451,358.915,10.627,51.049,0.0,0.0,0.0,,,,,,,,,746298.0,,,,,1436919.0,3,2018-07-01,2018-Q3,,,,,,,,,,,Требуется ручная проверка,0,
969,"ПАО ""Евразийский банк""",2018,1239210.0,1560221.0,148500.0,,90973.0,44864.0,623456.0,185245.0,288893.0,0.0,,1348634.0,855730.0,947650.0,22682.0,924968.0,0.0,14621.0,227834.0,4691.0,0.0,7296.0,12.0,1275470.0,169720.0,1242.0,31672.0,0.0,0.0,,196772.0,196772.0,,,,,,,100.0,143350.0,7932.0,4691.0,320.0,0.0,,,,,,,,,,,,,,32914.0,,,0.0,31672.0,35.915,35.915,42.467,25.999,,,75.321,287.666,9.384,62.289,0.0,0.0,0.0,,,,,,,,,595345.0,,,,,1476340.0,4,2018-10-01,2018-Q4,,,,,,,,,,,Требуется ручная проверка,0,
969,"ПАО ""Евразийский банк""",2019,1239210.0,1560221.0,148500.0,,105406.0,75455.0,707712.0,99523.0,315485.0,99941.0,,1264309.0,808290.0,1016560.0,97991.0,918569.0,0.0,17220.0,293041.0,7716.0,0.0,10065.0,12.0,1631452.0,192848.0,1627.0,24282.0,0.0,0.0,,208412.0,208412.0,,,,,,,111.0,175446.0,8608.0,7716.0,681.0,0.0,,,,,,,,,,,,,,22655.0,,,0.0,24282.0,27.118,27.118,31.738,20.545,,,48.585,264.311,8.11,60.984,,0.61,0.0,,,,,,,,,400135.0,,,,,1431823.0,1,2019-01-01,2019-Q1,,,,,,,,,,,Требуется ручная проверка,0,
969,"ПАО ""Евразийский банк""",2019,1239210.0,1986890.0,148500.0,299329.0,93794.0,72841.0,534410.0,16822.0,922109.0,0.0,,1531446.0,576453.0,888709.0,,888709.0,0.0,17673.0,61127.0,1365.0,0.0,885.0,210.0,315618.0,48128.0,3.0,92957.0,0.0,0.0,,194204.0,194204.0,,,,,,,15.0,27896.0,999.0,1365.0,10.0,0.0,,,,,,,,,,,,,,92954.0,,,0.0,92957.0,26.196,26.196,31.306,19.597,,,119.112,365.582,2.222,38.13,,0.0,0.0,,,,,,,,,704070.0,,,,,1189703.0,2,2019-04-01,2019-Q2,,,,,,,,,,,Требуется ручная проверка,0,
969,"ПАО ""Евразийский банк""",2019,1239210.0,2116265.0,148500.0,299329.0,62999.0,91517.0,590333.0,4199.0,1074101.0,,,1496215.0,411763.0,703148.0,,703148.0,253.0,12621.0,106422.0,1572.0,0.0,1704.0,1.0,702563.0,151004.0,153.0,149772.0,0.0,0.0,,378454.0,378454.0,,,,,,,39.0,43169.0,1013.0,1572.0,10.0,0.0,,,,,,,,,,,,,,149619.0,,,0.0,149772.0,18.738,18.738,26.596,15.564,,,118.354,382.084,1.726,52.477,,0.0,0.0,,,,,,,,,642374.0,,,,,1280982.0,3,2019-07-01,2019-Q3,,,,,,,,,,,Требуется ручная проверка,0,
969,"ПАО ""Евразийский банк""",2019,1239210.0,1631100.0,148500.0,42614.0,72310.0,48711.0,199058.0,,1084239.0,,,1395815.0,305131.0,557856.0,,557856.0,253.0,10358.0,141624.0,1572.0,0.0,2562.0,1.0,1154516.0,233428.0,155.0,159432.0,0.0,0.0,,386494.0,386494.0,,,,,,,58.0,56805.0,1015.0,1572.0,10.0,0.0,,,,,,,,,,,,,,159277.0,,,0.0,159432.0,19.191,19.191,27.626,15.603,,,230.429,528.097,0.0,42.235,,0.0,0.0,,,,,,,,,867020.0,,,,,1265862.0,4,2019-10-01,2019-Q4,,,,,,,,,,,Требуется ручная проверка,0,
969,"ПАО ""Евразийский банк""",2020,1239210.0,1631100.0,148500.0,42614.0,75479.0,29964.0,529352.0,,1098796.0,0.0,,1298609.0,193384.0,526544.0,,526544.0,0.0,9212.0,175182.0,1572.0,0.0,3017.0,1.0,1535007.0,341488.0,155.0,362568.0,0.0,0.0,,637629.0,637629.0,,,,,,,61.0,68005.0,1161.0,1572.0,10.0,0.0,,,,,,,,,,,,,,362413.0,,,0.0,362568.0,20.58,20.58,36.033,15.522,,,127.243,1215.826,0.0,11.048,,0.0,0.0,,,,,,,,,190183.0,,,,,1486840.0,1,2020-01-01,2020-Q1,,,,,,,,,,,Требуется ручная проверка,0,
969,"ПАО ""Евразийский банк""",2020,1239210.0,1631100.0,148500.0,42614.0,89474.0,25412.0,967918.0,,886221.0,4890.0,,976954.0,88415.0,676096.0,,676096.0,0.0,6112.0,30456.0,46410.0,0.0,154.0,337.0,742765.0,137538.0,8.0,15446.0,0.0,0.0,,800645.0,800645.0,,,,,,,40.0,5562.0,322.0,46410.0,11237.0,0.0,,,,,,,,,,,,,,15454.0,,,0.0,15446.0,36.501,36.501,71.754,20.977,,,289.811,748.895,1.684,21.282,,,0.0,,,,,,,,,759616.0,,,,,1662204.0,2,2020-04-01,2020-Q2,,,,,,,,,,,Требуется ручная проверка,0,
969,"ПАО ""Евразийский банк""",2020,1239210.0,1631100.0,148500.0,42614.0,100770.0,33703.0,1188520.0,,898881.0,0.0,,1009229.0,110348.0,602388.0,,602388.0,0.0,7782.0,58101.0,46410.0,0.0,181.0,771.0,1354748.0,225453.0,55.0,49507.0,0.0,0.0,,710005.0,710005.0,,,,,,,40.0,12289.0,1488.0,46410.0,21741.0,0.0,,,,,,,,,,,,,,49452.0,,,0.0,49507.0,38.403,38.403,71.589,21.52,,,230.842,427.026,2.014,14.556,,,0.0,,,,,,,,,1166342.0,,,,,1531621.0,3,2020-07-01,2020-Q3,,,,,,,,,,,Требуется ручная проверка,0,
969,"АО ""Евразийский банк""",2020,1239210.0,1994665.0,148500.0,42614.0,76817.0,29396.0,887337.0,,905135.0,55520.0,,983623.0,78488.0,407843.0,,407843.0,737.0,8642.0,78023.0,46410.0,0.0,594.0,1201.0,1943662.0,321313.0,342.0,103996.0,0.0,0.0,,796845.0,796845.0,,,,,,,40.0,17513.0,820.0,46410.0,28709.0,0.0,,,,,,,,,,,,,,103654.0,,,0.0,103996.0,35.014,35.014,71.537,19.81,,,249.059,472.606,2.327,21.171,,,0.0,,,,,,,,,1231489.0,,,,,1560782.0,4,2020-10-01,2020-Q4,,,,,,,,,,,Требуется ручная проверка,0,
969,"АО ""Евразийский банк""",2021,1239210.0,1994665.0,148500.0,42614.0,79275.0,45432.0,238874.0,,909006.0,54672.0,,961433.0,52427.0,384609.0,,384609.0,0.0,8441.0,95157.0,52048.0,0.0,673.0,1515.0,3476281.0,1450881.0,705.0,72035.0,0.0,0.0,,727676.0,727676.0,,,,,,,39.0,21266.0,1615.0,52048.0,34367.0,0.0,,,,,,,,,,,,,,71330.0,,,0.0,72035.0,31.563,31.563,60.177,26.252,,,458.289,404.493,2.239,14.376,,,0.0,,,,,,,,,953759.0,,,,,1530328.0,1,2021-01-01,2021-Q1,,,,,,,,,,,Требуется ручная проверка,0,
969,"АО ""Евразийский банк""",2021,1239210.0,1994665.0,148500.0,42614.0,38082.0,31885.0,1050121.0,,10758.0,55291.0,,25856.0,15098.0,138207.0,,138207.0,0.0,5202.0,13189.0,13845.0,0.0,0.0,0.0,355676.0,42715.0,322.0,48128.0,0.0,0.0,,734313.0,734313.0,,,,,,,362.0,12073.0,754.0,10459.0,3061.0,0.0,,,,,,,,,,,,,,47806.0,,,0.0,48128.0,42.651,42.651,83.737,38.516,,,3251.136,2473.118,2.365,10.785,,,0.0,,,,,,,,,814572.0,,,,,1496578.0,2,2021-04-01,2021-Q2,,,,,,,,,,,Требуется ручная проверка,0,
970,"ООО КБ ""НЕРЕХТАКОМБАНК""",2007,,21671.0,28.0,,8050.0,4801.0,,109588.0,88.0,,,161324.0,51648.0,91882.0,19714.0,72168.0,,2265.0,28975.0,3760.0,0.0,1.0,3570.0,44363.0,0.0,,14404.0,,,,,,,,,,,,,,,,,,,,,,,,,,,,,,,,,,,,,,,,,,,,,,,,,,,,,,,,,,,,,,,1,2007-01-01,2007-Q1,,,,,,,,,,,Требуется ручная проверка,0,
970,"ООО КБ ""НЕРЕХТАКОМБАНК""",2007,0.0,22710.0,28.0,,7361.0,3166.0,,124206.0,1849.0,,,192803.0,66748.0,101774.0,19717.0,82057.0,,2417.0,9487.0,1149.0,0.0,1.0,883.0,13099.0,0.0,,1615.0,,,,,,,,,,,,,,,,,,,,,,,,,,,,,,,,,,,,,,,,,,,,,,,,,,,,,,,,,,,,,,,2,2007-04-01,2007-Q2,,,,,,,,,,,Требуется ручная проверка,0,
970,"ООО КБ ""НЕРЕХТАКОМБАНК""",2007,10000.0,43490.0,28.0,,7906.0,2014.0,,148801.0,1228.0,,,229879.0,79850.0,139962.0,46767.0,93195.0,,2786.0,19947.0,2321.0,0.0,1.0,2180.0,27844.0,0.0,,3133.0,,,,,,,,,,,,,,,,,,,,,,,,,,,,,,,,,,,,,,,,,,,,,,,,,,,,,,,,,,,,,,,3,2007-07-01,2007-Q3,,,,,,,,,,,Требуется ручная проверка,0,
970,"ООО КБ ""НЕРЕХТАКОМБАНК""",2007,29009.0,43404.0,28.0,,7465.0,2415.0,,169936.0,2002.0,,,266565.0,94627.0,153259.0,53331.0,99928.0,,3714.0,32046.0,4093.0,0.0,1.0,3962.0,41618.0,10.0,,5391.0,,,,,,,,,,,,,,,,,,,,,,,,,,,,,,,,,,,,,,,,,,,,,,,,,,,,,,,,,,,,,,,4,2007-10-01,2007-Q4,,,,,,,,,,,Требуется ручная проверка,0,
970,"ООО КБ ""НЕРЕХТАКОМБАНК""",2008,29009.0,43450.0,28.0,,10114.0,4114.0,,208924.0,2717.0,,,330424.0,118783.0,142327.0,45680.0,94647.0,,2739.0,49476.0,6868.0,0.0,1.0,5791.0,63340.0,13.0,,12651.0,,,,,,,,,,,,,,,,,,,,,,,,,,,,,,,,,,,,,,,,,,,,,,,,,,,,,,,,,,,,,,,1,2008-01-01,2008-Q1,,,,,,,,,,,Требуется ручная проверка,0,
970,"ООО КБ ""НЕРЕХТАКОМБАНК""",2008,29009.0,44819.0,28.0,1309.0,11706.0,2373.0,,273928.0,8633.0,,,422664.0,140103.0,192546.0,76660.0,115886.0,,5791.0,19728.0,10732.0,,1506.0,,26622.0,8824.0,,3635.0,,,,,,,,,,,,40.0,19688.0,,1930.0,2593.0,2785.0,,,,,,,,,,,,,,,,,,,,,,,,,,,,,,,,,,,,,,,,,,,,,,2,2008-04-01,2008-Q2,,,,,,,,,,,Требуется ручная проверка,0,
970,"ООО КБ ""НЕРЕХТАКОМБАНК""",2008,29009.0,54563.0,28.0,647.0,7908.0,10293.0,,258951.0,12127.0,,,430105.0,159027.0,207266.0,88815.0,118451.0,,5309.0,39884.0,21950.0,,2848.0,,55106.0,19067.0,,7179.0,,,,,,,,,,,,81.0,39803.0,,5242.0,5248.0,4528.0,,,,,,,,,,,,,,,,,,,,,,,,,,,,,,,,,,,,,,,,,,,,,,3,2008-07-01,2008-Q3,,,,,,,,,,,Требуется ручная проверка,0,
970,"ООО КБ ""НЕРЕХТАКОМБАНК""",2008,29009.0,54676.0,28.0,279.0,10064.0,3295.0,,265505.0,10086.0,,,454576.0,178985.0,226918.0,91208.0,135710.0,,5502.0,61110.0,33972.0,,4336.0,,86441.0,29767.0,,9755.0,,,,,,,,,,,,139.0,60971.0,,9334.0,8430.0,5326.0,,,,,,,,,,,,,,,,,,,,,,,,,,,,,,,,,,,,,,,,,,,,,,4,2008-10-01,2008-Q4,,,,,,,,,,,Требуется ручная проверка,0,
970,"ООО КБ ""НЕРЕХТАКОМБАНК""",2009,29009.0,54713.0,28.0,240.0,9497.0,12854.0,,259293.0,7109.0,,,420477.0,154075.0,165719.0,46440.0,119279.0,,341.0,81068.0,44462.0,,5389.0,,111313.0,34565.0,,11111.0,,,,,,,,,,,,141.0,80927.0,,13568.0,10500.0,5919.0,,,,,,,,,,,,,,,,,,,,,,,,,,,,,,,,,,,,,,,,,,,,,,1,2009-01-01,2009-Q1,,,,,,,,,,,Требуется ручная проверка,0,
970,"ООО КБ ""КОНФИДЭНС БАНК""",2009,29009.0,54091.0,28.0,1.0,14765.0,5813.0,,223838.0,9049.0,,,346312.0,113425.0,181154.0,79220.0,101934.0,1.0,333.0,14938.0,9673.0,,1373.0,47.0,19843.0,2695.0,802.0,1719.0,,,,,,,,,,,,3.0,14935.0,,2205.0,3975.0,309.0,,,,,,,,,,,,,,2521.0,,,,,,,,,,,,,,,,,,,,,,,,,,,,,,,,2,2009-04-01,2009-Q2,,,,,,,,,,,Требуется ручная проверка,0,
970,"ООО КБ ""КОНФИДЭНС БАНК""",2009,29009.0,60497.0,28.0,1.0,14743.0,25295.0,,204272.0,10569.0,,,330977.0,116136.0,160537.0,43420.0,117117.0,1.0,313.0,28787.0,17459.0,,3607.0,225.0,43366.0,9812.0,1292.0,2162.0,,,,,,,,,,,,10.0,28777.0,,4056.0,5732.0,505.0,,,,,,,,,,,,,,3454.0,,,,,,,,,,,,,,,,,,,,,,,,,,,,,,,,3,2009-07-01,2009-Q3,,,,,,,,,,,Требуется ручная проверка,0,
970,"ООО КБ ""КОНФИДЭНС БАНК""",2009,29009.0,60497.0,28.0,,8978.0,79359.0,789.0,191470.0,24539.0,,,337880.0,121871.0,179657.0,35730.0,143927.0,1.0,1525.0,43003.0,26215.0,,5827.0,253.0,79513.0,27251.0,1815.0,990.0,,,,,,,,,,,,20.0,42983.0,,4090.0,8046.0,1200.0,,,,,,,,,,,,,,2805.0,,,,,,,,,,,,,,,,,,,,,,,,,,,,,,,,4,2009-10-01,2009-Q4,,,,,,,,,,,Требуется ручная проверка,0,
970,"ООО КБ ""КОНФИДЭНС БАНК""",2010,29009.0,60497.0,28.0,,17341.0,14215.0,745.0,164855.0,31633.0,,,378575.0,181251.0,235973.0,36270.0,169703.0,11.0,2225.0,63484.0,36143.0,0.0,7668.0,16238.0,145874.0,66959.0,2151.0,3673.0,,,,,,,,,,,,31.0,63345.0,108.0,4091.0,9929.0,1731.0,,,,,,,,,,,,,,5824.0,,,,,,,,,,,,,,,,,,,,,,,,,,,,,,,,1,2010-01-01,2010-Q1,,,,,,,,,,,Требуется ручная проверка,0,
970,"ООО КБ ""КОНФИДЭНС БАНК""",2010,29009.0,73050.0,12581.0,,15069.0,24276.0,751.0,159379.0,42441.0,,,393728.0,191118.0,261153.0,29837.0,201316.0,9.0,2571.0,16211.0,7875.0,0.0,2357.0,6.0,25926.0,6865.0,453.0,248.0,,,,,,,,,,,,5.0,15967.0,221.0,0.0,1830.0,59.0,,,,,,,,,,,,,,701.0,,,,,,,,,,,,,,,,,,,,,,,,,,,,,,,,2,2010-04-01,2010-Q2,,,,,,,,,,,Требуется ручная проверка,0,
970,"ООО КБ ""Конфидэнс Банк""",2011,,,,,,,,,,,,,,,,,,,84648.0,46720.0,,6963.0,2381.0,249937.0,143888.0,2172.0,2818.0,,,,,,,,,,,,28.0,84159.0,442.0,,4257.0,3461.0,,,,,,,,,,,,,,4990.0,,,,,,,,,,,,,,,,,,,,,,,,,,,,,,,,1,2011-01-01,2011-Q1,,,,,,,,,,,Требуется ручная проверка,0,
970,"ООО КБ ""Конфидэнс Банк""",2011,29009.0,77125.0,12581.0,,37903.0,66754.0,3286.0,231563.0,29649.0,4959.0,,700059.0,438298.0,524889.0,5660.0,489229.0,3835.0,11560.0,24732.0,14963.0,,1454.0,1.0,89983.0,59591.0,,3426.0,,,,,,,,,,,,7.0,24723.0,,,169.0,781.0,,,,,,,,,,,,,,3426.0,,,,,,,,,,15.6,70.68,80.14,73.68,326.31,33.9,2.86,,,,,,,,,,,,,,,,2,2011-04-01,2011-Q2,,,,,,,,,,,Требуется ручная проверка,0,
970,"ООО КБ ""Конфидэнс Банк""",2011,,,,,,,,,,,,,,,,,,,60731.0,31264.0,,3539.0,370.0,190234.0,107820.0,2836.0,8455.0,,,,,,,,,,,,21.0,60706.0,,,314.0,99.0,,,,,,,,,,,,,,11291.0,,,,,,,,,,17.16,62.25,63.4,83.2,339.57,23.11,1.08,,,,,,,,,,,,,,,,3,2011-07-01,2011-Q3,,,,,,,,,,,Требуется ручная проверка,0,
970,"ООО КБ ""Конфидэнс Банк""",2011,100000.0,124146.0,12581.0,,33681.0,7506.0,150.0,257127.0,21318.0,,,1102820.0,823962.0,854104.0,2160.0,821944.0,3835.0,25280.0,97456.0,52220.0,,5610.0,406.0,294661.0,173355.0,2248.0,36142.0,,,,,,,,,,,,37.0,97413.0,,,376.0,99.0,,,,,,,,,,,,,,38390.0,,,,,,,,,,17.61,88.37,115.36,82.25,302.46,7.54,1.01,,,,,,,,,,,,,,,,4,2011-10-01,2011-Q4,,,,,,,,,,,Требуется ручная проверка,0,
970,"ООО КБ ""Конфидэнс Банк""",2012,,,,,,,,,,,,,,,,,,,140230.0,75721.0,,7761.0,417.0,398157.0,244663.0,448.0,51113.0,,,,,,,,,,,,38.0,140184.0,,,556.0,99.0,,,,,,,,,,,,,,51561.0,,,,,,,,,,16.48,111.04,104.64,101.64,319.01,3.38,1.07,,,,,,,,,,,,,,,,1,2012-01-01,2012-Q1,,,,,,,,,,,Требуется ручная проверка,0,
970,"ООО КБ ""Конфидэнс Банк""",2012,100000.0,124146.0,12581.0,,43668.0,74230.0,150.0,338993.0,22250.0,,,1504673.0,1143093.0,1239097.0,80362.0,1128735.0,3835.0,36783.0,48676.0,28232.0,0.0,1708.0,1.0,115528.0,46012.0,0.0,2726.0,,,,,,,,,,,,0.0,48674.0,0.0,0.0,292.0,0.0,,,,,,,,,,,,,,2726.0,,,,,,,,,,15.2,149.11,101.95,102.26,341.83,3.32,1.0,,,,,,,,,,,,,,,,2,2012-04-01,2012-Q2,,,,,,,,,,,Требуется ручная проверка,0,
970,"ООО КБ ""Конфидэнс Банк""",2012,100000.0,171496.0,12581.0,47350.0,48581.0,50611.0,150.0,310239.0,23326.0,,,1571842.0,1237975.0,1263191.0,81160.0,1152031.0,3835.0,38840.0,100757.0,57402.0,,3697.0,30.0,212711.0,88799.0,0.0,5541.0,,,,,,,,,,,,0.0,100753.0,0.0,0.0,629.0,0.0,,,,,,,,,,,,,,5541.0,,,,,,,,,,15.16,170.03,113.55,80.65,358.62,3.21,0.97,,,,,,,,,,,,,,,,3,2012-07-01,2012-Q3,,,,,,,,,,,Требуется ручная проверка,0,
970,"ООО КБ ""Конфидэнс Банк""",2012,100000.0,171496.0,12581.0,47350.0,51515.0,164617.0,150.0,296986.0,25809.0,,,1602045.0,1278991.0,1358665.0,84373.0,1244292.0,3835.0,44325.0,155626.0,90960.0,,5682.0,38.0,355523.0,153153.0,,8500.0,,,,,,,,,,,,,155543.0,77.0,,974.0,,,,,,,,,,,,,,,8500.0,,,,,,,,,,13.54,172.1,157.39,107.02,341.71,9.07,1.04,,,,,,,,,,,,,,,,4,2012-10-01,2012-Q4,,0409135,,,,,,,,,Требуется ручная проверка,0,
970,"ООО КБ ""Конфидэнс Банк""",2013,100000.0,171496.0,12581.0,47350.0,53506.0,103314.0,150.0,338535.0,24639.0,,,1796124.0,1432816.0,1465869.0,82680.0,1353189.0,3835.0,43840.0,217298.0,126658.0,,7681.0,43.0,521396.0,266615.0,,122373.0,,,,,,,,,,,,,215632.0,1658.0,,1298.0,877.0,,,,,,,,,,,,,,122373.0,,,,,,,,,,17.57,178.73,88.57,98.4,219.91,6.25,0.68,,,,,,,,,,,,,,,,1,2013-01-01,2013-Q1,,,,,,,,,,,Требуется ручная проверка,0,
970,"ООО КБ ""Конфидэнс Банк""",2013,100000.0,171496.0,12581.0,47350.0,58432.0,181644.0,46274.0,338179.0,35090.0,82821.0,,1880477.0,1507141.0,1671032.0,98337.0,1542695.0,3835.0,51171.0,67092.0,40830.0,,1736.0,7.0,133737.0,66755.0,,4021.0,,,,,,,,,,,,,62310.0,1229.0,,373.0,1745.0,,,,,,,,,,,,,,4021.0,,,,,,,,,,15.55,203.06,304.07,114.23,220.34,6.01,0.57,,,,,,,,,,221917.0,,,,,,2,2013-04-01,2013-Q2,,0409135,,,,,,,,,Требуется ручная проверка,0,
970,"ООО КБ ""Конфидэнс Банк""",2013,100000.0,293869.0,12581.0,169723.0,65937.0,124189.0,20888.0,368397.0,41240.0,494472.0,,1954557.0,1544876.0,1956523.0,132706.0,1753986.0,3835.0,57741.0,142122.0,87780.0,,3828.0,116.0,316637.0,168269.0,,5079.0,,,,,,,,,,,,,128250.0,9902.0,,1075.0,1745.0,,,,,,,,,,,,,,5079.0,,,,,,,,,,12.31,133.27,82.14,102.25,339.53,5.93,0.63,,,,,,,,,,192677.0,,,,,,3,2013-07-01,2013-Q3,,0409135,,,,,,,,,Требуется ручная проверка,0,
970,"ООО КБ ""Конфидэнс Банк""",2013,100000.0,293869.0,12581.0,169723.0,190183.0,105559.0,981.0,400698.0,49041.0,444000.0,,2224314.0,1774536.0,2240725.0,117888.0,2074275.0,3835.0,67117.0,229981.0,142499.0,,6167.0,149.0,500197.0,256215.0,847.0,36430.0,,,,,,,,,,,,,202366.0,23447.0,,1783.0,1745.0,,,,,,,,,,,,,,37277.0,,,,,,,,,,10.36,204.88,303.11,99.79,475.22,5.33,0.79,,,,,,,,,,335853.0,,,,,,4,2013-10-01,2013-Q4,,0409135,,,,,,,,,Требуется ручная проверка,0,
970,"ООО КБ ""Конфидэнс Банк""",2014,100000.0,293869.0,12581.0,169723.0,76740.0,77711.0,830.0,453368.0,44757.0,1207578.0,,2582706.0,2084556.0,3120319.0,140328.0,2259091.0,3835.0,93982.0,341522.0,213532.0,,9428.0,326.0,756482.0,395819.0,376.0,178527.0,,,,,,,,,,,,3.0,290236.0,46903.0,,2488.0,1745.0,,,,,,,,,,,,,,178903.0,,,,,,,,,,13.13,128.08,109.61,109.87,420.61,1.14,0.54,,,,,,,,,,292240.0,,,,,,1,2014-01-01,2014-Q1,,,,,,,,,,,Требуется ручная проверка,0,
970,"ООО КБ ""Конфидэнс Банк""",2014,100000.0,293869.0,12581.0,169723.0,104602.0,116499.0,901.0,478577.0,42587.0,1141404.0,,2924165.0,2403001.0,3307656.0,111164.0,2445478.0,3835.0,109371.0,113430.0,74869.0,,3546.0,630.0,250878.0,91213.0,70.0,27881.0,,,,104000.0,104000.0,,,,,,,10.0,88995.0,24226.0,,635.0,,,,,,,,,,,,,,,27811.0,,,,,11.15,11.15,14.14,,,,172.36,228.34,91.89,381.86,0.83,0.44,,,,,,,,,,377719.0,,,,,545265.0,2,2014-04-01,2014-Q2,,,,,,,,,,,Требуется ручная проверка,0,
970,"ООО КБ ""Конфидэнс Банк""",2014,100000.0,,,347127.0,,,,,,,,,,,,,,,226011.0,150858.0,681.0,7235.0,730.0,532641.0,225428.0,7606.0,26430.0,,,,104000.0,104000.0,,,,,,,21.0,175751.0,50040.0,,1225.0,,,,,,,,,,,,,,,34036.0,,,,,9.94,9.94,12.61,,,,170.96,190.3,89.54,414.19,0.79,0.46,,,,,,,,,,320605.0,,,,,544346.0,3,2014-07-01,2014-Q3,,,,,,,,,,,Требуется ручная проверка,0,
970,"ООО КБ ""Конфидэнс Банк""",2014,125000.0,473785.0,15093.0,333692.0,188278.0,93864.0,923.0,436490.0,78017.0,1923697.0,,2803036.0,2288529.0,2832831.0,106426.0,2622405.0,3835.0,45965.0,356540.0,238578.0,681.0,11497.0,1020.0,806250.0,374804.0,6319.0,500.0,,,,104000.0,104000.0,,,,,,,28.0,264204.0,92109.0,,2228.0,,,,,,,,,,,,,,,5819.0,,,,,8.64,8.64,10.96,,,,107.28,206.4,98.76,504.24,0.74,1.0,,,,,,,,,,331019.0,,,,,545267.0,4,2014-10-01,2014-Q4,,,,,,,,,,,Требуется ручная проверка,0,
970,"ООО КБ ""Конфидэнс Банк""",2015,125000.0,475005.0,16313.0,322127.0,108347.0,104136.0,106233.0,467236.0,100019.0,1916310.0,,2813135.0,2245880.0,2776835.0,124121.0,2548714.0,3835.0,46982.0,490045.0,329520.0,681.0,21586.0,4315.0,1277523.0,499177.0,1863.0,42241.0,,,,104000.0,104000.0,,,,,,,38.0,354429.0,135379.0,,2958.0,,,,,,,,,,,,,,,40378.0,,,,,8.96,8.96,11.52,,,,53.39,100.43,117.32,521.49,0.72,2.44,,,,,,,,,,419611.0,,,,,519426.0,1,2015-01-01,2015-Q1,,,,,,,,,,,Требуется ручная проверка,0,
970,"ООО КБ ""Конфидэнс Банк""",2015,100000.0,484469.0,25777.0,347127.0,222296.0,94122.0,47627.0,466285.0,67062.0,1668052.0,,2845247.0,2311900.0,2626629.0,6990.0,2515639.0,3835.0,43990.0,141700.0,139906.0,,15433.0,7495.0,479902.0,196982.0,5435.0,410.0,,,,102500.0,102500.0,,,,,,,21.0,104101.0,37578.0,,129.0,,,,,,,,,,,,,,,5845.0,,,,,9.65,9.65,12.21,,,,35.72,88.59,85.87,513.73,0.64,2.2,,,,,,,,,,310663.0,,,,,543108.0,2,2015-04-01,2015-Q2,,,,,,,,,,,Требуется ручная проверка,0,
970,"ООО КБ ""Конфидэнс Банк""",2015,100000.0,458975.0,26761.0,332214.0,266255.0,53569.0,40302.0,501470.0,75015.0,1612748.0,,2980351.0,2403866.0,2755226.0,43976.0,2607250.0,3835.0,44720.0,288286.0,265742.0,80.0,25428.0,9790.0,834611.0,289374.0,779.0,1637.0,,,,104000.0,104000.0,,,,,,,29.0,215814.0,72443.0,,733.0,,,,,,,,,,,,,,,2416.0,,,,,9.18,9.18,11.7,,,,34.09,59.41,85.0,531.34,0.33,2.26,,,,,,,,,,300846.0,,,,,534950.0,3,2015-07-01,2015-Q3,,,,,,,,,,,Требуется ручная проверка,0,
970,"ООО КБ ""Конфидэнс Банк""",2015,100000.0,,,332214.0,,,,,,,,,,,,,,,441895.0,383684.0,3110.0,35101.0,11105.0,1185120.0,402196.0,62.0,8751.0,,,,104000.0,104000.0,,,,,,,48.0,332916.0,108931.0,,3160.0,,,,,,,,,,,,,,,8689.0,,,,,8.85,8.85,11.38,,,,30.0,81.37,111.76,530.84,0.29,2.39,,,,,,,,,,287306.0,,,,,520427.0,4,2015-10-01,2015-Q4,,,,,,,,,,,Требуется ручная проверка,0,
970,"ООО КБ ""Конфидэнс Банк""",2016,100000.0,484721.0,52507.0,332214.0,186431.0,60057.0,31624.0,764335.0,79008.0,1317445.0,,3490568.0,2647225.0,2874632.0,23692.0,2746940.0,3894.0,50168.0,603548.0,501425.0,4998.0,46616.0,11990.0,1622267.0,575311.0,3808.0,463.0,,,,104000.0,104000.0,,,,,,,78.0,461108.0,142020.0,1.0,3778.0,,,,,,,,,,,,,,,4271.0,,,,,8.79,8.79,11.22,,,,39.7,67.64,106.45,519.81,0.15,2.21,,,,,,,,,,416931.0,,,,,533336.0,1,2016-01-01,2016-Q1,,,,,,,,,,,Требуется ручная проверка,0,
970,"ООО КБ ""Конфидэнс Банк""",2016,100000.0,491078.0,58864.0,332214.0,339335.0,74016.0,7509.0,860418.0,88868.0,1232743.0,,3580328.0,2631042.0,3301203.0,13789.0,3183414.0,3903.0,55413.0,158144.0,1302.0,0.0,0.0,675.0,207435.0,29245.0,414.0,674.0,,,,104000.0,104000.0,,,,,,,33.0,127671.0,343.0,1302.0,377.0,0.0,,,,,,,,,,,,,,1088.0,,,34226.0,3038.0,8.13,8.13,10.41,,,,26.84,70.31,92.85,490.66,0.11,2.7,,,,,,,,,,278402.0,,,,,528778.0,2,2016-04-01,2016-Q2,,,,,,,,,,,Требуется ручная проверка,0,
970,"ООО КБ ""Конфидэнс Банк""",2016,100000.0,,,328870.0,,,,,,,,,,,,,,,322264.0,2489.0,0.0,0.0,1920.0,416819.0,82702.0,2467.0,0.0,,,,104000.0,104000.0,,,,,,,52.0,261699.0,650.0,2489.0,671.0,0.0,,,,,,,,,,,,,,3342.0,,,57652.0,8374.0,7.38,7.38,9.51,,,,25.95,65.13,85.58,583.83,0.08,2.67,0.0,,,,,,,,,308716.0,,,,,516246.0,3,2016-07-01,2016-Q3,,,,,,,,,,,Требуется ручная проверка,0,
970,"ООО КБ ""Конфидэнс Банк""",2016,100000.0,473837.0,44967.0,328870.0,204312.0,91933.0,6491.0,1645166.0,137359.0,823994.0,,5010284.0,3227759.0,4249687.0,82866.0,3989321.0,3894.0,69477.0,519685.0,3544.0,0.0,0.0,7095.0,588919.0,127542.0,4461.0,25757.0,,,,104000.0,104000.0,,,,,,,117.0,438583.0,953.0,3544.0,764.0,0.0,,,,,,,,,,,,,,30218.0,,,88701.0,34923.0,7.27,7.27,9.6,,,,44.02,83.44,80.45,560.59,0.0,2.39,0.0,,,,,,,,,406116.0,,,,,561728.0,4,2016-10-01,2016-Q4,,,,,,,,,,,Требуется ручная проверка,0,
970,"ООО КБ ""Конфидэнс Банк""",2017,100000.0,508932.0,80062.0,328870.0,153274.0,119056.0,6494.0,1821338.0,228292.0,652714.0,,5408503.0,3358873.0,4689740.0,135074.0,4350666.0,3893.0,86985.0,739805.0,4453.0,0.0,0.0,9831.0,787046.0,172429.0,12901.0,26593.0,,,,204000.0,204000.0,,,,,,,156.0,646334.0,1246.0,4453.0,1798.0,0.0,,,,,,,,,,,,,,13692.0,,,99881.0,37005.0,7.52,7.52,11.14,,,,77.43,74.17,68.84,470.21,0.0,1.99,0.0,,,,,,,,,806857.0,,,,,656703.0,1,2017-01-01,2017-Q1,,,,,,,,,,,Требуется ручная проверка,0,
970,"ООО КБ ""Конфидэнс Банк""",2017,100000.0,583863.0,154993.0,328870.0,201477.0,280672.0,5794.0,1735837.0,122754.0,548139.0,,5682603.0,3824012.0,4798695.0,64184.0,4530511.0,3935.0,96150.0,197077.0,227.0,0.0,0.0,1021.0,195917.0,43723.0,5196.0,17810.0,,,,204000.0,204000.0,,,,,,,32.0,187013.0,272.0,227.0,461.0,0.0,,,,,,,,,,,,,,12614.0,,,37098.0,8578.0,7.953,7.953,11.65,,,,65.534,97.807,69.418,441.948,0.0,1.81,0.0,,,,,,,,,697383.0,,,,,671986.0,2,2017-04-01,2017-Q2,,,,,,,,,,,Требуется ручная проверка,0,
970,"ООО КБ ""Конфидэнс Банк""",2017,100000.0,545809.0,137634.0,308175.0,128943.0,203375.0,5652.0,1662259.0,160688.0,542034.0,,5515173.0,3692226.0,4825762.0,60908.0,4560854.0,3974.0,96592.0,396564.0,227.0,0.0,0.0,1078.0,415984.0,90647.0,1329.0,18132.0,,,,204000.0,204000.0,,,,,,,47.0,368532.0,541.0,227.0,749.0,0.0,,,,,,,,,,,,,,19461.0,,,45549.0,14325.0,8.257,8.257,12.054,,,,35.057,107.303,69.189,447.548,0.0,1.719,0.0,,,,,,,,,350666.0,,,,,676919.0,3,2017-07-01,2017-Q3,,,,,,,,,,,Требуется ручная проверка,0,
970,"ООО КБ ""Конфидэнс Банк""",2017,100000.0,536392.0,128217.0,308175.0,154369.0,210472.0,5873.0,1652794.0,185467.0,525828.0,,5511872.0,3673611.0,4894844.0,75350.0,4615494.0,3966.0,96643.0,594593.0,227.0,0.0,0.0,949.0,586746.0,126626.0,3108.0,78315.0,,,,204000.0,204000.0,,,,,,,68.0,542197.0,817.0,227.0,1251.0,0.0,,,,,,,,,,,,,,81423.0,,,69226.0,60771.0,7.431,7.431,11.268,,,,35.939,106.444,63.788,474.434,0.0,1.543,0.0,,,,,,,,,366577.0,,,,,626609.0,4,2017-10-01,2017-Q4,,,,,,,,,,,Требуется ручная проверка,0,
970,"ООО КБ ""Конфидэнс Банк""",2018,100000.0,574691.0,166516.0,308175.0,170884.0,158025.0,5833.0,1534041.0,209445.0,403819.0,,5543812.0,3800326.0,4810846.0,57246.0,4549600.0,4110.0,95905.0,776075.0,227.0,0.0,0.0,5232.0,785144.0,188116.0,1813.0,33472.0,,,,204000.0,204000.0,,,,,,,88.0,705008.0,1088.0,227.0,1446.0,0.0,,,,,,,,,,,,,,35285.0,,,82311.0,57072.0,7.619,7.619,11.896,,,,44.821,124.882,76.923,454.596,0.0,1.727,0.0,,,,,,,,,436319.0,,,,,593420.0,1,2018-01-01,2018-Q1,,,,,,,,,,,Требуется ручная проверка,0,
970,"ООО КБ ""Конфидэнс Банк""",2018,100000.0,615706.0,207531.0,308175.0,198899.0,942097.0,16702.0,1480202.0,266041.0,242871.0,,5160433.0,3414190.0,4452276.0,203.0,4248073.0,4087.0,92907.0,151271.0,94877.0,0.0,0.0,0.0,154180.0,25274.0,24000.0,73359.0,,,,204000.0,204000.0,,,,,,,12.0,138323.0,265.0,0.0,38.0,0.0,,,,,,,,,,,,,,73359.0,,,4369.0,81529.0,8.73,8.73,13.533,8.117,,,147.096,142.887,95.552,379.588,0.0,0.463,0.0,,,,,,,,,1153731.0,,,,,600684.0,2,2018-04-01,2018-Q2,,,,,,,,,,,Требуется ручная проверка,0,
99,"ОАО ""ЭТАЛОНБАНК""",2007,301331.0,726344.0,19250.0,,77115.0,67615.0,485401.0,590145.0,18001.0,270878.0,120111.0,3685339.0,3077071.0,2005511.0,415525.0,1589985.0,4.0,87382.0,150821.0,6163.0,0.0,31362.0,12522.0,305607.0,294.0,0.0,13715.0,,,,,,,,,,,,,,,,,,,,,,,,,,,,,,,,,,,,,,,,,,,,,,,,,,,,,,,,,,,,,,,2,2007-04-01,2007-Q2,,,,,,,,,,,Требуется ручная проверка,0,
99,"ОАО ""ЭТАЛОНБАНК""",2007,368331.0,809175.0,19250.0,,80865.0,259732.0,548819.0,735467.0,49439.0,1216553.0,,4012755.0,3227441.0,2607647.0,726079.0,1881567.0,4.0,90412.0,451951.0,53249.0,0.0,121479.0,41800.0,1021038.0,4338.0,0.0,38453.0,,,,,,,,,,,,,,,,,,,,,,,,,,,,,,,,,,,,,,,,,,,,,,,,,,,,,,,,,,,,,,,3,2007-07-01,2007-Q3,,,,,,,,,,,Требуется ручная проверка,0,
99,"ОАО ""ЭТАЛОНБАНК""",2007,492894.0,1090633.0,85197.0,,218903.0,133702.0,218279.0,1120800.0,101620.0,2036277.0,168067.0,5187410.0,3964259.0,3144981.0,1105516.0,2039463.0,7.0,146734.0,659034.0,71955.0,0.0,240715.0,62056.0,1678180.0,25160.0,0.0,77148.0,,,,,,,,,,,,,,,,,,,,,,,,,,,,,,,,,,,,,,,,,,,,,,,,,,,,,,,,,,,,,,,4,2007-10-01,2007-Q4,,,,,,,,,,,Требуется ручная проверка,0,
99,"ОАО ""ЭТАЛОНБАНК""",2008,729921.0,1629727.0,281979.0,,198924.0,371617.0,235219.0,1153218.0,303779.0,2548865.0,0.0,4291781.0,2829401.0,3179885.0,926618.0,2253265.0,12.0,121390.0,921897.0,93226.0,0.0,713173.0,80890.0,2750839.0,34512.0,0.0,224148.0,,,,,,,,,,,,,,,,,,,,,,,,,,,,,,,,,,,,,,,,,,,,,,,,,,,,,,,,,,,,,,,1,2008-01-01,2008-Q1,,,,,,,,,,,Требуется ручная проверка,0,
99,"ОАО ""ЭТАЛОНБАНК""",2008,729921.0,1629726.0,281979.0,534306.0,188408.0,151873.0,293218.0,1259440.0,281720.0,3931208.0,213637.0,4389980.0,2825465.0,3715859.0,1245768.0,2470089.0,3.0,151209.0,254353.0,122538.0,0.0,103321.0,23098.0,1177610.0,124206.0,0.0,12647.0,,,,,,,,,,,,2210.0,176275.0,71715.0,21746.0,26263.0,7364.0,,,,,,,,,,,,,,,,,,,,,,,,,,,,,,,,,,,,,,,,,,,,,,2,2008-04-01,2008-Q2,,,,,,,,,,,Требуется ручная проверка,0,
99,"ОАО ""ЭТАЛОНБАНК""",2008,729921.0,1884354.0,464759.0,601996.0,175661.0,106234.0,280979.0,821249.0,266601.0,4421079.0,0.0,4578273.0,3490314.0,3707851.0,922352.0,2762010.0,3.0,138482.0,578194.0,264052.0,13.0,194575.0,40412.0,2033180.0,440341.0,0.0,58933.0,,,,,,,,,,,,3580.0,412894.0,154867.0,46295.0,46744.0,15946.0,,,,,,,,,,,,,,,,,,,,,,,,,,,,,,,,,,,,,,,,,,,,,,3,2008-07-01,2008-Q3,,,,,,,,,,,Требуется ручная проверка,0,
99,"ОАО ""ЭТАЛОНБАНК""",2008,729921.0,1882803.0,463208.0,601996.0,160559.0,77031.0,1384036.0,847622.0,300720.0,4410828.0,0.0,4623688.0,3474973.0,4421592.0,996483.0,3425107.0,3.0,158381.0,937327.0,446512.0,13.0,384944.0,127310.0,3267361.0,653737.0,0.0,72872.0,,,,,,,,,,,,4808.0,687125.0,234678.0,78110.0,69627.0,23338.0,,,,,,,,,,,,,,,,,,,,,,,,,,,,,,,,,,,,,,,,,,,,,,4,2008-10-01,2008-Q4,,,,,,,,,,,Требуется ручная проверка,0,
99,"ОАО ""ЭТАЛОНБАНК""",2009,729921.0,1927103.0,507520.0,601996.0,185122.0,290000.0,420015.0,868513.0,329995.0,5151387.0,1.0,4635251.0,3436239.0,4264690.0,1217866.0,3046822.0,3.0,10930.0,1291859.0,645289.0,13.0,578402.0,210164.0,4419763.0,833968.0,0.0,109616.0,,,,,,,,,,,,6221.0,923282.0,346382.0,106825.0,97260.0,29557.0,,,,,,,,,,,,,,,,,,,,,,,,,,,,,,,,,,,,,,,,,,,,,,1,2009-01-01,2009-Q1,,,,,,,,,,,Требуется ручная проверка,0,
990,"ООО КБ ""ДРУЖБА""",2007,16023.0,43149.0,18.0,,4734.0,14667.0,34000.0,52191.0,530.0,4745.0,4733.0,141679.0,88958.0,84767.0,42000.0,42767.0,,3036.0,7133.0,0.0,0.0,403.0,1372.0,6544.0,6.0,0.0,3427.0,,,,,,,,,,,,,,,,,,,,,,,,,,,,,,,,,,,,,,,,,,,,,,,,,,,,,,,,,,,,,,,2,2007-04-01,2007-Q2,,,,,,,,,,,Требуется ручная проверка,0,
990,"ООО КБ ""ДРУЖБА""",2007,20809.0,52288.0,18.0,,2454.0,8053.0,23000.0,61421.0,510.0,4030.0,4030.0,146762.0,84831.0,74769.0,16000.0,58769.0,,1837.0,14385.0,6.0,0.0,510.0,1693.0,12973.0,6.0,0.0,7312.0,,,,,,,,,,,,,,,,,,,,,,,,,,,,,,,,,,,,,,,,,,,,,,,,,,,,,,,,,,,,,,,3,2007-07-01,2007-Q3,,,,,,,,,,,Требуется ручная проверка,0,
990,"ООО КБ ""ДРУЖБА""",2007,20809.0,52112.0,18.0,,1436.0,45653.0,26000.0,66226.0,456.0,4109.0,4109.0,162568.0,95886.0,107859.0,48000.0,59859.0,,3561.0,22803.0,6.0,0.0,594.0,2576.0,20262.0,6.0,0.0,17722.0,,,,,,,,,,,,,,,,,,,,,,,,,,,,,,,,,,,,,,,,,,,,,,,,,,,,,,,,,,,,,,,4,2007-10-01,2007-Q4,,,,,,,,,,,Требуется ручная проверка,0,
990,"ООО КБ ""ДРУЖБА""",2008,20809.0,51990.0,18.0,,4371.0,51299.0,34000.0,80055.0,,4190.0,4190.0,203896.0,123841.0,133788.0,57165.0,76623.0,,3000.0,33069.0,6.0,0.0,725.0,3812.0,35513.0,6.0,0.0,31775.0,,,,,,,,,,,,,,,,,,,,,,,,,,,,,,,,,,,,,,,,,,,,,,,,,,,,,,,,,,,,,,,1,2008-01-01,2008-Q1,,,,,,,,,,,Требуется ручная проверка,0,
990,"ООО КБ ""ДРУЖБА""",2008,20809.0,51860.0,16.0,2784.0,1068.0,42061.0,20000.0,94000.0,,5119.0,,218092.0,124092.0,121564.0,60165.0,61399.0,,3650.0,10809.0,2788.0,0.0,11858.0,18.0,10538.0,413.0,0.0,13133.0,,,,,,,,,,,,0.0,10739.0,55.0,3.0,1357.0,0.0,,,,,,,,,,,,,,,,,,,,,,,,,,,,,,,,,,,,,,,,,,,,,,2,2008-04-01,2008-Q2,,,,,,,,,,,Требуется ручная проверка,0,
990,"ООО КБ ""ДРУЖБА""",2008,20809.0,73445.0,16.0,8512.0,6169.0,13789.0,0.0,89215.0,,4998.0,,217163.0,127948.0,110490.0,23000.0,87490.0,,3766.0,21820.0,5632.0,0.0,22626.0,23.0,23177.0,1013.0,0.0,23390.0,,,,,,,,,,,,0.0,21707.0,98.0,6.0,2202.0,0.0,,,,,,,,,,,,,,,,,,,,,,,,,,,,,,,,,,,,,,,,,,,,,,3,2008-07-01,2008-Q3,,,,,,,,,,,Требуется ручная проверка,0,
990,"ООО КБ ""ДРУЖБА""",2008,20809.0,73062.0,16.0,8129.0,4023.0,19427.0,18000.0,108332.0,0.0,11063.0,,249759.0,141427.0,158092.0,75000.0,83092.0,,5003.0,34772.0,9728.0,0.0,33499.0,32.0,42551.0,1788.0,0.0,28627.0,,,,,,,,,,,,0.0,34615.0,142.0,10.0,4199.0,0.0,,,,,,,,,,,,,,,,,,,,,,,,,,,,,,,,,,,,,,,,,,,,,,4,2008-10-01,2008-Q4,,,,,,,,,,,Требуется ручная проверка,0,
990,"ООО КБ ""ДРУЖБА""",2009,20809.0,72713.0,14.0,7782.0,1350.0,30298.0,7000.0,114367.0,0.0,14228.0,,271083.0,156716.0,153605.0,84140.0,69465.0,,320.0,48672.0,13674.0,0.0,43812.0,37.0,61235.0,2852.0,0.0,35515.0,,,,,,,,,,,,0.0,48469.0,188.0,10.0,6430.0,0.0,,,,,,,,,,,,,,,,,,,,,,,,,,,,,,,,,,,,,,,,,,,,,,1,2009-01-01,2009-Q1,,,,,,,,,,,Требуется ручная проверка,0,
990,"ООО КБ ""ДРУЖБА""",2009,20809.0,72539.0,14.0,7608.0,2030.0,31097.0,,115479.0,445.0,14961.0,,246396.0,130472.0,139613.0,74140.0,65473.0,,326.0,12798.0,4106.0,2.0,6142.0,12.0,14848.0,674.0,1379.0,5267.0,,,,,,,,,,,,0.0,12719.0,44.0,0.0,2174.0,0.0,,,,,,,,,,,,,,6646.0,,,,,,,,,,,,,,,,,,,,,,,,,,,,,,,,2,2009-04-01,2009-Q2,,,,,,,,,,,Требуется ручная проверка,0,
990,"ООО КБ ""ДРУЖБА""",2009,20809.0,91772.0,14.0,10172.0,964.0,42000.0,20000.0,121247.0,0.0,13202.0,,253262.0,132015.0,174954.0,97378.0,77576.0,,278.0,26773.0,9023.0,2.0,13780.0,13.0,31114.0,1649.0,2914.0,12074.0,,,,,,,,,,,,0.0,26649.0,89.0,0.0,4800.0,0.0,,,,,,,,,,,,,,14988.0,,,,,,,,,,,,,,,,,,,,,,,,,,,,,,,,3,2009-07-01,2009-Q3,,,,,,,,,,,Требуется ручная проверка,0,
990,"ООО КБ ""ДРУЖБА""",2009,20809.0,91772.0,14.0,10172.0,3346.0,32949.0,35000.0,145170.0,0.0,13260.0,,311629.0,166459.0,234152.0,143983.0,90169.0,,1363.0,44381.0,16119.0,44.0,20985.0,29.0,49918.0,3399.0,4987.0,21117.0,,,,,,,,,,,,0.0,44211.0,135.0,0.0,9373.0,0.0,,,,,,,,,,,,,,26104.0,,,,,,,,,,,,,,,,,,,,,,,,,,,,,,,,4,2009-10-01,2009-Q4,,,,,,,,,,,Требуется ручная проверка,0,
990,"ООО КБ ""ДРУЖБА""",2010,27809.0,98772.0,14.0,10172.0,3603.0,23880.0,,137932.0,243.0,12332.0,,330470.0,192295.0,252531.0,174839.0,77692.0,,2394.0,64809.0,23749.0,81.0,29887.0,80.0,75067.0,7298.0,7349.0,30261.0,,,,,,,,,,,,516.0,64077.0,181.0,0.0,14454.0,0.0,,,,,,,,,,,,,,37610.0,,,,,,,,,,,,,,,,,,,,,,,,,,,,,,,,1,2010-01-01,2010-Q1,,,,,,,,,,,Требуется ручная проверка,0,
990,"ООО КБ ""ДРУЖБА""",2010,27809.0,98772.0,13.0,10173.0,953.0,9057.0,50.0,140365.0,1163.0,11870.0,,339898.0,198370.0,190108.0,106003.0,84105.0,,2191.0,19049.0,6106.0,0.0,6153.0,4.0,22294.0,592.0,1179.0,4145.0,,,,,,,,,,,,306.0,18693.0,45.0,0.0,3620.0,0.0,,,,,,,,,,,,,,5324.0,,,,,,,,,,,,,,,,,,,,,,,,,,,,,,,,2,2010-04-01,2010-Q2,,,,,,,,,,,Требуется ручная проверка,0,
990,"ООО КБ ""Дружба""",2011,,,,,,,,,,,,,,,,,,,68521.0,19372.0,71.0,23181.0,30.0,90353.0,7800.0,4187.0,11426.0,,,,,,,,,,,,634.0,67698.0,182.0,65.0,9004.0,0.0,,,,,,,,,,,,,,15613.0,,,,,,,,,,,,,,,,,,,,,,,,,,,,,,,,1,2011-01-01,2011-Q1,,,,,,,,,,,Требуется ручная проверка,0,
990,"ООО КБ ""Дружба""",2011,35909.0,134089.0,12.0,17735.0,4125.0,19520.0,50.0,108615.0,32813.0,7539.0,,329091.0,187663.0,111374.0,14428.0,96946.0,,1341.0,13442.0,2574.0,0.0,5736.0,1.0,24534.0,8705.0,1490.0,3790.0,,,,,,,,,,,,344.0,13056.0,42.0,,322.0,,,,,,,,,,,,,,,5280.0,,,,,,,,,,45.99,95.23,104.69,84.06,93.83,0.0,1.36,0.0,,,,,,,,,,,,,,,2,2011-04-01,2011-Q2,,,,,,,,,,,Требуется ручная проверка,0,
990,"ООО КБ ""Дружба""",2011,,,,,,,,,,,,,,,,,,,29034.0,4979.0,0.0,13890.0,9.0,46000.0,10841.0,3227.0,7941.0,,,,,,,,,,,,614.0,28334.0,85.0,,508.0,,,,,,,,,,,,,,,11168.0,,,,,,,,,,47.7,71.74,94.4,73.32,89.28,0.0,1.04,0.0,,,,,,,,,,,,,,,3,2011-07-01,2011-Q3,,,,,,,,,,,Требуется ручная проверка,0,
990,"ООО КБ ""Дружба""",2011,72805.0,169668.0,15858.0,,820.0,34429.0,50.0,115619.0,34413.0,8065.0,,349710.0,199678.0,114588.0,10000.0,104588.0,,2053.0,43410.0,7391.0,70.0,24140.0,25.0,70503.0,13416.0,4480.0,10815.0,,,,,,,,,,,,1020.0,42260.0,129.0,,728.0,,,,,,,,,,,,,,,15295.0,,,,,,,,,,52.46,173.01,129.59,64.25,70.88,0.0,0.36,0.0,,,,,,,,,,,,,,,4,2011-10-01,2011-Q4,,,,,,,,,,,Требуется ручная проверка,0,
990,"ООО КБ ""Дружба""",2012,,,,,,,,,,,,,,,,,,,57779.0,9820.0,71.0,46266.0,40.0,96154.0,19548.0,8984.0,27896.0,,,,,,,,,,,,1969.0,55637.0,172.0,,1032.0,,,,,,,,,,,,,,,36880.0,,,,,,,,,,57.5,165.71,231.86,73.2,64.21,0.0,0.52,0.0,,,,,,,,,,,,,,,1,2012-01-01,2012-Q1,,,,,,,,,,,Требуется ручная проверка,0,
990,"ООО КБ ""Дружба""",2012,72805.0,169668.0,15856.0,2.0,2803.0,45140.0,,123353.0,38700.0,7597.0,,380179.0,218126.0,110775.0,10000.0,100775.0,,2479.0,14208.0,2267.0,,14815.0,21.0,22012.0,3047.0,3020.0,10446.0,,,,,,,,,,,,844.0,13321.0,43.0,,198.0,,,,,,,,,,,,,,,13466.0,,,,,,,,,,60.94,173.58,172.62,54.9,50.58,0.0,0.38,0.0,,,,,,,,,,,,,,,2,2012-04-01,2012-Q2,,,,,,,,,,,Требуется ручная проверка,0,
990,"ООО КБ ""Дружба""",2012,72805.0,191499.0,15856.0,20438.0,468.0,33492.0,,129939.0,39546.0,8104.0,,408648.0,239163.0,109239.0,5000.0,104239.0,,2825.0,28465.0,4475.0,,29704.0,54.0,44113.0,6545.0,6293.0,20794.0,,,,,,,,,,,,1456.0,26923.0,86.0,,335.0,,,,,,,,,,,,,,,27087.0,,,,,,,,,,52.38,128.06,128.77,61.37,64.95,0.0,0.61,0.0,,,,,,,,,,,,,,,3,2012-07-01,2012-Q3,,,,,,,,,,,Требуется ручная проверка,0,
990,"ООО КБ ""Дружба""",2012,72805.0,191499.0,15856.0,20438.0,6633.0,33470.0,,120151.0,47568.0,7950.0,,439224.0,271505.0,249933.0,140200.0,109733.0,,2300.0,44224.0,7185.0,119.0,38553.0,59.0,66829.0,11841.0,8693.0,28358.0,,,,,,,,,,,,2483.0,41612.0,129.0,,881.0,,,,,,,,,,,,,,,37051.0,,,,,,,,,,47.26,310.68,300.91,63.7,92.36,0.0,0.31,0.0,,,,,,,,,,,,,,,4,2012-10-01,2012-Q4,,0409135,,,,,,,,,Требуется ручная проверка,0,
990,"ООО КБ ""Дружба""",2013,72805.0,191499.0,15856.0,20438.0,1521.0,29274.0,,95647.0,57068.0,8059.0,,425209.0,272494.0,119813.0,14025.0,105788.0,,3701.0,60542.0,9877.0,146.0,46400.0,62.0,84929.0,18989.0,11841.0,41843.0,,,,,,,,,,,,3623.0,56748.0,171.0,,1364.0,,,,,,,,,,,,,,,53684.0,,,,,,,,,,54.54,68.1,195.41,54.99,63.81,0.0,1.02,0.0,,,,,,,,,,,,,,,1,2013-01-01,2013-Q1,,,,,,,,,,,Требуется ручная проверка,0,
990,"ООО КБ ""Дружба""",2013,72805.0,191499.0,15853.0,20441.0,4054.0,32120.0,,90466.0,52009.0,7627.0,,419527.0,277052.0,113155.0,5000.0,108155.0,,2301.0,14185.0,2333.0,0.0,4139.0,2.0,17775.0,2397.0,1110.0,2994.0,,,,,,,,,,,,882.0,13266.0,37.0,0.0,99.0,0.0,,,,,,,,,,,,,,4104.0,,,,,,,,,,42.94,122.56,129.59,91.72,82.37,0.0,0.93,0.0,,,,,,,,,105354.0,,,,,,2,2013-04-01,2013-Q2,,0409135,,,,,,,,,Требуется ручная проверка,0,
990,"ООО КБ ""Дружба""",2013,72805.0,225357.0,15853.0,52207.0,3553.0,36181.0,,100474.0,50968.0,7795.0,,447291.0,295849.0,184465.0,74000.0,110465.0,,3386.0,30962.0,5209.0,0.0,7446.0,7.0,34563.0,4228.0,2743.0,8159.0,,,,,,,,,,,,2277.0,28610.0,75.0,0.0,756.0,0.0,,,,,,,,,,,,,,10902.0,,,,,,,,,,34.75,136.72,105.88,95.15,84.11,0.0,0.82,0.0,,,,,,,,,201447.0,,,,,,3,2013-07-01,2013-Q3,,0409135,,,,,,,,,Требуется ручная проверка,0,
990,"ООО КБ ""Дружба""",2013,72805.0,225357.0,15853.0,52207.0,3168.0,35190.0,,107399.0,54726.0,7686.0,,433963.0,271838.0,226450.0,109000.0,117450.0,,3776.0,48380.0,8446.0,78.0,11492.0,8.0,50440.0,6094.0,4812.0,15773.0,,,,,,,,,,,,4044.0,44224.0,112.0,0.0,1607.0,0.0,,,,,,,,,,,,,,20585.0,,,,,,,,,,36.62,271.3,151.75,93.07,80.12,0.0,0.61,0.0,,,,,,,,,204479.0,,,,,,4,2013-10-01,2013-Q4,,0409135,,,,,,,,,Требуется ручная проверка,0,
990,"ООО КБ ""Дружба""",2014,72805.0,225357.0,15853.0,52207.0,4850.0,25357.0,30.0,110020.0,44540.0,7532.0,,410262.0,255702.0,122090.0,5000.0,117090.0,,3930.0,71070.0,11362.0,111.0,15894.0,16.0,79168.0,30112.0,10734.0,38179.0,,,,,,,,,,,,5382.0,65538.0,150.0,,2135.0,,,,,,,,,,,,,,,48913.0,,,,,,,,,,45.24,145.5,138.11,67.02,76.17,0.0,0.69,0.0,,,,,,,,,77171.0,,,,,,1,2014-01-01,2014-Q1,,,,,,,,,,,Требуется ручная проверка,0,
990,"ООО КБ ""Дружба""",2014,72805.0,225356.0,15852.0,52207.0,3268.0,35153.0,30.0,109312.0,41959.0,7585.0,,449245.0,297974.0,127858.0,5000.0,122858.0,93.0,1791.0,16112.0,2654.0,,1905.0,15.0,17235.0,4225.0,1640.0,5091.0,0.0,0.0,,0.0,0.0,,,,,,,548.0,15527.0,37.0,,99.0,,,,,,,,,,,,,,,6731.0,,,,,37.93,37.93,38.64,,,,94.91,99.74,71.67,93.61,0.0,0.47,0.0,,,,,,,,,89531.0,,,,,268324.0,2,2014-04-01,2014-Q2,,,,,,,,,,,Требуется ручная проверка,0,
990,"ООО КБ ""Дружба""",2014,80735.0,,0.0,85739.0,,,,,,,,,,,,,,,34232.0,5266.0,0.0,4143.0,22.0,34896.0,8057.0,2717.0,11826.0,0.0,0.0,,0.0,0.0,,,,,,,1459.0,32698.0,75.0,0.0,198.0,0.0,,,,,,,,,,,,,,14543.0,,,,,40.32,40.32,41.96,,,,109.56,123.13,57.09,83.65,0.0,0.47,0.0,,,,,,,,,103389.0,,,,,301223.0,3,2014-07-01,2014-Q3,,,,,,,,,,,Требуется ручная проверка,0,
990,"ООО КБ ""Дружба""",2014,80735.0,290016.0,37149.0,85739.0,2286.0,30272.0,36.0,100294.0,31554.0,7592.0,,450300.0,318452.0,275428.0,162000.0,113428.0,,2017.0,54492.0,8290.0,90.0,6092.0,26.0,51809.0,11405.0,4914.0,20767.0,0.0,0.0,,0.0,0.0,,,,,,,3642.0,50738.0,112.0,0.0,833.0,0.0,,,,,,,,,,,,,,25681.0,,,,,32.16,32.16,34.45,,,,306.92,322.31,56.24,81.23,0.0,0.42,0.0,,,,,,,,,280952.0,,,,,310656.0,4,2014-10-01,2014-Q4,,,,,,,,,,,Требуется ручная проверка,0,
990,"ООО КБ ""Дружба""",2015,80735.0,290016.0,37149.0,85739.0,3905.0,16063.0,,98036.0,26762.0,7403.0,,445584.0,320786.0,99549.0,,99549.0,,3774.0,74516.0,10892.0,90.0,8291.0,46.0,72459.0,16380.0,7367.0,27813.0,0.0,0.0,,0.0,0.0,,,,,,,5894.0,68472.0,150.0,0.0,1243.0,0.0,,,,,,,,,,,,,,35180.0,,,,,44.5,44.5,48.73,,,,98.36,96.28,57.22,78.08,0.0,0.1,0.0,,,,,,,,,50787.0,,,,,317554.0,1,2015-01-01,2015-Q1,,,,,,,,,,,Требуется ручная проверка,0,
990,"ООО КБ ""Дружба""",2015,80735.0,290016.0,37149.0,85739.0,3995.0,22726.0,,101180.0,26354.0,8153.0,,404550.0,277016.0,92891.0,,92891.0,,1440.0,16418.0,2039.0,35.0,1347.0,0.0,20795.0,4617.0,768.0,2140.0,0.0,0.0,,0.0,0.0,,,,,,,1415.0,14969.0,34.0,0.0,2024.0,0.0,,,,,,,,,,,,,,2908.0,,,,,44.76,44.76,45.04,,,,81.27,91.11,57.9,64.23,0.0,0.23,0.0,,,,,,,,,70872.0,,,,,319666.0,2,2015-04-01,2015-Q2,,,,,,,,,,,Требуется ручная проверка,0,
990,"ООО КБ ""Дружба""",2015,80735.0,312297.0,37148.0,106680.0,2546.0,31120.0,,95985.0,25374.0,7818.0,,406266.0,284907.0,91146.0,,91146.0,,1563.0,33391.0,4267.0,35.0,2868.0,0.0,42554.0,12749.0,1314.0,7109.0,0.0,0.0,,0.0,0.0,,,,,,,2237.0,31085.0,69.0,208.0,4025.0,0.0,,,,,,,,,,,,,,8423.0,,,,,40.04,40.04,40.94,,,,60.66,77.51,52.59,88.59,0.0,0.09,0.0,,,,,,,,,54659.0,,,,,319327.0,3,2015-07-01,2015-Q3,,,,,,,,,,,Требуется ручная проверка,0,
990,"ООО КБ ""Дружба""",2015,80735.0,,0.0,106680.0,,,,,,,,,,,,,,,52022.0,6818.0,141.0,4519.0,6.0,64555.0,16197.0,1628.0,8989.0,0.0,0.0,,0.0,0.0,,,,,,,4077.0,47841.0,104.0,516.0,562.0,0.0,,,,,,,,,,,,,,10617.0,,,,,45.63,45.63,46.93,,,,127.99,128.9,42.03,45.32,0.0,0.08,0.0,,,,,,,,,116800.0,,,,,321243.0,4,2015-10-01,2015-Q4,,,,,,,,,,,Требуется ручная проверка,0,
990,"ООО КБ ""Дружба""",2016,80735.0,312297.0,37148.0,106680.0,2563.0,18069.0,,76550.0,27013.0,7745.0,,324288.0,220725.0,78058.0,,78058.0,,1152.0,68502.0,8601.0,141.0,6790.0,6.0,93922.0,26544.0,2955.0,9285.0,0.0,0.0,,0.0,0.0,,,,,,,6758.0,61604.0,140.0,516.0,562.0,0.0,,,,,,,,,,,,,,12240.0,,,,,48.13,48.13,49.56,,,,56.26,194.95,38.97,44.72,0.0,0.07,0.0,,,,,,,,,27969.0,,,,,321597.0,1,2016-01-01,2016-Q1,,,,,,,,,,,Требуется ручная проверка,0,
990,"ООО КБ ""Дружба""",2016,80735.0,312297.0,37148.0,106680.0,3445.0,18938.0,,74944.0,26422.0,7777.0,,373654.0,272288.0,80169.0,,80169.0,,849.0,14095.0,36.0,0.0,237.0,38.0,17767.0,526.0,1412.0,1243.0,0.0,0.0,,0.0,0.0,,,,,,,1911.0,12149.0,35.0,36.0,1804.0,0.0,,,,,,,,,,,,,,169.0,,,0.0,,44.5,44.5,45.78,,,,89.9,142.08,36.3,70.65,0.0,0.28,0.0,,,,,,,,,72526.0,,,,,319966.0,2,2016-04-01,2016-Q2,,,,,,,,,,,Требуется ручная проверка,0,
990,"ООО КБ ""Дружба""",2016,80735.0,,0.0,113364.0,,,,,,,,,,,,,,,31714.0,81.0,0.0,535.0,86.0,31626.0,3013.0,2007.0,1919.0,0.0,0.0,,0.0,0.0,,,,,,,2845.0,28799.0,70.0,81.0,3658.0,0.0,,,,,,,,,,,,,,3926.0,,,0.0,,43.73,43.73,43.99,,,,83.29,104.12,26.01,78.37,0.0,0.11,0.0,,,,,,,,,117431.0,,,,,320900.0,3,2016-07-01,2016-Q3,,,,,,,,,,,Требуется ручная проверка,0,
990,"ООО КБ ""Дружба""",2016,80735.0,318981.0,37148.0,113364.0,1458.0,15574.0,,60497.0,35137.0,7968.0,,370784.0,275150.0,79299.0,1100.0,78199.0,,1074.0,49360.0,137.0,0.0,839.0,133.0,47337.0,9536.0,4797.0,7130.0,,,,,,,,,,,,5165.0,44090.0,105.0,137.0,1.0,0.0,,,,,,,,,,,,,,11927.0,,,0.0,,49.03,49.03,50.12,,,,106.77,112.74,23.79,88.05,0.0,0.18,0.0,,,,,,,,,61403.0,,,,,326111.0,4,2016-10-01,2016-Q4,,,,,,,,,,,Требуется ручная проверка,0,
990,"ООО КБ ""Дружба""",2017,80735.0,318981.0,37148.0,113364.0,1707.0,31861.0,,58193.0,33059.0,7975.0,,380341.0,289089.0,81432.0,200.0,81232.0,,1100.0,65161.0,1213.0,0.0,1052.0,136.0,62291.0,9825.0,6112.0,9385.0,0.0,0.0,,0.0,0.0,,,,,,,6550.0,58471.0,140.0,1213.0,5.0,0.0,,,,,,,,,,,,,,15497.0,,,0.0,,45.95,45.95,47.31,,,,184.91,137.85,14.14,63.12,0.0,0.3,0.0,,,,,,,,,109220.0,,,,,328406.0,1,2017-01-01,2017-Q1,,,,,,,,,,,Требуется ручная проверка,0,
990,"ООО КБ ""Дружба""",2017,80735.0,318981.0,37148.0,113364.0,3133.0,35775.0,,48608.0,36158.0,8048.0,,417701.0,332935.0,89210.0,,89210.0,,1589.0,13379.0,15.0,0.0,332.0,16.0,12024.0,178.0,1628.0,553.0,,,,,,,,,,,,1705.0,11640.0,34.0,15.0,71.0,0.0,,,,,,,,,,,,,,2181.0,,,0.0,,51.634,51.634,51.72,,,,102.317,98.529,12.725,73.821,0.0,0.167,0.0,,,,,,,,,51890.0,,,,,333590.0,2,2017-04-01,2017-Q2,,,,,,,,,,,Требуется ручная проверка,0,
990,"ООО КБ ""Дружба""",2017,80735.0,333037.0,37148.0,127420.0,1637.0,36266.0,,44141.0,30423.0,7870.0,,415581.0,341017.0,84876.0,,84876.0,,1187.0,27159.0,30.0,0.0,593.0,46.0,25893.0,253.0,2995.0,1851.0,,,,30000.0,30000.0,,,,,,,2691.0,24399.0,69.0,30.0,71.0,0.0,,,,,,,,,,,,,,4846.0,,,0.0,,48.489,48.489,53.127,,,,149.624,139.543,10.104,67.795,0.0,0.069,0.0,,,,,,,,,112546.0,,,,,364888.0,3,2017-07-01,2017-Q3,,,,,,,,,,,Требуется ручная проверка,0,
990,"ООО КБ ""Дружба""",2017,80735.0,333037.0,37148.0,127420.0,6383.0,39937.0,,42135.0,31450.0,7956.0,,392776.0,319191.0,116007.0,,86007.0,,1078.0,41357.0,74.0,0.0,719.0,64.0,38113.0,4013.0,1206.0,4425.0,,,,30000.0,30000.0,,,,,,,4484.0,36769.0,104.0,74.0,71.0,0.0,,,,,,,,,,,,,,3219.0,,,0.0,,48.053,48.053,52.44,,,,189.961,170.217,8.736,63.644,0.0,0.054,0.0,,,,,,,,,153040.0,,,,,358612.0,4,2017-10-01,2017-Q4,,,,,,,,,,,Требуется ручная проверка,0,
990,"ООО КБ ""Дружба""",2018,80735.0,333037.0,37148.0,127420.0,2779.0,42725.0,,45684.0,27411.0,8055.0,,387996.0,314901.0,130646.0,16000.0,84646.0,,1245.0,54382.0,156.0,0.0,911.0,107.0,55628.0,7519.0,103.0,12643.0,0.0,0.0,,30000.0,30000.0,,,,,,,6791.0,47451.0,140.0,156.0,75.0,0.0,,,,,,,,,,,,,,12746.0,,,0.0,,49.014,49.014,53.603,,,,256.976,255.717,8.75,56.643,0.0,0.166,0.0,,,,,,,,,145397.0,,,,,350420.0,1,2018-01-01,2018-Q1,,,,,,,,,,,Требуется ручная проверка,0,
990,"ООО КБ ""Дружба""",2018,80735.0,333037.0,37148.0,127420.0,6120.0,21547.0,,46449.0,22852.0,8289.0,,377521.0,308220.0,110460.0,,80460.0,,1129.0,9404.0,43.0,0.0,187.0,21.0,19387.0,2646.0,1511.0,5775.0,0.0,0.0,,30000.0,30000.0,,,,,,,2176.0,7194.0,34.0,43.0,2.0,0.0,,,,,,,,,,,,,,4264.0,,,0.0,,48.911,48.911,53.595,66.193,,,250.213,231.013,7.157,53.848,0.0,0.153,0.0,,,,,,,,,131332.0,,,,,343311.0,2,2018-04-01,2018-Q2,,,,,,,,,,,Требуется ручная проверка,0,
990,"ООО КБ ""Дружба""",2018,80735.0,323296.0,37148.0,127420.0,8377.0,13938.0,,47077.0,22158.0,8549.0,,372384.0,303149.0,107971.0,,77971.0,,953.0,19141.0,306.0,0.0,349.0,0.0,34700.0,5726.0,1895.0,4909.0,,,,30000.0,30000.0,,,,,,,3927.0,15145.0,69.0,306.0,2.0,0.0,,,,,,,,,,,,,,3014.0,,,0.0,,48.481,48.481,53.108,64.425,,,273.578,250.785,8.11,53.815,0.0,0.025,0.0,,,,,,,,,166434.0,,,,,344397.0,3,2018-07-01,2018-Q3,,,,,,,,,,,Требуется ручная проверка,0,
990,"ООО КБ ""Дружба""",2018,80735.0,323296.0,37148.0,127420.0,3633.0,5705.0,,51852.0,21160.0,8901.0,,335847.0,262835.0,98431.0,,68431.0,,1065.0,29077.0,358.0,0.0,645.0,0.0,49348.0,7215.0,2288.0,4404.0,0.0,0.0,,30000.0,30000.0,,,,,,,6344.0,22629.0,104.0,358.0,2.0,0.0,,,,,,,,,,,,,,2116.0,,,0.0,,47.092,47.092,51.596,62.042,,,157.188,155.228,10.829,68.793,0.0,0.0,0.0,,,,,,,,,143278.0,,,,,343639.0,4,2018-10-01,2018-Q4,,,,,,,,,,,Требуется ручная проверка,0,
990,"ООО КБ ""Дружба""",2019,80735.0,323296.0,37148.0,127420.0,3423.0,7177.0,,53954.0,11524.0,2588.0,,357061.0,291583.0,93563.0,0.0,63563.0,,256.0,42033.0,494.0,0.0,759.0,0.0,79662.0,35955.0,1311.0,6320.0,0.0,0.0,,30000.0,30000.0,,,,,,,9071.0,32822.0,140.0,494.0,179.0,0.0,,,,,,,,,,,,,,7631.0,,,0.0,,42.57,42.57,47.275,0.0,,,282.273,137.855,0.0,0.0,,0.0,0.0,,,,,,,,,245208.0,,,,,355322.0,1,2019-01-01,2019-Q1,,,,,,,,,,,Требуется ручная проверка,0,
990,"ООО КБ ""Дружба""",2019,80735.0,340432.0,37148.0,132063.0,1092.0,3780.0,,50416.0,65595.0,2576.0,,463460.0,347449.0,97550.0,,67550.0,,333.0,14818.0,18448.0,0.0,234.0,6.0,11907.0,932.0,5.0,19597.0,0.0,0.0,,30000.0,30000.0,,,,,,,3211.0,11573.0,34.0,18448.0,841.0,0.0,,,,,,,,,,,,,,19592.0,,,0.0,,,44.077,48.671,,,,,161.935,,,,,,,,,,,,,,150278.0,,,,,317854.0,2,2019-04-01,2019-Q2,,,,,,,,,,,Требуется ручная проверка,0,
990,"ООО КБ ""Дружба""",2019,80735.0,340567.0,37148.0,133867.0,3069.0,3756.0,,51832.0,52791.0,2563.0,,419476.0,314853.0,95790.0,,65790.0,,221.0,27545.0,42205.0,0.0,371.0,28.0,26961.0,1395.0,1071.0,5686.0,0.0,0.0,,30000.0,30000.0,,,,,,,5872.0,21604.0,69.0,42205.0,841.0,0.0,,,,,,,,,,,,,,4615.0,,,0.0,5686.0,,48.566,53.414,,,,,192.112,,,,,,,,,,,,,,201102.0,,,,,330609.0,3,2019-07-01,2019-Q3,,,,,,,,,,,Требуется ручная проверка,0,
990,"ООО КБ ""Дружба""",2019,80735.0,339639.0,37148.0,132939.0,3174.0,2675.0,,49156.0,61243.0,2541.0,,435421.0,325022.0,100221.0,,70221.0,,226.0,38915.0,58282.0,0.0,937.0,44.0,40137.0,3330.0,4310.0,9913.0,0.0,0.0,,30000.0,30000.0,,,,,,,8812.0,29999.0,104.0,58282.0,841.0,0.0,,,,,,,,,,,,,,14223.0,,,0.0,9913.0,,49.492,54.409,,,,,230.624,,,,,,,,,,,,,,206072.0,,,,,331965.0,4,2019-10-01,2019-Q4,,,,,,,,,,,Требуется ручная проверка,0,
990,"ООО КБ ""Дружба""",2020,80735.0,339639.0,37148.0,132939.0,2140.0,2270.0,,39218.0,164767.0,2547.0,,433642.0,229657.0,99113.0,,69113.0,,236.0,49780.0,85836.0,0.0,1135.0,78.0,57622.0,3495.0,9953.0,29208.0,0.0,0.0,,30000.0,30000.0,,,,,,,11964.0,37680.0,136.0,85836.0,841.0,0.0,,,,,,,,,,,,,,39161.0,,,0.0,29208.0,,53.817,59.573,,,,,382.182,,,,,,,,,,,,,,108955.0,,,,,358026.0,1,2020-01-01,2020-Q1,,,,,,,,,,,Требуется ручная проверка,0,
990,"ООО КБ ""Дружба""",2020,80735.0,327146.0,37147.0,132939.0,931.0,1555.0,,34710.0,130407.0,2580.0,,319698.0,154581.0,239068.0,,209068.0,,224.0,11358.0,460.0,0.0,205.0,0.0,11711.0,491.0,732.0,597.0,0.0,0.0,,30000.0,30000.0,,,,,,,5160.0,6135.0,24.0,460.0,1196.0,0.0,,,,,,,,,,,,,,1329.0,,,0.0,597.0,,80.789,90.793,,,,,161.645,,,,,,,,,,,,,,20202.0,,,,,372490.0,2,2020-04-01,2020-Q2,,,,,,,,,,,Требуется ручная проверка,0,
990,"ООО КБ ""Дружба""",2020,80735.0,354311.0,37147.0,160104.0,1768.0,5590.0,,26581.0,130016.0,1858.0,,303142.0,146545.0,239129.0,,209129.0,,717.0,22981.0,750.0,0.0,364.0,0.0,34491.0,1150.0,56.0,3827.0,0.0,0.0,,30000.0,30000.0,,,,,,,10777.0,11997.0,49.0,750.0,2313.0,0.0,,,,,,,,,,,,,,3883.0,,,0.0,3827.0,,78.22,85.295,,,,,223.459,,,,,,,,,,,,,,64056.0,,,,,361676.0,3,2020-07-01,2020-Q3,,,,,,,,,,,Требуется ручная проверка,0,
990,"ООО КБ ""Дружба""",2020,80735.0,354311.0,37147.0,160104.0,36972.0,1358.0,,28253.0,136187.0,1866.0,,327531.0,163091.0,618935.0,444000.0,144935.0,,512.0,34762.0,834.0,0.0,525.0,0.0,70305.0,2667.0,595.0,8425.0,0.0,0.0,,30000.0,30000.0,,,,,,,16687.0,17682.0,73.0,834.0,1477.0,0.0,,,,,,,,,,,,,,7830.0,,,0.0,8425.0,,84.55,92.355,,,,,143.552,,,,,,,,,,,,,,143871.0,,,,,355015.0,4,2020-10-01,2020-Q4,,,,,,,,,,,Требуется ручная проверка,0,
990,"ООО КБ ""Дружба""",2021,80735.0,354311.0,37147.0,160104.0,28203.0,9584.0,0.0,35937.0,102447.0,1229.0,,355821.0,217437.0,149586.0,66000.0,53582.0,0.0,1185.0,47049.0,951.0,0.0,560.0,0.0,122512.0,16196.0,1607.0,12008.0,0.0,0.0,,30000.0,30000.0,,,,,,,22351.0,24201.0,94.0,951.0,2602.0,0.0,,,,,,,,,,,,,,10401.0,,,0.0,12008.0,,62.886,71.32,,,,,147.265,,,,,,,,,,,,,,35528.0,,,,,359393.0,1,2021-01-01,2021-Q1,,,,,,,,,,,Требуется ручная проверка,0,
990,"ООО КБ ""Дружба""",2021,80735.0,366811.0,49647.0,160104.0,13992.0,7450.0,108000.0,36791.0,76402.0,1234.0,,395206.0,282013.0,264551.0,178000.0,56547.0,12.0,882.0,14399.0,118.0,0.0,114.0,0.0,29545.0,3977.0,2.0,4285.0,0.0,0.0,,30000.0,30000.0,,,,,,,4463.0,9922.0,14.0,118.0,929.0,0.0,,,,,,,,,,,,,,4283.0,,,0.0,4285.0,,50.543,55.191,,,,,104.592,,,,,,,,,,,,,,169999.0,,,,,356262.0,2,2021-04-01,2021-Q2,,,,,,,,,,,Требуется ручная проверка,0,
990,"ООО КБ ""Дружба""",2021,80735.0,354803.0,37639.0,160104.0,15813.0,3555.0,0.0,42386.0,68950.0,1239.0,,532561.0,421225.0,185213.0,91800.0,63409.0,16.0,821.0,31285.0,214.0,0.0,355.0,0.0,60313.0,10082.0,1407.0,2718.0,0.0,0.0,,30000.0,30000.0,,,,,,,8514.0,22743.0,28.0,214.0,1448.0,0.0,,,,,,,,,,,,,,4125.0,,,0.0,2718.0,,49.722,54.255,,,,,103.33,,,,,,,,,,,,,,246970.0,,,,,359096.0,3,2021-07-01,2021-Q3,,,,,,,,,,,Требуется ручная проверка,0,
990,"ООО КБ ""Дружба""",2021,80735.0,354803.0,37639.0,160104.0,16454.0,4443.0,0.0,37955.0,69198.0,1245.0,,542918.0,435765.0,180702.0,90470.0,60224.0,4.0,901.0,49307.0,317.0,0.0,504.0,0.0,88385.0,19740.0,617.0,1493.0,0.0,0.0,,30000.0,30000.0,,,,,,,12082.0,37183.0,42.0,317.0,1996.0,0.0,,,,,,,,,,,,,,876.0,,,0.0,1493.0,,44.7,48.719,,,,,114.465,,,,,,,,,,,,,,226354.0,,,,,363535.0,4,2021-10-01,2021-Q4,,,,,,,,,,,Требуется ручная проверка,0,
991,"ОАО ""АФ БАНК""",2007,183361.0,350297.0,366.0,,7790.0,54644.0,120000.0,6781.0,,,,207440.0,200659.0,4692.0,,4692.0,,4759.0,8024.0,86.0,0.0,2712.0,0.0,15415.0,0.0,,16358.0,,,,,,,,,,,,,,,,,,,,,,,,,,,,,,,,,,,,,,,,,,,,,,,,,,,,,,,,,,,,,,,2,2007-04-01,2007-Q2,,,,,,,,,,,Требуется ручная проверка,0,
991,"ОАО ""АФ БАНК""",2007,183361.0,350174.0,366.0,,13826.0,9538.0,230000.0,4772.0,,,,127672.0,122900.0,4123.0,,4123.0,,1268.0,13168.0,86.0,0.0,2712.0,11.0,52852.0,1.0,0.0,9383.0,,,,,,,,,,,,,,,,,,,,,,,,,,,,,,,,,,,,,,,,,,,,,,,,,,,,,,,,,,,,,,,3,2007-07-01,2007-Q3,,,,,,,,,,,Требуется ручная проверка,0,
991,"ОАО ""АФ БАНК""",2007,183361.0,349903.0,366.0,,9652.0,27810.0,20000.0,215693.0,0.0,,,946421.0,730728.0,624317.0,0.0,24317.0,,2172.0,37993.0,115.0,0.0,4412.0,29.0,128471.0,78.0,0.0,11954.0,,,,,,,,,,,,,,,,,,,,,,,,,,,,,,,,,,,,,,,,,,,,,,,,,,,,,,,,,,,,,,,4,2007-10-01,2007-Q4,,,,,,,,,,,Требуется ручная проверка,0,
991,"ОАО ""АФ БАНК""",2008,183361.0,349215.0,366.0,,13259.0,38382.0,240000.0,351194.0,315.0,21085.0,,1137248.0,785739.0,860775.0,32000.0,28775.0,,5723.0,85079.0,214.0,0.0,4679.0,792.0,173277.0,381.0,0.0,24189.0,,,,,,,,,,,,,,,,,,,,,,,,,,,,,,,,,,,,,,,,,,,,,,,,,,,,,,,,,,,,,,,1,2008-01-01,2008-Q1,,,,,,,,,,,Требуется ручная проверка,0,
991,"ОАО ""АФ БАНК""",2008,183361.0,352453.0,77.0,159847.0,17437.0,19765.0,110000.0,496050.0,1638.0,7331.0,,1443319.0,945631.0,988024.0,72000.0,206024.0,,23385.0,62226.0,9107.0,0.0,1402.0,274.0,54920.0,2230.0,0.0,13504.0,,,,,,,,,,,,1725.0,60147.0,354.0,376.0,1140.0,2008.0,,,,,,,,,,,,,,,,,,,,,,,,,,,,,,,,,,,,,,,,,,,,,,2,2008-04-01,2008-Q2,,,,,,,,,,,Требуется ручная проверка,0,
991,"ОАО ""АФ БАНК""",2008,183361.0,414405.0,77.0,221799.0,38371.0,21103.0,20000.0,725991.0,6453.0,25157.0,,1769490.0,1037046.0,1151268.0,100000.0,307371.0,,19620.0,141045.0,25301.0,0.0,3123.0,369.0,147331.0,15934.0,0.0,17530.0,,,,,,,,,,,,3110.0,137217.0,718.0,562.0,3553.0,6066.0,,,,,,,,,,,,,,,,,,,,,,,,,,,,,,,,,,,,,,,,,,,,,,3,2008-07-01,2008-Q3,,,,,,,,,,,Требуется ручная проверка,0,
991,"ОАО ""АФ БАНК""",2008,183361.0,414406.0,47.0,221830.0,38984.0,37665.0,754000.0,1015655.0,16526.0,106349.0,,2015566.0,983385.0,1484271.0,125600.0,560171.0,,25069.0,246684.0,48688.0,0.0,8750.0,1871.0,269654.0,36166.0,0.0,32054.0,,,,,,,,,,,,5928.0,238006.0,2389.0,663.0,7183.0,10563.0,,,,,,,,,,,,,,,,,,,,,,,,,,,,,,,,,,,,,,,,,,,,,,4,2008-10-01,2008-Q4,,,,,,,,,,,Требуется ручная проверка,0,
991,"ОАО ""АФ БАНК""",2009,1183361.0,1414406.0,47.0,221830.0,64035.0,30024.0,276.0,1064451.0,28551.0,110386.0,,2088507.0,995505.0,935079.0,83029.0,573550.0,,3926.0,352666.0,69913.0,0.0,22043.0,16769.0,499972.0,106463.0,0.0,47058.0,,,,,,,,,,,,8802.0,337367.0,5918.0,673.0,9006.0,14240.0,,,,,,,,,,,,,,,,,,,,,,,,,,,,,,,,,,,,,,,,,,,,,,1,2009-01-01,2009-Q1,,,,,,,,,,,Требуется ручная проверка,0,
991,"ОАО ""АФ БАНК""",2009,1183361.0,1419321.0,4962.0,221830.0,140734.0,63472.0,89655.0,1006938.0,55083.0,100063.0,,2135961.0,1073940.0,1044656.0,137889.0,802354.0,,2297.0,91477.0,36332.0,0.0,17958.0,11626.0,761714.0,105640.0,4466.0,140068.0,,,,,,,,,,,,1692.0,87738.0,2047.0,653.0,4317.0,3643.0,,,,,,,,,,,,,,135602.0,,,,,,,,,,,,,,,,,,,,,,,,,,,,,,,,2,2009-04-01,2009-Q2,,,,,,,,,,,Требуется ручная проверка,0,
991,"ОАО ""АФ БАНК""",2009,1183361.0,1450267.0,1687.0,254340.0,141362.0,49257.0,310985.0,950165.0,242340.0,76919.0,,2119132.0,926627.0,1057140.0,69425.0,933302.0,0.0,3916.0,193712.0,80283.0,0.0,29025.0,17647.0,1285946.0,363156.0,0.0,29527.0,,,,,,,,,,,,5527.0,182888.0,4884.0,4845.0,8608.0,7340.0,,,,,,,,,,,,,,29527.0,,,,,,,,,,,,,,,,,,,,,,,,,,,,,,,,3,2009-07-01,2009-Q3,,,,,,,,,,,Требуется ручная проверка,0,
991,"ОАО ""АФ БАНК""",2009,1183361.0,1452284.0,3704.0,254340.0,86653.0,199965.0,383749.0,842394.0,71437.0,409308.0,,2055425.0,1141388.0,1399041.0,280070.0,1118971.0,0.0,15344.0,305231.0,129405.0,0.0,53936.0,31182.0,1932156.0,401717.0,16683.0,6598.0,,,,,,,,,,,,8295.0,262631.0,32295.0,5526.0,17021.0,11374.0,,,,,,,,,,,,,,23281.0,,,,,,,,,,,,,,,,,,,,,,,,,,,,,,,,4,2009-10-01,2009-Q4,,,,,,,,,,,Требуется ручная проверка,0,
991,"ОАО ""АФ БАНК""",2010,1183361.0,1448892.0,312.0,254340.0,140798.0,29474.0,418320.0,810465.0,95688.0,345035.0,,2131158.0,1224825.0,1739953.0,291489.0,1448464.0,1.0,19243.0,414075.0,190968.0,0.0,83072.0,35717.0,2584488.0,601468.0,11142.0,19098.0,,,,,,,,,,,,12974.0,351592.0,45071.0,5674.0,25243.0,19474.0,,,,,,,,,,,,,,30240.0,,,,,,,,,,,,,,,,,,,,,,,,,,,,,,,,1,2010-01-01,2010-Q1,,,,,,,,,,,Требуется ручная проверка,0,
991,"ОАО ""АФ БАНК""",2010,1183361.0,1450338.0,1758.0,254340.0,120049.0,37884.0,400279.0,700354.0,92286.0,401819.0,,2172561.0,1379711.0,2004960.0,362675.0,1642285.0,1446.0,22532.0,116186.0,81551.0,0.0,24299.0,2796.0,491546.0,136259.0,1416.0,8319.0,,,,,,,,,,,,2458.0,101549.0,9904.0,6683.0,12812.0,9616.0,,,,,,,,,,,,,,9735.0,,,,,,,,,,,,,,,,,,,,,,,,,,,,,,,,2,2010-04-01,2010-Q2,,,,,,,,,,,Требуется ручная проверка,0,
991,"ОАО ""АФ Банк""",2011,,,,,,,,,,,,,,,,,,,571498.0,389398.0,16.0,160044.0,51268.0,2409625.0,740682.0,3503.0,24218.0,,,,,,,,,,,,8134.0,506380.0,47320.0,34103.0,63192.0,40245.0,,,,,,,,,,,,,,27721.0,,,,,,,,,,,,,,,,,,,,,,,,,,,,,,,,1,2011-01-01,2011-Q1,,,,,,,,,,,Требуется ручная проверка,0,
991,"ОАО ""АФ Банк""",2011,1183361.0,1469071.0,47.0,273762.0,145307.0,20225.0,286780.0,924007.0,78626.0,608503.0,,4113999.0,3108715.0,3036239.0,462525.0,2573714.0,33.0,32370.0,155869.0,93642.0,0.0,45151.0,10153.0,521161.0,163602.0,1752.0,34283.0,,,,,,,,,,,,1007.0,140389.0,11562.0,12091.0,7332.0,9914.0,,,,,,,,,,,,,,36035.0,,,,,,,,,,21.61,119.66,177.71,46.74,246.49,0.73,0.78,0.0,,,,,,,,,,,,,,,2,2011-04-01,2011-Q2,,,,,,,,,,,Требуется ручная проверка,0,
991,"ОАО ""АФ Банк""",2011,,,,,,,,,,,,,,,,,,,321142.0,185459.0,0.0,91704.0,19328.0,1061632.0,319706.0,1030.0,15709.0,,,,,,,,,,,,1743.0,281766.0,31762.0,22040.0,13307.0,19863.0,,,,,,,,,,,,,,16739.0,,,,,,,,,,18.35,74.39,98.14,52.38,298.31,0.73,0.9,0.0,,,,,,,,,,,,,,,3,2011-07-01,2011-Q3,,,,,,,,,,,Требуется ручная проверка,0,
991,"ОАО ""АФ Банк""",2011,1183361.0,1412069.0,10563.0,205512.0,148766.0,215164.0,23792.0,1327209.0,130603.0,1128508.0,,4611132.0,3150528.0,3233315.0,312046.0,2921269.0,10.0,60357.0,503139.0,271787.0,4.0,149951.0,60845.0,1742971.0,502504.0,16134.0,10894.0,,,,,,,,,,,,2527.0,437338.0,54787.0,29478.0,19133.0,26370.0,,,,,,,,,,,,,,5240.0,,,,,,,,,,18.56,78.94,105.68,70.35,244.31,0.75,0.76,0.0,,,,,,,,,,,,,,,4,2011-10-01,2011-Q4,,,,,,,,,,,Требуется ручная проверка,0,
991,"ОАО ""АФ Банк""",2012,,,,,,,,,,,,,,,,,,,696603.0,359684.0,4.0,240197.0,125243.0,2396545.0,630039.0,12275.0,6860.0,,,,,,,,,,,,3811.0,606569.0,75306.0,35087.0,26295.0,34009.0,,,,,,,,,,,,,,19135.0,,,,,,,,,,18.47,73.6,83.06,77.76,218.93,0.76,1.3,0.0,,,,,,,,,,,,,,,1,2012-01-01,2012-Q1,,,,,,,,,,,Требуется ручная проверка,0,
991,"ОАО ""АФ Банк""",2012,1183361.0,1412075.0,10554.0,205527.0,219622.0,133872.0,28800.0,1907221.0,210630.0,548936.0,,4822004.0,2700877.0,3587329.0,663411.0,2923918.0,20.0,67286.0,190777.0,84659.0,0.0,88463.0,72287.0,701659.0,269756.0,329.0,23100.0,,,,,,,,,,,,1294.0,171660.0,15336.0,5661.0,7328.0,5197.0,,,,,,,,,,,,,,23429.0,,,,,,,,,,17.74,58.95,108.54,70.44,253.0,0.76,1.03,0.0,,,,,,,,,,,,,,,2,2012-04-01,2012-Q2,,,,,,,,,,,Требуется ручная проверка,0,
991,"ОАО ""АФ Банк""",2012,1183361.0,1401666.0,145.0,205527.0,186470.0,101126.0,128800.0,2266630.0,238896.0,517648.0,,5124209.0,2616304.0,4034678.0,609740.0,3424938.0,17.0,67149.0,398786.0,177131.0,0.0,191467.0,139352.0,1368372.0,368715.0,10033.0,6125.0,,,,,,,,,,,,3046.0,365683.0,27223.0,9662.0,16722.0,9624.0,,,,,,,,,,,,,,16158.0,,,,,,,,,,16.8,47.66,82.33,88.82,229.43,0.75,1.47,0.0,,,,,,,,,,,,,,,3,2012-07-01,2012-Q3,,,,,,,,,,,Требуется ручная проверка,0,
991,"ОАО ""АФ Банк""",2012,1183361.0,1402183.0,6.0,206150.0,201833.0,249941.0,30380.0,2791614.0,262533.0,654321.0,,5745419.0,2689904.0,4194001.0,604211.0,3589790.0,14.0,69458.0,627035.0,278143.0,3.0,275364.0,211317.0,2132730.0,547534.0,3846.0,41561.0,,,,,,,,,,,,4149.0,581257.0,38481.0,13539.0,24852.0,14434.0,,,,,,,,,,,,,,37715.0,,,,,,,,,,16.08,67.03,93.18,105.72,181.16,0.16,1.28,0.0,,,,,,,,,,,,,,,4,2012-10-01,2012-Q4,,0409135,,,,,,,,,Требуется ручная проверка,0,
991,"ОАО ""АФ Банк""",2013,1183361.0,1402183.0,6.0,206150.0,230080.0,130995.0,5504.0,2736030.0,837037.0,741539.0,,4975383.0,1401040.0,4488112.0,686656.0,3801456.0,14.0,74040.0,832649.0,391074.0,3.0,372230.0,258106.0,3122472.0,798834.0,943.0,313364.0,,,,,,,,,,,,5461.0,774864.0,48978.0,16294.0,38665.0,19313.0,,,,,,,,,,,,,,312421.0,,,,,,,,,,13.85,118.43,136.17,88.46,116.75,1.1,1.53,0.0,,,,,,,,,,,,,,,1,2013-01-01,2013-Q1,,,,,,,,,,,Требуется ручная проверка,0,
991,"ОАО ""АФ Банк""",2013,1183361.0,1445264.0,43087.0,206150.0,234612.0,290123.0,3280.0,2566391.0,550879.0,404965.0,,3977980.0,859702.0,4313082.0,354621.0,3958461.0,18.0,185938.0,169168.0,110295.0,0.0,89295.0,54322.0,621766.0,424811.0,217.0,203907.0,,,,,,,,,,,,1170.0,152379.0,10376.0,1990.0,7976.0,5124.0,,,,,,,,,,,,,,204124.0,,,,,,,,,,18.54,125.85,116.04,93.88,99.91,0.59,1.45,0.0,,,,,,,,,1686524.0,,,,,,2,2013-04-01,2013-Q2,,0409135,,,,,,,,,Требуется ручная проверка,0,
991,"ОАО ""АФ Банк""",2013,1183361.0,1445264.0,43087.0,206150.0,229570.0,80691.0,3280.0,3014118.0,582185.0,776795.0,,4236506.0,639369.0,4016330.0,216196.0,3800134.0,18.0,178969.0,342333.0,211656.0,0.0,169592.0,101071.0,1206500.0,528099.0,447.0,146106.0,,,,,,,,,,,,2085.0,311593.0,23365.0,4020.0,13562.0,8015.0,,,,,,,,,,,,,,146553.0,,,,,,,,,,18.12,85.03,114.51,99.39,87.17,0.16,1.22,0.0,,,,,,,,,877987.0,,,,,,3,2013-07-01,2013-Q3,,0409135,,,,,,,,,Требуется ручная проверка,0,
991,"ОАО ""АФ Банк""",2013,1183361.0,1757491.0,43087.0,206150.0,246014.0,73420.0,3280.0,2954136.0,617589.0,686792.0,,4134109.0,561648.0,4280179.0,307068.0,3973111.0,20.0,177712.0,514743.0,318671.0,4.0,224216.0,121712.0,1763383.0,597198.0,697.0,116824.0,,,,,,,,,,,,3037.0,466098.0,40282.0,5484.0,18693.0,10656.0,,,,,,,,,,,,,,117521.0,,,,,,,,,,16.07,104.85,119.04,86.12,126.97,0.18,0.65,0.0,,,,,,,,,1147884.0,,,,,,4,2013-10-01,2013-Q4,,0409135,,,,,,,,,Требуется ручная проверка,0,
991,"ОАО ""АФ Банк""",2014,1183361.0,1757491.0,43087.0,206150.0,288010.0,96962.0,3280.0,3185692.0,659084.0,671051.0,,4588717.0,743337.0,4524071.0,296620.0,4227451.0,533.0,192103.0,699559.0,428776.0,4.0,286063.0,151233.0,2438485.0,695565.0,922.0,77749.0,,,,,,,,,,,,4141.0,633544.0,56512.0,6510.0,22994.0,12626.0,,,,,,,,,,,,,,76827.0,,,,,,,,,,14.66,61.64,101.97,107.71,129.22,0.19,0.79,0.0,,,,,,,,,547258.0,,,,,,1,2014-01-01,2014-Q1,,,,,,,,,,,Требуется ручная проверка,0,
991,"ОАО ""АФ Банк""",2014,583397.0,845300.0,43087.0,206150.0,250690.0,60526.0,4020.0,2959159.0,706703.0,1241713.0,,4150970.0,484564.0,4209059.0,240709.0,3968350.0,17.0,176530.0,162685.0,102299.0,0.0,47101.0,19399.0,1431606.0,110239.0,65.0,58870.0,,,,,,,,,,,,1150.0,147916.0,13584.0,854.0,2009.0,1941.0,,,,,,,,,,,,,,58805.0,,,,,1.11,1.11,3.28,,,,13.32,19.69,235.17,658.64,8.16,3.72,0.0,,,,,,,,,91635.0,,,,,,2,2014-04-01,2014-Q2,,,,,,,,,,,Требуется ручная проверка,0,
992,"ЗАО БАНК ""ВОЛОГДАБАНК""",2007,16406.0,66922.0,40771.0,,27706.0,75705.0,,40515.0,20.0,,,306249.0,265714.0,263383.0,19000.0,244383.0,,6702.0,10219.0,242.0,0.0,0.0,144.0,16457.0,2.0,0.0,2803.0,,,,,,,,,,,,,,,,,,,,,,,,,,,,,,,,,,,,,,,,,,,,,,,,,,,,,,,,,,,,,,,2,2007-04-01,2007-Q2,,,,,,,,,,,Требуется ручная проверка,0,
992,"ЗАО БАНК ""ВОЛОГДАБАНК""",2007,16406.0,70955.0,40771.0,,23816.0,51712.0,0.0,42571.0,14.0,,,317314.0,274729.0,259100.0,4000.0,255100.0,,7123.0,20935.0,557.0,0.0,0.0,306.0,35072.0,7.0,0.0,6225.0,,,,,,,,,,,,,,,,,,,,,,,,,,,,,,,,,,,,,,,,,,,,,,,,,,,,,,,,,,,,,,,3,2007-07-01,2007-Q3,,,,,,,,,,,Требуется ручная проверка,0,
992,"ЗАО БАНК ""ВОЛОГДАБАНК""",2007,16406.0,70937.0,40771.0,,28155.0,78789.0,,49582.0,14.0,,,319327.0,269731.0,275180.0,,275180.0,,10348.0,31625.0,656.0,0.0,0.0,427.0,53739.0,7.0,0.0,10048.0,,,,,,,,,,,,,,,,,,,,,,,,,,,,,,,,,,,,,,,,,,,,,,,,,,,,,,,,,,,,,,,4,2007-10-01,2007-Q4,,,,,,,,,,,Требуется ручная проверка,0,
992,"ЗАО БАНК ""ВОЛОГДАБАНК""",2008,16406.0,70558.0,40771.0,,26043.0,74197.0,,57762.0,10.0,,,329687.0,271915.0,279181.0,0.0,279181.0,,6079.0,42138.0,664.0,0.0,1.0,531.0,74211.0,7.0,0.0,13351.0,,,,,,,,,,,,,,,,,,,,,,,,,,,,,,,,,,,,,,,,,,,,,,,,,,,,,,,,,,,,,,,1,2008-01-01,2008-Q1,,,,,,,,,,,Требуется ручная проверка,0,
992,"ЗАО БАНК ""ВОЛОГДАБАНК""",2008,16406.0,70464.0,40771.0,10826.0,28371.0,143930.0,45000.0,53709.0,,,,325693.0,271984.0,352332.0,78000.0,274332.0,,8275.0,11739.0,6429.0,0.0,7404.0,185.0,19360.0,2423.0,0.0,3012.0,,,,,,,,,,,,1.0,11738.0,0.0,27.0,478.0,0.0,,,,,,,,,,,,,,,,,,,,,,,,,,,,,,,,,,,,,,,,,,,,,,2,2008-04-01,2008-Q2,,,,,,,,,,,Требуется ручная проверка,0,
992,"ЗАО БАНК ""ВОЛОГДАБАНК""",2008,16406.0,77126.0,40771.0,17488.0,22789.0,100899.0,134000.0,59291.0,,,,358397.0,299106.0,444293.0,168000.0,276293.0,,10802.0,26196.0,14158.0,0.0,16484.0,440.0,41144.0,5642.0,0.0,8851.0,,,,,,,,,,,,4.0,26192.0,0.0,27.0,2461.0,0.0,,,,,,,,,,,,,,,,,,,,,,,,,,,,,,,,,,,,,,,,,,,,,,3,2008-07-01,2008-Q3,,,,,,,,,,,Требуется ручная проверка,0,
992,"ЗАО БАНК ""ВОЛОГДАБАНК""",2008,16406.0,77063.0,40771.0,17425.0,22822.0,95095.0,46000.0,60886.0,,,,373625.0,312739.0,364334.0,76000.0,288334.0,,11722.0,40903.0,22381.0,0.0,27762.0,624.0,65029.0,9177.0,0.0,16075.0,,,,,,,,,,,,6.0,40897.0,0.0,28.0,4275.0,0.0,,,,,,,,,,,,,,,,,,,,,,,,,,,,,,,,,,,,,,,,,,,,,,4,2008-10-01,2008-Q4,,,,,,,,,,,Требуется ручная проверка,0,
992,"ЗАО БАНК ""ВОЛОГДАБАНК""",2009,26716.0,86943.0,40771.0,16995.0,17787.0,150690.0,20000.0,68602.0,,,,373484.0,304882.0,364885.0,90000.0,274885.0,,811.0,54851.0,30200.0,0.0,37017.0,804.0,91945.0,18330.0,0.0,24356.0,,,,,,,,,,,,14.0,54837.0,0.0,28.0,5727.0,0.0,,,,,,,,,,,,,,,,,,,,,,,,,,,,,,,,,,,,,,,,,,,,,,1,2009-01-01,2009-Q1,,,,,,,,,,,Требуется ручная проверка,0,
992,"ЗАО БАНК ""ВОЛОГДАБАНК""",2009,26716.0,156537.0,110365.0,16995.0,23948.0,138820.0,83000.0,59831.0,20.0,,,401763.0,341912.0,466911.0,186000.0,280911.0,,851.0,17077.0,10977.0,0.0,13324.0,1485.0,40686.0,5319.0,664.0,4685.0,,,,,,,,,,,,1.0,17076.0,0.0,0.0,3444.0,0.0,,,,,,,,,,,,,,5349.0,,,,,,,,,,,,,,,,,,,,,,,,,,,,,,,,2,2009-04-01,2009-Q2,,,,,,,,,,,Требуется ручная проверка,0,
992,"ЗАО БАНК ""ВОЛОГДАБАНК""",2009,26716.0,170782.0,110365.0,29693.0,27884.0,137285.0,60000.0,76794.0,,,,462721.0,385927.0,479775.0,143000.0,336775.0,,1304.0,37563.0,24470.0,0.0,25188.0,2011.0,90273.0,12654.0,2175.0,9589.0,,,,,,,,,,,,3.0,37560.0,0.0,0.0,7295.0,0.0,,,,,,,,,,,,,,11764.0,,,,,,,,,,,,,,,,,,,,,,,,,,,,,,,,3,2009-07-01,2009-Q3,,,,,,,,,,,Требуется ручная проверка,0,
992,"ЗАО БАНК ""ВОЛОГДАБАНК""",2009,26716.0,170782.0,110365.0,29693.0,33147.0,146784.0,155400.0,87857.0,,,,474762.0,386905.0,558006.0,155150.0,402856.0,,4199.0,59045.0,38944.0,0.0,37267.0,2587.0,134404.0,19757.0,3527.0,14736.0,,,,,,,,,,,,6.0,59039.0,0.0,0.0,9996.0,0.0,,,,,,,,,,,,,,18263.0,,,,,,,,,,,,,,,,,,,,,,,,,,,,,,,,4,2009-10-01,2009-Q4,,,,,,,,,,,Требуется ручная проверка,0,
992,"ЗАО БАНК ""ВОЛОГДАБАНК""",2010,30460.0,174526.0,110365.0,29693.0,41152.0,153248.0,35000.0,93294.0,,,,529429.0,436135.0,501044.0,35000.0,466044.0,,5294.0,81851.0,54522.0,0.0,53189.0,4214.0,192141.0,26246.0,4980.0,22678.0,,,,,,,,,,,,13.0,81838.0,0.0,0.0,10876.0,0.0,,,,,,,,,,,,,,27658.0,,,,,,,,,,,,,,,,,,,,,,,,,,,,,,,,1,2010-01-01,2010-Q1,,,,,,,,,,,Требуется ручная проверка,0,
992,"ЗАО БАНК ""ВОЛОГДАБАНК""",2010,30460.0,174526.0,110365.0,29693.0,38871.0,139838.0,0.0,90884.0,,,,574470.0,483586.0,520323.0,3000.0,517323.0,,5560.0,22824.0,16274.0,0.0,13180.0,765.0,77500.0,7888.0,1181.0,6571.0,,,,,,,,,,,,2.0,22822.0,0.0,0.0,37.0,0.0,,,,,,,,,,,,,,7752.0,,,,,,,,,,,,,,,,,,,,,,,,,,,,,,,,2,2010-04-01,2010-Q2,,,,,,,,,,,Требуется ручная проверка,0,
992,"ЗАО Банк ""Вологдабанк""",2010,30460.0,191986.0,110365.0,46591.0,55483.0,42496.0,,85300.0,,,,564461.0,479161.0,570655.0,5300.0,565355.0,,9309.0,45185.0,32380.0,0.0,34839.0,8226.0,173039.0,18586.0,3206.0,12585.0,,,,,,,,,,,,674.0,44511.0,0.0,0.0,114.0,0.0,,,,,,,,,,,,,,15791.0,,,,,,,,,,,,,,,,,,,,,,,,,,,,,,,,3,2010-07-01,2010-Q3,,,,,,,,,,,Требуется ручная проверка,0,
992,"ЗАО Банк ""Вологдабанк""",2010,40460.0,201986.0,110365.0,46591.0,65240.0,44639.0,,95093.0,,,,538808.0,443715.0,617243.0,3000.0,614243.0,,6169.0,65458.0,48160.0,0.0,55238.0,9730.0,254386.0,28912.0,4982.0,18963.0,,,,,,,,,,,,1847.0,63611.0,0.0,0.0,180.0,0.0,,,,,,,,,,,,,,23945.0,,,,,,,,,,,,,,,,,,,,,,,,,,,,,,,,4,2010-10-01,2010-Q4,,,,,,,,,,,Требуется ручная проверка,0,
992,"ЗАО Банк ""Вологдабанк""",2011,,,,,,,,,,,,,,,,,,,85720.0,63147.0,0.0,74613.0,10142.0,351960.0,39415.0,6321.0,24659.0,,,,,,,,,,,,3243.0,82477.0,0.0,0.0,226.0,0.0,,,,,,,,,,,,,,30980.0,,,,,,,,,,,,,,,,,,,,,,,,,,,,,,,,1,2011-01-01,2011-Q1,,,,,,,,,,,Требуется ручная проверка,0,
992,"ЗАО Банк ""Вологдабанк""",2011,40460.0,201986.0,110364.0,46592.0,72179.0,48705.0,,97494.0,,,,644867.0,546513.0,632550.0,,632550.0,,9147.0,19743.0,13226.0,,21202.0,268.0,99529.0,8777.0,1179.0,7343.0,,,,,,,,,,,,1233.0,18510.0,,,7.0,,,,,,,,,,,,,,,8522.0,,,,,,,,,,18.43,110.96,101.32,81.46,196.46,29.61,0.43,0.0,,,,,,,,,,,,,,,2,2011-04-01,2011-Q2,,,,,,,,,,,Требуется ручная проверка,0,
992,"ЗАО Банк ""Вологдабанк""",2011,,,,,,,,,,,,,,,,,,,40672.0,24493.0,0.0,44265.0,952.0,188406.0,24413.0,3688.0,18979.0,,,,,,,,,,,,2071.0,38601.0,0.0,0.0,24.0,0.0,,,,,,,,,,,,,,22667.0,,,,,,,,,,20.62,105.19,97.92,87.72,203.12,32.81,1.56,0.0,,,,,,,,,,,,,,,3,2011-07-01,2011-Q3,,,,,,,,,,,Требуется ручная проверка,0,
992,"ЗАО Банк ""Вологдабанк""",2011,40460.0,220623.0,110364.0,63729.0,76262.0,14067.0,,122042.0,19.0,,,690949.0,567967.0,687071.0,2000.0,685071.0,,11347.0,62151.0,36095.0,0.0,77500.0,6096.0,276518.0,46354.0,6915.0,36745.0,,,,,,,,,,,,3130.0,59021.0,0.0,0.0,45.0,0.0,,,,,,,,,,,,,,43660.0,,,,,,,,,,20.36,121.68,105.87,99.25,196.32,29.43,1.59,0.0,,,,,,,,,,,,,,,4,2011-10-01,2011-Q4,,,,,,,,,,,Требуется ручная проверка,0,
992,"ЗАО Банк ""Вологдабанк""",2012,,,,,,,,,,,,,,,,,,,82990.0,47261.0,,109258.0,8677.0,370040.0,68699.0,10891.0,43607.0,,,,,,,,,,,,4256.0,78734.0,,,47.0,,,,,,,,,,,,,,,54498.0,,,,,,,,,,23.69,119.78,106.51,115.35,174.79,21.85,0.51,0.0,,,,,,,,,,,,,,,1,2012-01-01,2012-Q1,,,,,,,,,,,Требуется ручная проверка,0,
992,"ЗАО Банк ""Вологдабанк""",2012,60120.0,275495.0,145570.0,63735.0,72398.0,39037.0,,129462.0,171.0,,,751610.0,621363.0,674152.0,,674152.0,,11436.0,20854.0,11832.0,,30925.0,1570.0,119418.0,12494.0,1917.0,10860.0,,,,,,,,,,,,800.0,20054.0,,,11774.0,,,,,,,,,,,,,,,12777.0,,,,,,,,,,22.36,106.42,101.13,99.45,136.64,17.13,0.34,0.0,,,,,,,,,,,,,,,2,2012-04-01,2012-Q2,,,,,,,,,,,Требуется ручная проверка,0,
992,"ЗАО Банк ""Вологдабанк""",2012,60120.0,305716.0,145570.0,91008.0,68910.0,40866.0,80000.0,132347.0,1060.0,,,766908.0,633018.0,773253.0,80000.0,693253.0,,14750.0,42766.0,25093.0,,63226.0,3370.0,203522.0,27290.0,4837.0,20781.0,,,,,,,,,,,,1844.0,40922.0,,,379.0,,,,,,,,,,,,,,,25618.0,,,,,,,,,,25.25,129.03,119.7,93.9,162.8,20.35,0.33,0.0,,,,,,,,,,,,,,,3,2012-07-01,2012-Q3,,,,,,,,,,,Требуется ручная проверка,0,
992,"ЗАО Банк ""Вологдабанк""",2012,60120.0,305716.0,145570.0,91008.0,55791.0,30972.0,110000.0,139559.0,1060.0,,,710943.0,569368.0,797202.0,110000.0,687202.0,,14583.0,65323.0,39192.0,,99877.0,6445.0,322739.0,48087.0,8242.0,35539.0,,,,,,,,,,,,3161.0,62162.0,,,1380.0,,,,,,,,,,,,,,,43781.0,,,,,,,,,,26.62,140.9,138.85,100.37,121.83,0.62,0.58,0.0,,,,,,,,,,,,,,,4,2012-10-01,2012-Q4,,0409135,,,,,,,,,Требуется ручная проверка,0,
992,"ЗАО Банк ""Вологдабанк""",2013,60120.0,305716.0,145570.0,91008.0,78234.0,43353.0,,149873.0,1190.0,,,759688.0,607761.0,681975.0,,681975.0,,14475.0,86813.0,52993.0,,135983.0,9872.0,467013.0,92211.0,12525.0,50572.0,,,,,,,,,,,,4522.0,82291.0,,,1632.0,,,,,,,,,,,,,,,63097.0,,,,,,,,,,26.05,142.52,123.18,106.92,130.42,3.82,0.64,0.0,,,,,,,,,,,,,,,1,2013-01-01,2013-Q1,,,,,,,,,,,Требуется ручная проверка,0,
992,"ЗАО Банк ""Вологдабанк""",2013,60120.0,305716.0,145570.0,91008.0,76289.0,56200.0,,157994.0,1998.0,,,858730.0,698063.0,714762.0,,714762.0,,12729.0,22528.0,13953.0,,26088.0,297.0,69143.0,20234.0,1263.0,9066.0,,,,,,,,,,,,1456.0,21072.0,,,13899.0,,,,,,,,,,,,,,,10329.0,,,,,,,,,,23.34,107.59,103.26,119.82,142.8,6.28,0.51,0.0,,,,,,,,,526063.0,,,,,,2,2013-04-01,2013-Q2,,0409135,,,,,,,,,Требуется ручная проверка,0,
992,"ЗАО Банк ""Вологдабанк""",2013,60120.0,341946.0,145570.0,127238.0,66474.0,39412.0,80000.0,162864.0,2007.0,,,869642.0,702730.0,694464.0,,694464.0,,13398.0,46619.0,28469.0,,50004.0,2489.0,138719.0,35718.0,3271.0,16424.0,,,,,,,,,,,,2502.0,44117.0,,,27993.0,,,,,,,,,,,,,,,19695.0,,,,,,,,,,26.04,82.58,78.86,114.28,165.24,6.1,0.46,0.0,,,,,,,,,279535.0,,,,,,3,2013-07-01,2013-Q3,,0409135,,,,,,,,,Требуется ручная проверка,0,
992,"ЗАО Банк ""Вологдабанк""",2013,60120.0,341946.0,145570.0,127238.0,76806.0,36056.0,80000.0,172909.0,2144.0,,,873134.0,696338.0,702495.0,,702495.0,,12264.0,71842.0,44294.0,,67078.0,2931.0,199856.0,50737.0,4039.0,17816.0,,,,,,,,,,,,3311.0,68531.0,,,42668.0,,,,,,,,,,,,,,,21855.0,,,,,,,,,,26.74,92.04,106.89,106.4,165.64,6.31,0.43,0.0,,,,,,,,,313833.0,,,,,,4,2013-10-01,2013-Q4,,0409135,,,,,,,,,Требуется ручная проверка,0,
992,"ЗАО Банк ""Вологдабанк""",2014,60120.0,341946.0,145570.0,127238.0,57579.0,34408.0,,171216.0,2150.0,,,942296.0,766797.0,729896.0,,729896.0,,13746.0,96699.0,59779.0,,79987.0,4979.0,284213.0,62073.0,412.0,903.0,,,,,,,,,,,,4098.0,92601.0,,,57901.0,,,,,,,,,,,,,,,1315.0,,,,,,,,,,26.92,121.77,103.9,96.23,144.38,12.59,0.41,0.0,,,,,,,,,227488.0,,,,,,1,2014-01-01,2014-Q1,,,,,,,,,,,Требуется ручная проверка,0,
992,"ЗАО Банк ""Вологдабанк""",2014,60120.0,341946.0,145570.0,127238.0,31387.0,24855.0,,160642.0,2222.0,,,897892.0,732964.0,712995.0,,712995.0,,27974.0,24839.0,15772.0,,8909.0,587.0,57394.0,19020.0,1127.0,2496.0,,,,,,,,,,,,2712.0,21852.0,,,15746.0,,,,,,,,,,,,,,,3623.0,,,,,17.17,17.17,26.6,,,,121.99,109.13,97.23,151.87,14.62,0.36,0.0,,,,,,,,,275047.0,,,,,344411.0,2,2014-04-01,2014-Q2,,,,,,,,,,,Требуется ручная проверка,0,
992,"ЗАО Банк ""Вологдабанк""",2014,60120.0,,,128175.0,,,,,,,,,,,,,,,50918.0,32760.0,,17621.0,1170.0,140662.0,50961.0,2807.0,3034.0,,,,,,,,,,,,3122.0,43972.0,,,32676.0,,,,,,,,,,,,,,,227.0,,,,,13.06,13.06,21.82,,,,111.7,91.02,108.61,153.44,9.11,0.45,0.0,,,,,,,,,351969.0,,,,,315323.0,3,2014-07-01,2014-Q3,,,,,,,,,,,Требуется ручная проверка,0,
992,"ЗАО Банк ""Вологдабанк""",2014,60120.0,371997.0,174684.0,128175.0,24370.0,28100.0,,149204.0,9097.0,,,922194.0,761954.0,736211.0,,736211.0,,8934.0,76710.0,49902.0,0.0,28271.0,2802.0,228827.0,90849.0,2862.0,462.0,,,,,,,,,,,,5104.0,66920.0,0.0,0.0,49774.0,0.0,,,,,,,,,,,,,,2400.0,,,,,13.62,13.62,22.68,,,,109.55,97.51,100.36,153.62,2.76,0.92,0.0,,,,,,,,,229600.0,,,,,314861.0,4,2014-10-01,2014-Q4,,,,,,,,,,,Требуется ручная проверка,0,
992,"ЗАО Банк ""Вологдабанк""",2015,60120.0,371997.0,174684.0,128175.0,23924.0,19810.0,,166850.0,10655.0,,,941956.0,762563.0,788889.0,0.0,788889.0,,8997.0,105961.0,67511.0,0.0,42352.0,7315.0,361627.0,118426.0,6171.0,15125.0,,,,,,,,,,,,8295.0,92420.0,0.0,0.0,8.0,0.0,,,,,,,,,,,,,,21296.0,,,,,11.27,11.27,19.65,,,,90.44,70.85,105.82,185.19,2.54,1.83,0.0,,,,,,,,,277038.0,,,,,302877.0,1,2015-01-01,2015-Q1,,,,,,,,,,,Требуется ручная проверка,0,
992,"ЗАО Банк ""Вологдабанк""",2015,60120.0,371315.0,174002.0,128175.0,26708.0,13383.0,,174720.0,59269.0,,,886473.0,650613.0,810765.0,2900.0,807865.0,,10668.0,39371.0,27785.0,0.0,12706.0,3641.0,101982.0,22993.0,0.0,603.0,,,,,,,,,,,,6552.0,29502.0,0.0,0.0,151.0,0.0,,,,,,,,,,,,,,603.0,,,,,11.91,11.91,20.78,,,,70.5,78.85,91.98,187.56,0.33,1.79,0.0,,,,,,,,,176814.0,,,,,301889.0,2,2015-04-01,2015-Q2,,,,,,,,,,,Требуется ручная проверка,0,
992,"ЗАО Банк ""Вологдабанк""",2015,60120.0,356087.0,174002.0,112947.0,18949.0,20397.0,,151514.0,13229.0,0.0,,838489.0,671886.0,866306.0,51000.0,815306.0,,10207.0,78313.0,57105.0,,24716.0,6896.0,224146.0,36839.0,61.0,50022.0,,,,50000.0,50000.0,,,,,,,8599.0,58705.0,756.0,,702.0,,,,,,,,,,,,,,,50083.0,,,,,8.24,8.24,21.18,,,,70.49,130.79,89.35,219.28,0.0,0.91,0.0,,,,,,,,,92430.0,,,,,301460.0,3,2015-07-01,2015-Q3,,,,,,,,,,,Требуется ручная проверка,0,
992,"ЗАО Банк ""Вологдабанк""",2015,60120.0,,,112947.0,,,,,,,,,,,,,,,119554.0,89105.0,,35355.0,7915.0,399493.0,142803.0,9099.0,39658.0,,,,47500.0,47500.0,,,,,,,8668.0,89197.0,3813.0,,2234.0,1157.0,,,,,,,,,,,,,,48757.0,,,,,8.41,8.41,20.43,,,,195.7,134.92,65.38,211.63,0.0,0.84,0.0,,,,,,,,,316312.0,,,,,308412.0,4,2015-10-01,2015-Q4,,,,,,,,,,,Требуется ручная проверка,0,
992,"АО ""Вологдабанк""",2016,60120.0,367555.0,185470.0,112947.0,45346.0,37028.0,,144643.0,69376.0,240667.0,,993051.0,775592.0,1204653.0,162500.0,1042153.0,,12234.0,165709.0,126238.0,,46191.0,11205.0,634092.0,264673.0,9311.0,49649.0,,100000.0,,45000.0,45000.0,,,,,,,8690.0,125671.0,8127.0,,5694.0,3477.0,,,,,,,,,,,,,,58960.0,,,,,5.9,12.03,21.69,,,,128.1,129.6,41.74,164.79,0.0,0.85,0.0,,,,,,,,,273388.0,,,,,385098.0,1,2016-01-01,2016-Q1,,,,,,,,,,,Требуется ручная проверка,0,
992,"АО ""Вологдабанк""",2016,60120.0,360981.0,181141.0,110702.0,117595.0,11196.0,0.0,135843.0,127876.0,542373.0,,956711.0,691290.0,1568699.0,481217.0,1087482.0,,9833.0,47816.0,42993.0,0.0,73.0,1350.0,350698.0,12128.0,471.0,1120.0,,100000.0,,42500.0,42500.0,,,,,,,387.0,34774.0,6886.0,0.0,7675.0,2407.0,,,,,,,,,,,,,,1591.0,,,27713.0,28833.0,6.97,12.39,20.62,,,,136.86,124.01,32.82,142.25,15.19,0.42,0.0,,,,,,,,,360337.0,,,,,410086.0,2,2016-04-01,2016-Q2,,,,,,,,,,,Требуется ручная проверка,0,
992,"АО ""Вологдабанк""",2016,60120.0,,100000.0,62790.0,,,,,,,,,,,,,,,94802.0,84627.0,0.0,141.0,1350.0,746345.0,24025.0,266.0,31946.0,,100000.0,,40000.0,40000.0,,,,,,,388.0,69457.0,15161.0,0.0,16708.0,3471.0,,,,,,,,,,,,,,31680.0,,,88750.0,51261.0,7.02,12.5,21.8,,,,130.79,102.36,26.53,136.95,12.45,0.38,0.0,,,,,,,,,396734.0,,,,,430008.0,3,2016-07-01,2016-Q3,,,,,,,,,,,Требуется ручная проверка,0,
992,"АО ""Вологдабанк""",2016,60120.0,324408.0,192480.0,62790.0,195859.0,99019.0,10000.0,117674.0,192278.0,668287.0,,916250.0,604666.0,1685482.0,497792.0,1187690.0,,9326.0,144316.0,125008.0,0.0,217.0,81916.0,1022332.0,33664.0,6856.0,47441.0,,100000.0,,37500.0,37500.0,,,,,,,388.0,102787.0,25320.0,0.0,25766.0,4035.0,,,,,,,,,,,,,,40585.0,,,86115.0,44615.0,6.33,11.27,19.39,,,,180.4,142.99,30.08,278.2,9.42,0.45,0.0,,,,,,,,,399708.0,,,,,420921.0,4,2016-10-01,2016-Q4,,,,,,,,,,,Требуется ручная проверка,0,
